[
  {
    "model": "admin.logentry",
    "pk": 1,
    "fields": {
      "action_time": "2023-03-08T15:41:43.390Z",
      "user": 1,
      "content_type": 15,
      "object_id": "1",
      "object_repr": "Pesticide",
      "action_flag": 1,
      "change_message": "[{\"added\": {}}]"
    }
  },
  {
    "model": "admin.logentry",
    "pk": 2,
    "fields": {
      "action_time": "2023-03-08T15:45:24.249Z",
      "user": 1,
      "content_type": 9,
      "object_id": "1",
      "object_repr": "Field object (1)",
      "action_flag": 1,
      "change_message": "[{\"added\": {}}]"
    }
  },
  {
    "model": "admin.logentry",
    "pk": 3,
    "fields": {
      "action_time": "2023-03-08T16:09:25.766Z",
      "user": 1,
      "content_type": 9,
      "object_id": "2",
      "object_repr": "EPA Registration Number | Pesticide",
      "action_flag": 1,
      "change_message": "[{\"added\": {}}]"
    }
  },
  {
    "model": "admin.logentry",
    "pk": 4,
    "fields": {
      "action_time": "2023-03-08T16:09:54.658Z",
      "user": 1,
      "content_type": 9,
      "object_id": "1",
      "object_repr": "EPA Registration Number | Pesticide",
      "action_flag": 3,
      "change_message": ""
    }
  },
  {
    "model": "admin.logentry",
    "pk": 5,
    "fields": {
      "action_time": "2023-03-08T16:20:37.514Z",
      "user": 1,
      "content_type": 19,
      "object_id": "1",
      "object_repr": "MaxForce",
      "action_flag": 1,
      "change_message": "[{\"added\": {}}]"
    }
  },
  {
    "model": "admin.logentry",
    "pk": 6,
    "fields": {
      "action_time": "2023-03-08T16:24:30.723Z",
      "user": 1,
      "content_type": 9,
      "object_id": "3",
      "object_repr": "Active Ingredients | Pesticide",
      "action_flag": 1,
      "change_message": "[{\"added\": {}}]"
    }
  },
  {
    "model": "admin.logentry",
    "pk": 7,
    "fields": {
      "action_time": "2023-03-08T16:27:54.984Z",
      "user": 1,
      "content_type": 9,
      "object_id": "3",
      "object_repr": "Active Ingredients | Pesticide",
      "action_flag": 2,
      "change_message": "[{\"changed\": {\"fields\": [\"Validation type\", \"Validation value\"]}}]"
    }
  },
  {
    "model": "admin.logentry",
    "pk": 8,
    "fields": {
      "action_time": "2023-03-08T16:30:51.663Z",
      "user": 1,
      "content_type": 9,
      "object_id": "2",
      "object_repr": "EPA Registration Number | Pesticide",
      "action_flag": 2,
      "change_message": "[{\"changed\": {\"fields\": [\"Validation value\"]}}]"
    }
  },
  {
    "model": "admin.logentry",
    "pk": 9,
    "fields": {
      "action_time": "2023-03-08T16:39:15.528Z",
      "user": 1,
      "content_type": 9,
      "object_id": "3",
      "object_repr": "Active Ingredients | Pesticide",
      "action_flag": 2,
      "change_message": "[{\"changed\": {\"fields\": [\"Validation value\"]}}]"
    }
  },
  {
    "model": "admin.logentry",
    "pk": 10,
    "fields": {
      "action_time": "2023-03-08T22:10:22.678Z",
      "user": 1,
      "content_type": 13,
      "object_id": "1",
      "object_repr": "DoMyOwn",
      "action_flag": 1,
      "change_message": "[{\"added\": {}}]"
    }
  },
  {
    "model": "admin.logentry",
    "pk": 11,
    "fields": {
      "action_time": "2023-03-08T22:10:29.654Z",
      "user": 1,
      "content_type": 12,
      "object_id": "1",
      "object_repr": "Unit object (1)",
      "action_flag": 1,
      "change_message": "[{\"added\": {}}]"
    }
  },
  {
    "model": "admin.logentry",
    "pk": 12,
    "fields": {
      "action_time": "2023-03-08T22:10:48.573Z",
      "user": 1,
      "content_type": 12,
      "object_id": "2",
      "object_repr": "Unit object (2)",
      "action_flag": 1,
      "change_message": "[{\"added\": {}}]"
    }
  },
  {
    "model": "admin.logentry",
    "pk": 13,
    "fields": {
      "action_time": "2023-03-08T22:11:17.884Z",
      "user": 1,
      "content_type": 16,
      "object_id": "1",
      "object_repr": "This Is Useless",
      "action_flag": 1,
      "change_message": "[{\"added\": {}}]"
    }
  },
  {
    "model": "admin.logentry",
    "pk": 14,
    "fields": {
      "action_time": "2023-03-08T22:12:47.689Z",
      "user": 1,
      "content_type": 17,
      "object_id": "1",
      "object_repr": "Maxforce FC Ant Bait Station | MaxForce",
      "action_flag": 1,
      "change_message": "[{\"added\": {}}, {\"added\": {\"name\": \"material field\", \"object\": \"EPA Registration Number: 432-1256\"}}, {\"added\": {\"name\": \"material field\", \"object\": \"Active Ingredients: Fipronil 0.01%\"}}]"
    }
  },
  {
    "model": "admin.logentry",
    "pk": 15,
    "fields": {
      "action_time": "2023-03-08T22:19:10.750Z",
      "user": 1,
      "content_type": 34,
      "object_id": "1",
      "object_repr": "Target object (1)",
      "action_flag": 1,
      "change_message": "[{\"added\": {}}]"
    }
  },
  {
    "model": "admin.logentry",
    "pk": 16,
    "fields": {
      "action_time": "2023-03-08T22:21:36.790Z",
      "user": 1,
      "content_type": 34,
      "object_id": "2",
      "object_repr": "Target object (2)",
      "action_flag": 1,
      "change_message": "[{\"added\": {}}]"
    }
  },
  {
    "model": "admin.logentry",
    "pk": 17,
    "fields": {
      "action_time": "2023-03-08T22:23:12.267Z",
      "user": 1,
      "content_type": 34,
      "object_id": "3",
      "object_repr": "Crawling Insect",
      "action_flag": 1,
      "change_message": "[{\"added\": {}}]"
    }
  },
  {
    "model": "admin.logentry",
    "pk": 18,
    "fields": {
      "action_time": "2023-03-08T22:23:24.956Z",
      "user": 1,
      "content_type": 34,
      "object_id": "3",
      "object_repr": "Crawling Insect",
      "action_flag": 2,
      "change_message": "[{\"changed\": {\"fields\": [\"Description\"]}}]"
    }
  },
  {
    "model": "admin.logentry",
    "pk": 19,
    "fields": {
      "action_time": "2023-03-08T22:23:41.317Z",
      "user": 1,
      "content_type": 34,
      "object_id": "2",
      "object_repr": "Insect",
      "action_flag": 2,
      "change_message": "[{\"changed\": {\"fields\": [\"Description\"]}}]"
    }
  },
  {
    "model": "admin.logentry",
    "pk": 20,
    "fields": {
      "action_time": "2023-03-08T22:23:52.907Z",
      "user": 1,
      "content_type": 34,
      "object_id": "1",
      "object_repr": "Pest",
      "action_flag": 2,
      "change_message": "[{\"changed\": {\"fields\": [\"Description\"]}}]"
    }
  },
  {
    "model": "admin.logentry",
    "pk": 21,
    "fields": {
      "action_time": "2023-03-08T22:24:35.852Z",
      "user": 1,
      "content_type": 34,
      "object_id": "4",
      "object_repr": "Cockroach",
      "action_flag": 1,
      "change_message": "[{\"added\": {}}]"
    }
  },
  {
    "model": "admin.logentry",
    "pk": 22,
    "fields": {
      "action_time": "2023-03-08T22:26:33.664Z",
      "user": 1,
      "content_type": 34,
      "object_id": "5",
      "object_repr": "German Cockroach",
      "action_flag": 1,
      "change_message": "[{\"added\": {}}]"
    }
  },
  {
    "model": "admin.logentry",
    "pk": 23,
    "fields": {
      "action_time": "2023-03-08T22:26:54.605Z",
      "user": 1,
      "content_type": 34,
      "object_id": "6",
      "object_repr": "American Cockroach",
      "action_flag": 1,
      "change_message": "[{\"added\": {}}]"
    }
  },
  {
    "model": "admin.logentry",
    "pk": 24,
    "fields": {
      "action_time": "2023-03-08T22:27:10.606Z",
      "user": 1,
      "content_type": 34,
      "object_id": "7",
      "object_repr": "Oriental Cockroach",
      "action_flag": 1,
      "change_message": "[{\"added\": {}}]"
    }
  },
  {
    "model": "admin.logentry",
    "pk": 25,
    "fields": {
      "action_time": "2023-03-08T22:31:04.009Z",
      "user": 1,
      "content_type": 34,
      "object_id": "8",
      "object_repr": "Flying Insect",
      "action_flag": 1,
      "change_message": "[{\"added\": {}}]"
    }
  },
  {
    "model": "admin.logentry",
    "pk": 26,
    "fields": {
      "action_time": "2023-03-08T22:31:34.703Z",
      "user": 1,
      "content_type": 34,
      "object_id": "4",
      "object_repr": "Cockroach",
      "action_flag": 2,
      "change_message": "[{\"changed\": {\"fields\": [\"Description\"]}}]"
    }
  },
  {
    "model": "admin.logentry",
    "pk": 27,
    "fields": {
      "action_time": "2023-03-08T22:31:43.332Z",
      "user": 1,
      "content_type": 34,
      "object_id": "3",
      "object_repr": "Crawling Insect",
      "action_flag": 2,
      "change_message": "[{\"changed\": {\"fields\": [\"Description\"]}}]"
    }
  },
  {
    "model": "admin.logentry",
    "pk": 28,
    "fields": {
      "action_time": "2023-03-08T22:31:55.430Z",
      "user": 1,
      "content_type": 34,
      "object_id": "2",
      "object_repr": "Insect",
      "action_flag": 2,
      "change_message": "[{\"changed\": {\"fields\": [\"Description\"]}}]"
    }
  },
  {
    "model": "admin.logentry",
    "pk": 29,
    "fields": {
      "action_time": "2023-03-08T22:32:05.019Z",
      "user": 1,
      "content_type": 34,
      "object_id": "1",
      "object_repr": "Pest",
      "action_flag": 2,
      "change_message": "[{\"changed\": {\"fields\": [\"Description\"]}}]"
    }
  },
  {
    "model": "admin.logentry",
    "pk": 30,
    "fields": {
      "action_time": "2023-03-08T22:32:36.539Z",
      "user": 1,
      "content_type": 34,
      "object_id": "9",
      "object_repr": "Mosquito",
      "action_flag": 1,
      "change_message": "[{\"added\": {}}]"
    }
  },
  {
    "model": "admin.logentry",
    "pk": 31,
    "fields": {
      "action_time": "2023-03-08T22:32:48.528Z",
      "user": 1,
      "content_type": 34,
      "object_id": "10",
      "object_repr": "Fruit Fly",
      "action_flag": 1,
      "change_message": "[{\"added\": {}}]"
    }
  },
  {
    "model": "admin.logentry",
    "pk": 32,
    "fields": {
      "action_time": "2023-03-08T22:33:12.895Z",
      "user": 1,
      "content_type": 34,
      "object_id": "11",
      "object_repr": "Wasp",
      "action_flag": 1,
      "change_message": "[{\"added\": {}}]"
    }
  },
  {
    "model": "admin.logentry",
    "pk": 33,
    "fields": {
      "action_time": "2023-03-08T22:34:08.287Z",
      "user": 1,
      "content_type": 34,
      "object_id": "12",
      "object_repr": "Bed Bug",
      "action_flag": 1,
      "change_message": "[{\"added\": {}}]"
    }
  },
  {
    "model": "admin.logentry",
    "pk": 34,
    "fields": {
      "action_time": "2023-03-08T22:35:25.791Z",
      "user": 1,
      "content_type": 34,
      "object_id": "13",
      "object_repr": "Rodent",
      "action_flag": 1,
      "change_message": "[{\"added\": {}}]"
    }
  },
  {
    "model": "admin.logentry",
    "pk": 35,
    "fields": {
      "action_time": "2023-03-08T22:36:15.517Z",
      "user": 1,
      "content_type": 34,
      "object_id": "14",
      "object_repr": "Mouse",
      "action_flag": 1,
      "change_message": "[{\"added\": {}}]"
    }
  },
  {
    "model": "admin.logentry",
    "pk": 36,
    "fields": {
      "action_time": "2023-03-08T22:36:29.834Z",
      "user": 1,
      "content_type": 34,
      "object_id": "15",
      "object_repr": "Rat",
      "action_flag": 1,
      "change_message": "[{\"added\": {}}]"
    }
  },
  {
    "model": "admin.logentry",
    "pk": 37,
    "fields": {
      "action_time": "2023-03-08T22:36:48.932Z",
      "user": 1,
      "content_type": 34,
      "object_id": "16",
      "object_repr": "House Mouse",
      "action_flag": 1,
      "change_message": "[{\"added\": {}}]"
    }
  },
  {
    "model": "admin.logentry",
    "pk": 38,
    "fields": {
      "action_time": "2023-03-08T22:37:05.491Z",
      "user": 1,
      "content_type": 34,
      "object_id": "17",
      "object_repr": "Norway Rat",
      "action_flag": 1,
      "change_message": "[{\"added\": {}}]"
    }
  },
  {
    "model": "admin.logentry",
    "pk": 39,
    "fields": {
      "action_time": "2023-03-08T22:37:24.410Z",
      "user": 1,
      "content_type": 34,
      "object_id": "18",
      "object_repr": "Roof Rat",
      "action_flag": 1,
      "change_message": "[{\"added\": {}}]"
    }
  },
  {
    "model": "auth.permission",
    "pk": 1,
    "fields": {
      "name": "Can add log entry",
      "content_type": 1,
      "codename": "add_logentry"
    }
  },
  {
    "model": "auth.permission",
    "pk": 2,
    "fields": {
      "name": "Can change log entry",
      "content_type": 1,
      "codename": "change_logentry"
    }
  },
  {
    "model": "sessions.session",
    "pk": "kz42jmrz8vsal98v87hrji4l6i1svksq",
    "fields": {
      "session_data": ".eJxVjDsOwjAQBe_iGlnxxvZiSvqcIdqPjQMokfKpEHeHSCmgfTPzXqanba39tuS5H9RcjDOn341JHnncgd5pvE1WpnGdB7a7Yg-62G7S_Lwe7t9BpaV-65aFIUhEnzgTIIK6kgIwFvSaxZ9jbAi0hJiwiYBJQtZEnsUV8K15fwDoxDfi:1pZvsI:jKnpTPmJrHrEc0SNplW5888hyysrjqmOm8ehLZtaiGE",
      "expire_date": "2023-03-22T15:38:42.244Z"
    }
  },
  {
    "model": "sessions.session",
    "pk": "y8ujqh4lme222qmtirtp2wo6dokzna29",
    "fields": {
      "session_data": ".eJxVjDsOwjAQBe_iGlnxxvZiSvqcIdqPjQMokfKpEHeHSCmgfTPzXqanba39tuS5H9RcjDOn341JHnncgd5pvE1WpnGdB7a7Yg-62G7S_Lwe7t9BpaV-65aFIUhEnzgTIIK6kgIwFvSaxZ9jbAi0hJiwiYBJQtZEnsUV8K15fwDoxDfi:1pa4gh:OChtXtriMM78TkzoODF9kG4aJN0vz17ryPbPhjzKEmo",
      "expire_date": "2023-03-23T01:03:19.397Z"
    }
  },
  {
    "model": "sites.site",
    "pk": 1,
    "fields": {
      "domain": "example.com",
      "name": "example.com"
    }
  },
  {
    "model": "inventory.unitcategory",
    "pk": 1,
    "fields": {
      "name": "Length",
      "description": "The measurement of distance between two points. Common units include meters, feet, and inches."
    }
  },
  {
    "model": "inventory.unitcategory",
    "pk": 2,
    "fields": {
      "name": "Mass",
      "description": "The amount of matter in an object. Common units include kilograms, pounds, and grams."
    }
  },
  {
    "model": "inventory.unitcategory",
    "pk": 3,
    "fields": {
      "name": "Volume",
      "description": "The amount of space occupied by an object or substance. Common units include liters, gallons, and cubic meters."
    }
  },
  {
    "model": "inventory.unitcategory",
    "pk": 4,
    "fields": {
      "name": "Time",
      "description": "The duration or interval between two events. Common units include seconds, minutes, and hours."
    }
  },
  {
    "model": "inventory.unitcategory",
    "pk": 5,
    "fields": {
      "name": "Temperature",
      "description": "The degree of hotness or coldness of an object or substance. Common units include Celsius, Fahrenheit, and Kelvin."
    }
  },
  {
    "model": "inventory.unitcategory",
    "pk": 6,
    "fields": {
      "name": "Energy",
      "description": "The ability to do work or cause a change. Common units include joules, calories, and kilowatt-hours."
    }
  },
  {
    "model": "inventory.unitcategory",
    "pk": 7,
    "fields": {
      "name": "Pressure",
      "description": "The force per unit area exerted by a substance. Common units include pascals, atmospheres, and pounds per square inch."
    }
  },
  {
    "model": "inventory.unitcategory",
    "pk": 8,
    "fields": {
      "name": "Electric Current",
      "description": "The flow of electric charge in a circuit. Common units include amperes and milliamperes."
    }
  },
  {
    "model": "inventory.unitcategory",
    "pk": 9,
    "fields": {
      "name": "Frequency",
      "description": "The number of occurrences of a repeating event per unit time. Common units include hertz and megahertz."
    }
  },
  {
    "model": "inventory.unitcategory",
    "pk": 10,
    "fields": {
      "name": "Angle",
      "description": "The measurement of the space between two intersecting lines or planes. Common units include degrees, radians, and gradians."
    }
  },
  {
    "model": "inventory.unit",
    "pk": 1,
    "fields": {
      "name": "Meter",
      "abbreviation": "m",
      "conversion_factor": "1.00000",
      "display_format": null,
      "category": 1,
      "is_metric": true
    }
  },
  {
    "model": "inventory.unit",
    "pk": 2,
    "fields": {
      "name": "Centimeter",
      "abbreviation": "cm",
      "conversion_factor": "0.01000",
      "display_format": null,
      "category": 1,
      "is_metric": true
    }
  },
  {
    "model": "inventory.unit",
    "pk": 3,
    "fields": {
      "name": "Inch",
      "abbreviation": "in",
      "conversion_factor": "0.02540",
      "display_format": null,
      "category": 1,
      "is_metric": false
    }
  },
  {
    "model": "inventory.unit",
    "pk": 4,
    "fields": {
      "name": "Foot",
      "abbreviation": "ft",
      "conversion_factor": "0.30480",
      "display_format": null,
      "category": 1,
      "is_metric": false
    }
  },
  {
    "model": "inventory.unit",
    "pk": 5,
    "fields": {
      "name": "Milligram",
      "abbreviation": "mg",
      "conversion_factor": "0.00000",
      "display_format": null,
      "category": 2,
      "is_metric": true
    }
  },
  {
    "model": "inventory.unit",
    "pk": 6,
    "fields": {
      "name": "Gram",
      "abbreviation": "g",
      "conversion_factor": "0.00100",
      "display_format": null,
      "category": 2,
      "is_metric": true
    }
  },
  {
    "model": "inventory.unit",
    "pk": 7,
    "fields": {
      "name": "Ounce",
      "abbreviation": "oz",
      "conversion_factor": "0.02835",
      "display_format": null,
      "category": 2,
      "is_metric": false
    }
  },
  {
    "model": "inventory.unit",
    "pk": 8,
    "fields": {
      "name": "Pound",
      "abbreviation": "lb",
      "conversion_factor": "0.45359",
      "display_format": null,
      "category": 2,
      "is_metric": false
    }
  },
  {
    "model": "inventory.unit",
    "pk": 9,
    "fields": {
      "name": "Liter",
      "abbreviation": "L",
      "conversion_factor": "1.00000",
      "display_format": null,
      "category": 3,
      "is_metric": true
    }
  },
  {
    "model": "inventory.unit",
    "pk": 10,
    "fields": {
      "name": "Milliliter",
      "abbreviation": "mL",
      "conversion_factor": "0.00100",
      "display_format": null,
      "category": 3,
      "is_metric": true
    }
  },
  {
    "model": "inventory.vendor",
    "pk": 1,
    "fields": {
      "name": "DoMyOwn",
      "active": true,
      "delivery_time": 7,
      "website": "https://www.domyown.com/"
    }
  },
  {
    "model": "inventory.materialcategory",
    "pk": 1,
    "fields": {
      "name": "Pesticide",
      "description": "Pesticide, as defined by the EPA, is any substance or mixture of substances intended to prevent, destroy, repel or mitigate any pest, including insects, rodents, weeds, fungi, and other organisms that can harm human health, the environment, or the economy.",
      "parent": null,
      "lft": 1,
      "rght": 2,
      "tree_id": 1,
      "level": 0
    }
  },
  {
    "model": "inventory.materialtype",
    "pk": 1,
    "fields": {
      "name": "This Is Useless"
    }
  },
  {
    "model": "inventory.material",
    "pk": 1,
    "fields": {
      "name": "Maxforce FC Ant Bait Station",
      "description": "Maxforce FC Ant Bait Stations are all about fast control and secondary kill. Due to Fipronil and its accelerated Domino Effect kill, Maxforce Ant Bait Stations start to kill ants in just six hours. Tests show 90% population reductions in just four days for ants. This product is more of a protein-based bait. We recommend using these bait stations along with a gel bait which is mostly a source of sugar since ants could be in the mood for either protein or sugar. Gels and stations provide different dietary needs for ants. The ants may eat the gel, or bait stations, or both. And their diet may change frequently between gels and the bait stations. It is better to provide them with both for an optimum kill.",
      "brand": 1,
      "active": true,
      "material_type": 1,
      "category": 1,
      "is_taxable": true,
      "is_active": true,
      "is_product": false,
      "product_sell_price": "0.00",
      "material_sell_price": "0.00",
      "preferred_vendor": 1,
      "usage_unit": 1,
      "retail_unit": 2,
      "min_stock": 0,
      "max_stock": 0
    }
  },
  {
    "model": "inventory.brand",
    "pk": 1,
    "fields": {
      "name": "MaxForce"
    }
  },
  {
    "model": "inventory.target",
    "pk": 1,
    "fields": {
      "name": "Pest",
      "description": "Unwanted organism, such as insects, rodents, or weeds, that can cause harm or damage.",
      "parent": null,
      "lft": 1,
      "rght": 36,
      "tree_id": 1,
      "level": 0
    }
  },
  {
    "model": "inventory.target",
    "pk": 2,
    "fields": {
      "name": "Insect",
      "description": "A class of arthropods with three body segments, six legs, and wings in some species.",
      "parent": 1,
      "lft": 2,
      "rght": 23,
      "tree_id": 1,
      "level": 1
    }
  },
  {
    "model": "inventory.target",
    "pk": 3,
    "fields": {
      "name": "Crawling Insect",
      "description": "A type of insect that moves around on its legs and body, such as ants, cockroaches, and bed bugs.",
      "parent": 2,
      "lft": 3,
      "rght": 14,
      "tree_id": 1,
      "level": 2
    }
  },
  {
    "model": "inventory.target",
    "pk": 4,
    "fields": {
      "name": "Cockroach",
      "description": "A type of crawling insect that is flattened, has long antennae and legs, and is known for its ability to adapt to various environments.",
      "parent": 3,
      "lft": 4,
      "rght": 11,
      "tree_id": 1,
      "level": 3
    }
  },
  {
    "model": "inventory.target",
    "pk": 5,
    "fields": {
      "name": "German Cockroach",
      "description": "Small light brown or tan insect, with two black stripes on its back. Often found in kitchens, bathrooms, and other areas with moisture.",
      "parent": 4,
      "lft": 5,
      "rght": 6,
      "tree_id": 1,
      "level": 4
    }
  },
  {
    "model": "inventory.target",
    "pk": 6,
    "fields": {
      "name": "American Cockroach",
      "description": "Large reddish-brown insect, with a yellowish figure-8 pattern on its head. Often found in commercial and residential buildings.",
      "parent": 4,
      "lft": 7,
      "rght": 8,
      "tree_id": 1,
      "level": 4
    }
  },
  {
    "model": "inventory.target",
    "pk": 7,
    "fields": {
      "name": "Oriental Cockroach",
      "description": "Dark brown or black insect, with a shiny appearance. Often found in damp areas, such as basements and sewers.",
      "parent": 4,
      "lft": 9,
      "rght": 10,
      "tree_id": 1,
      "level": 4
    }
  },
  {
    "model": "inventory.target",
    "pk": 8,
    "fields": {
      "name": "Flying Insect",
      "description": "A type of insect that has wings and can fly, such as flies, mosquitoes, and wasps.",
      "parent": 2,
      "lft": 15,
      "rght": 22,
      "tree_id": 1,
      "level": 2
    }
  },
  {
    "model": "inventory.target",
    "pk": 9,
    "fields": {
      "name": "Mosquito",
      "description": "Small flying insect with long legs, a slender body, and elongated mouthparts used to feed on blood. Can transmit diseases to humans and animals.",
      "parent": 8,
      "lft": 16,
      "rght": 17,
      "tree_id": 1,
      "level": 3
    }
  },
  {
    "model": "inventory.target",
    "pk": 10,
    "fields": {
      "name": "Fruit Fly",
      "description": "Small flying insect with a tan or brown body and red eyes. Often found near ripe or decaying fruits and vegetables.",
      "parent": 8,
      "lft": 18,
      "rght": 19,
      "tree_id": 1,
      "level": 3
    }
  },
  {
    "model": "inventory.target",
    "pk": 11,
    "fields": {
      "name": "Wasp",
      "description": "Flying insect with a slender body and two pairs of wings. Can sting multiple times and cause allergic reactions.",
      "parent": 8,
      "lft": 20,
      "rght": 21,
      "tree_id": 1,
      "level": 3
    }
  },
  {
    "model": "inventory.target",
    "pk": 12,
    "fields": {
      "name": "Bed Bug",
      "description": "Small, reddish-brown insects that feed on blood and are often found in homes, hotels, and other areas where people sleep.",
      "parent": 3,
      "lft": 12,
      "rght": 13,
      "tree_id": 1,
      "level": 3
    }
  },
  {
    "model": "inventory.target",
    "pk": 13,
    "fields": {
      "name": "Rodent",
      "description": "A type of mammal characterized by their continuously growing incisors and their ability to gnaw on various materials. They can be pests and pose health risks, as they can transmit diseases and cause damage to property.",
      "parent": 1,
      "lft": 24,
      "rght": 35,
      "tree_id": 1,
      "level": 1
    }
  },
  {
    "model": "inventory.target",
    "pk": 14,
    "fields": {
      "name": "Mouse",
      "description": "A small, light brown or gray rodent with a pointed nose and large ears. They are characterized by their continuously growing incisors and their ability to gnaw on various materials. Often found in homes, restaurants, and other areas with food sources.",
      "parent": 13,
      "lft": 25,
      "rght": 28,
      "tree_id": 1,
      "level": 2
    }
  },
  {
    "model": "inventory.target",
    "pk": 15,
    "fields": {
      "name": "Rat",
      "description": "A larger rodent with a blunt nose and small ears. They are characterized by their continuously growing incisors and their ability to gnaw on various materials. Often found in basements, sewers, and other areas with moisture.",
      "parent": 13,
      "lft": 29,
      "rght": 34,
      "tree_id": 1,
      "level": 2
    }
  },
  {
    "model": "inventory.target",
    "pk": 16,
    "fields": {
      "name": "House Mouse",
      "description": "Small, light brown or gray rodent with a pointed nose and large ears. Often found in homes, restaurants, and other areas with food sources.",
      "parent": 14,
      "lft": 26,
      "rght": 27,
      "tree_id": 1,
      "level": 3
    }
  },
  {
    "model": "inventory.target",
    "pk": 17,
    "fields": {
      "name": "Norway Rat",
      "description": "Large, brown or gray rodent with a blunt nose and small ears. Often found in basements, sewers, and other areas with moisture.",
      "parent": 15,
      "lft": 30,
      "rght": 31,
      "tree_id": 1,
      "level": 3
    }
  },
  {
    "model": "inventory.target",
    "pk": 18,
    "fields": {
      "name": "Roof Rat",
      "description": "Smaller, dark brown or black rodent with a pointed nose and large ears. Often found in attics, trees, and other elevated areas.",
      "parent": 15,
      "lft": 32,
      "rght": 33,
      "tree_id": 1,
      "level": 3
    }
  },
  {
    "model": "users.historicaluser",
    "pk": 1,
    "fields": {
      "id": 1,
      "password": "pbkdf2_sha256$320000$JKn6k256FfJq96TJic8RkV$RTj/Tfy1zIcvXCB4FmDYbndE8FXWrd0gEc2DKLFYEb8=",
      "last_login": null,
      "is_superuser": true,
      "username": "mareks",
      "first_name": "",
      "last_name": "",
      "email": "schir2@gmail.com",
      "is_staff": true,
      "is_active": true,
      "date_joined": "2023-03-08T15:38:37.275Z",
      "history_date": "2023-03-08T15:38:37.373Z",
      "history_change_reason": null,
      "history_type": "+",
      "history_user": null
    }
  },
  {
    "model": "users.historicaluser",
    "pk": 2,
    "fields": {
      "id": 1,
      "password": "pbkdf2_sha256$320000$JKn6k256FfJq96TJic8RkV$RTj/Tfy1zIcvXCB4FmDYbndE8FXWrd0gEc2DKLFYEb8=",
      "last_login": "2023-03-08T15:38:42.231Z",
      "is_superuser": true,
      "username": "mareks",
      "first_name": "",
      "last_name": "",
      "email": "schir2@gmail.com",
      "is_staff": true,
      "is_active": true,
      "date_joined": "2023-03-08T15:38:37.275Z",
      "history_date": "2023-03-08T15:38:42.236Z",
      "history_change_reason": null,
      "history_type": "~",
      "history_user": null
    }
  },
  {
    "model": "users.historicaluser",
    "pk": 3,
    "fields": {
      "id": 1,
      "password": "pbkdf2_sha256$320000$JKn6k256FfJq96TJic8RkV$RTj/Tfy1zIcvXCB4FmDYbndE8FXWrd0gEc2DKLFYEb8=",
      "last_login": "2023-03-09T01:03:19.391Z",
      "is_superuser": true,
      "username": "mareks",
      "first_name": "",
      "last_name": "",
      "email": "schir2@gmail.com",
      "is_staff": true,
      "is_active": true,
      "date_joined": "2023-03-08T15:38:37.275Z",
      "history_date": "2023-03-09T01:03:19.394Z",
      "history_change_reason": null,
      "history_type": "~",
      "history_user": null
    }
  },
  {
    "model": "users.user",
    "pk": 1,
    "fields": {
      "password": "pbkdf2_sha256$320000$JKn6k256FfJq96TJic8RkV$RTj/Tfy1zIcvXCB4FmDYbndE8FXWrd0gEc2DKLFYEb8=",
      "last_login": "2023-03-09T01:03:19.391Z",
      "is_superuser": true,
      "username": "mareks",
      "first_name": "",
      "last_name": "",
      "email": "schir2@gmail.com",
      "is_staff": true,
      "is_active": true,
      "date_joined": "2023-03-08T15:38:37.275Z",
      "groups": [],
      "user_permissions": []
    }
  }
]