[
{
    "model": "contenttypes.contenttype",
    "fields": {
        "app_label": "admin",
        "model": "logentry"
    }
},
{
    "model": "contenttypes.contenttype",
    "fields": {
        "app_label": "auth",
        "model": "permission"
    }
},
{
    "model": "contenttypes.contenttype",
    "fields": {
        "app_label": "auth",
        "model": "group"
    }
},
{
    "model": "contenttypes.contenttype",
    "fields": {
        "app_label": "contenttypes",
        "model": "contenttype"
    }
},
{
    "model": "contenttypes.contenttype",
    "fields": {
        "app_label": "sessions",
        "model": "session"
    }
},
{
    "model": "contenttypes.contenttype",
    "fields": {
        "app_label": "sites",
        "model": "site"
    }
},
{
    "model": "contenttypes.contenttype",
    "fields": {
        "app_label": "authtoken",
        "model": "token"
    }
},
{
    "model": "contenttypes.contenttype",
    "fields": {
        "app_label": "authtoken",
        "model": "tokenproxy"
    }
},
{
    "model": "contenttypes.contenttype",
    "fields": {
        "app_label": "inventory",
        "model": "brand"
    }
},
{
    "model": "contenttypes.contenttype",
    "fields": {
        "app_label": "inventory",
        "model": "equipment"
    }
},
{
    "model": "contenttypes.contenttype",
    "fields": {
        "app_label": "inventory",
        "model": "equipmentitem"
    }
},
{
    "model": "contenttypes.contenttype",
    "fields": {
        "app_label": "inventory",
        "model": "equipmentclass"
    }
},
{
    "model": "contenttypes.contenttype",
    "fields": {
        "app_label": "inventory",
        "model": "equipmentcategory"
    }
},
{
    "model": "contenttypes.contenttype",
    "fields": {
        "app_label": "inventory",
        "model": "equipmentfield"
    }
},
{
    "model": "contenttypes.contenttype",
    "fields": {
        "app_label": "inventory",
        "model": "condition"
    }
},
{
    "model": "contenttypes.contenttype",
    "fields": {
        "app_label": "inventory",
        "model": "vendor"
    }
},
{
    "model": "contenttypes.contenttype",
    "fields": {
        "app_label": "inventory",
        "model": "vendormaterial"
    }
},
{
    "model": "contenttypes.contenttype",
    "fields": {
        "app_label": "inventory",
        "model": "material"
    }
},
{
    "model": "contenttypes.contenttype",
    "fields": {
        "app_label": "inventory",
        "model": "materialcategory"
    }
},
{
    "model": "contenttypes.contenttype",
    "fields": {
        "app_label": "inventory",
        "model": "materialclass"
    }
},
{
    "model": "contenttypes.contenttype",
    "fields": {
        "app_label": "inventory",
        "model": "materialclassmembership"
    }
},
{
    "model": "contenttypes.contenttype",
    "fields": {
        "app_label": "inventory",
        "model": "materialfield"
    }
},
{
    "model": "contenttypes.contenttype",
    "fields": {
        "app_label": "inventory",
        "model": "stocklocation"
    }
},
{
    "model": "contenttypes.contenttype",
    "fields": {
        "app_label": "users",
        "model": "user"
    }
},
{
    "model": "contenttypes.contenttype",
    "fields": {
        "app_label": "users",
        "model": "profile"
    }
},
{
    "model": "contenttypes.contenttype",
    "fields": {
        "app_label": "users",
        "model": "historicaluser"
    }
},
{
    "model": "contenttypes.contenttype",
    "fields": {
        "app_label": "common",
        "model": "address"
    }
},
{
    "model": "contenttypes.contenttype",
    "fields": {
        "app_label": "common",
        "model": "attachment"
    }
},
{
    "model": "contenttypes.contenttype",
    "fields": {
        "app_label": "common",
        "model": "contact"
    }
},
{
    "model": "contenttypes.contenttype",
    "fields": {
        "app_label": "common",
        "model": "contactphonenumber"
    }
},
{
    "model": "contenttypes.contenttype",
    "fields": {
        "app_label": "common",
        "model": "contactemail"
    }
},
{
    "model": "contenttypes.contenttype",
    "fields": {
        "app_label": "common",
        "model": "document"
    }
},
{
    "model": "contenttypes.contenttype",
    "fields": {
        "app_label": "common",
        "model": "field"
    }
},
{
    "model": "contenttypes.contenttype",
    "fields": {
        "app_label": "common",
        "model": "target"
    }
},
{
    "model": "contenttypes.contenttype",
    "fields": {
        "app_label": "common",
        "model": "unitcategory"
    }
},
{
    "model": "contenttypes.contenttype",
    "fields": {
        "app_label": "common",
        "model": "unit"
    }
},
{
    "model": "contenttypes.contenttype",
    "fields": {
        "app_label": "customers",
        "model": "customer"
    }
},
{
    "model": "contenttypes.contenttype",
    "fields": {
        "app_label": "customers",
        "model": "customercontact"
    }
},
{
    "model": "contenttypes.contenttype",
    "fields": {
        "app_label": "customers",
        "model": "servicelocation"
    }
},
{
    "model": "contenttypes.contenttype",
    "fields": {
        "app_label": "customers",
        "model": "billinglocation"
    }
},
{
    "model": "contenttypes.contenttype",
    "fields": {
        "app_label": "orders",
        "model": "warranty"
    }
},
{
    "model": "contenttypes.contenttype",
    "fields": {
        "app_label": "orders",
        "model": "service"
    }
},
{
    "model": "contenttypes.contenttype",
    "fields": {
        "app_label": "orders",
        "model": "pricingscheme"
    }
},
{
    "model": "contenttypes.contenttype",
    "fields": {
        "app_label": "orders",
        "model": "requiredservicematerial"
    }
},
{
    "model": "contenttypes.contenttype",
    "fields": {
        "app_label": "orders",
        "model": "requiredserviceequipment"
    }
},
{
    "model": "contenttypes.contenttype",
    "fields": {
        "app_label": "orders",
        "model": "suggestedservicematerial"
    }
},
{
    "model": "contenttypes.contenttype",
    "fields": {
        "app_label": "orders",
        "model": "serviceproduct"
    }
},
{
    "model": "contenttypes.contenttype",
    "fields": {
        "app_label": "orders",
        "model": "servicematerialclass"
    }
},
{
    "model": "contenttypes.contenttype",
    "fields": {
        "app_label": "orders",
        "model": "servicewarranty"
    }
},
{
    "model": "contenttypes.contenttype",
    "fields": {
        "app_label": "inventory",
        "model": "customer"
    }
},
{
    "model": "contenttypes.contenttype",
    "fields": {
        "app_label": "inventory",
        "model": "unitcategory"
    }
},
{
    "model": "contenttypes.contenttype",
    "fields": {
        "app_label": "inventory",
        "model": "unit"
    }
},
{
    "model": "contenttypes.contenttype",
    "fields": {
        "app_label": "inventory",
        "model": "target"
    }
},
{
    "model": "contenttypes.contenttype",
    "fields": {
        "app_label": "inventory",
        "model": "servicelocation"
    }
},
{
    "model": "contenttypes.contenttype",
    "fields": {
        "app_label": "inventory",
        "model": "customercontact"
    }
},
{
    "model": "contenttypes.contenttype",
    "fields": {
        "app_label": "common",
        "model": "email"
    }
},
{
    "model": "contenttypes.contenttype",
    "fields": {
        "app_label": "common",
        "model": "location"
    }
},
{
    "model": "contenttypes.contenttype",
    "fields": {
        "app_label": "common",
        "model": "phonenumber"
    }
},
{
    "model": "contenttypes.contenttype",
    "fields": {
        "app_label": "inventory",
        "model": "pricingscheme"
    }
},
{
    "model": "contenttypes.contenttype",
    "fields": {
        "app_label": "inventory",
        "model": "requiredservicematerial"
    }
},
{
    "model": "contenttypes.contenttype",
    "fields": {
        "app_label": "inventory",
        "model": "service"
    }
},
{
    "model": "contenttypes.contenttype",
    "fields": {
        "app_label": "inventory",
        "model": "warrantytemplate"
    }
},
{
    "model": "contenttypes.contenttype",
    "fields": {
        "app_label": "inventory",
        "model": "warranty"
    }
},
{
    "model": "contenttypes.contenttype",
    "fields": {
        "app_label": "inventory",
        "model": "suggestedservicematerial"
    }
},
{
    "model": "contenttypes.contenttype",
    "fields": {
        "app_label": "inventory",
        "model": "serviceproduct"
    }
},
{
    "model": "contenttypes.contenttype",
    "fields": {
        "app_label": "inventory",
        "model": "servicematerialclass"
    }
},
{
    "model": "contenttypes.contenttype",
    "fields": {
        "app_label": "common",
        "model": "emailtype"
    }
},
{
    "model": "contenttypes.contenttype",
    "fields": {
        "app_label": "common",
        "model": "phonenumbertype"
    }
},
{
    "model": "sessions.session",
    "pk": "0q9ipfgyf1aui32veaqod18l50srrnkx",
    "fields": {
        "session_data": ".eJxVjMsOwiAQRf-FtSHAAAWX7v0GMsNDqgaS0q6M_65NutDtPefcFwu4rTVsIy9hTuzMJDv9boTxkdsO0h3brfPY27rMxHeFH3Twa0_5eTncv4OKo35rBGn0ZA04jN6nIrzwWkEkQHIFiRCE98oK7YyMKChZpXJSQpbJOAXs_QHNcDcw:1pegef:ADKyyu4o8hrvfbIgWp_nDIU9pRF2PGXSH7pyV1lMuP8",
        "expire_date": "2023-04-04T18:24:17.963Z"
    }
},
{
    "model": "sessions.session",
    "pk": "6py5zrbqnfxsentsadh5hm4unsa3jxrl",
    "fields": {
        "session_data": ".eJxVjMsOwiAQRf-FtSHAAAWX7v0GMsNDqgaS0q6M_65NutDtPefcFwu4rTVsIy9hTuzMJDv9boTxkdsO0h3brfPY27rMxHeFH3Twa0_5eTncv4OKo35rBGn0ZA04jN6nIrzwWkEkQHIFiRCE98oK7YyMKChZpXJSQpbJOAXs_QHNcDcw:1pehMI:LjiNodHtC73oTjJE6DhOeN3hdrA5QfYDQphfxSV1hOs",
        "expire_date": "2023-04-04T19:09:22.412Z"
    }
},
{
    "model": "sessions.session",
    "pk": "k109unhjmgjmcuesfqz1ac32zd1er8rk",
    "fields": {
        "session_data": ".eJxVjMsOwiAQRf-FtSHAAAWX7v0GMsNDqgaS0q6M_65NutDtPefcFwu4rTVsIy9hTuzMJDv9boTxkdsO0h3brfPY27rMxHeFH3Twa0_5eTncv4OKo35rBGn0ZA04jN6nIrzwWkEkQHIFiRCE98oK7YyMKChZpXJSQpbJOAXs_QHNcDcw:1paKLX:BXL_rFfiEbWNTy7ams1y6i2-02WQjBWyTW0rJ6vHZoM",
        "expire_date": "2023-03-23T17:46:31.238Z"
    }
},
{
    "model": "sessions.session",
    "pk": "sm1nhzxwi5ffmverjbsqygad6boha63v",
    "fields": {
        "session_data": ".eJxVjMsOwiAQRf-FtSHAAAWX7v0GMsNDqgaS0q6M_65NutDtPefcFwu4rTVsIy9hTuzMJDv9boTxkdsO0h3brfPY27rMxHeFH3Twa0_5eTncv4OKo35rBGn0ZA04jN6nIrzwWkEkQHIFiRCE98oK7YyMKChZpXJSQpbJOAXs_QHNcDcw:1paKF7:uG0UAknMMtNm4glX_lphkCfpXB-cDHNz4jjBcK_mxK4",
        "expire_date": "2023-03-23T17:39:53.353Z"
    }
},
{
    "model": "sessions.session",
    "pk": "y8ujqh4lme222qmtirtp2wo6dokzna29",
    "fields": {
        "session_data": ".eJxVjDsOwjAQBe_iGlnxxvZiSvqcIdqPjQMokfKpEHeHSCmgfTPzXqanba39tuS5H9RcjDOn341JHnncgd5pvE1WpnGdB7a7Yg-62G7S_Lwe7t9BpaV-65aFIUhEnzgTIIK6kgIwFvSaxZ9jbAi0hJiwiYBJQtZEnsUV8K15fwDoxDfi:1pa4gh:OChtXtriMM78TkzoODF9kG4aJN0vz17ryPbPhjzKEmo",
        "expire_date": "2023-03-23T01:03:19.397Z"
    }
},
{
    "model": "sites.site",
    "fields": {
        "domain": "example.com",
        "name": "example.com"
    }
},
{
    "model": "inventory.brand",
    "pk": 1,
    "fields": {
        "name": "MaxForce"
    }
},
{
    "model": "inventory.brand",
    "pk": 2,
    "fields": {
        "name": "Unspecified"
    }
},
{
    "model": "inventory.equipmentclass",
    "pk": 1,
    "fields": {
        "name": "B&G Tank"
    }
},
{
    "model": "inventory.equipmentcategory",
    "pk": 1,
    "fields": {
        "name": "Pesticide Applicator",
        "description": "Equipment that is designed specifically for the application of pesticides",
        "parent": null,
        "lft": 1,
        "rght": 2,
        "tree_id": 1,
        "level": 0
    }
},
{
    "model": "inventory.condition",
    "pk": 1,
    "fields": {
        "name": "Working",
        "description": "Working",
        "action_collect": true,
        "action_decommission": true,
        "action_deploy": true,
        "action_store": true,
        "action_transfer": true,
        "action_withdraw": true
    }
},
{
    "model": "inventory.vendor",
    "pk": 1,
    "fields": {
        "name": "DoMyOwn",
        "is_active": true,
        "delivery_time": 7,
        "website": "https://www.domyown.com/"
    }
},
{
    "model": "inventory.material",
    "pk": 1,
    "fields": {
        "name": "Maxforce FC Ant Bait Station",
        "description": "Maxforce FC Ant Bait Stations are all about fast control and secondary kill. Due to Fipronil and its accelerated Domino Effect kill, Maxforce Ant Bait Stations start to kill ants in just six hours. Tests show 90% population reductions in just four days for ants. This product is more of a protein-based bait. We recommend using these bait stations along with a gel bait which is mostly a source of sugar since ants could be in the mood for either protein or sugar. Gels and stations provide different dietary needs for ants. The ants may eat the gel, or bait stations, or both. And their diet may change frequently between gels and the bait stations. It is better to provide them with both for an optimum kill.",
        "brand": 1,
        "category": 1,
        "is_taxable": true,
        "is_active": true,
        "is_product": false,
        "product_sell_price": "0.00",
        "material_sell_price": "0.00",
        "preferred_vendor": 1,
        "usage_unit": 1,
        "retail_unit": 2,
        "min_stock": 0,
        "max_stock": 0,
        "targets": [
            1
        ]
    }
},
{
    "model": "inventory.materialcategory",
    "pk": 1,
    "fields": {
        "name": "Pesticide",
        "description": "Pesticide, as defined by the EPA, is any substance or mixture of substances intended to prevent, destroy, repel or mitigate any pest, including insects, rodents, weeds, fungi, and other organisms that can harm human health, the environment, or the economy.",
        "parent": null,
        "lft": 1,
        "rght": 2,
        "tree_id": 1,
        "level": 0
    }
},
{
    "model": "inventory.materialclass",
    "pk": 1,
    "fields": {
        "name": "This Is Useless",
        "description": "Unknown"
    }
},
{
    "model": "inventory.stocklocation",
    "pk": 1,
    "fields": {
        "name": "LIC Office",
        "status": "Active",
        "location": 1
    }
},
{
    "model": "users.user",
    "fields": {
        "password": "pbkdf2_sha256$390000$FXC9mVNJ5J5XKZxlEmUZG8$rWMXiSUKBZptToU3Tt4Qwz5tICO96bot5npceyIvvQ4=",
        "last_login": "2023-03-21T19:09:22.406Z",
        "is_superuser": true,
        "username": "mareks",
        "first_name": "",
        "last_name": "",
        "email": "schir2@gmail.com",
        "is_staff": true,
        "is_active": true,
        "date_joined": "2023-03-08T15:38:37.275Z",
        "groups": [],
        "user_permissions": []
    }
},
{
    "model": "common.address",
    "pk": 1,
    "fields": {
        "name": "LIC Office",
        "street_address": "3927 29th Street",
        "address_line_2": "",
        "city": "Long Island City",
        "state": "New York",
        "postal_code": "11101",
        "latitude": null,
        "longitude": null
    }
},
{
    "model": "common.address",
    "pk": 2,
    "fields": {
        "name": "Marek Schir",
        "street_address": "3927 29th Street",
        "address_line_2": "",
        "city": "Long Island City",
        "state": "New York",
        "postal_code": "11101",
        "latitude": null,
        "longitude": null
    }
},
{
    "model": "common.address",
    "pk": 3,
    "fields": {
        "name": "Marek Schir",
        "street_address": "3927 29th Street",
        "address_line_2": "",
        "city": "Long Island City",
        "state": "NY",
        "postal_code": "11101",
        "latitude": null,
        "longitude": null
    }
},
{
    "model": "common.address",
    "pk": 4,
    "fields": {
        "name": "Office",
        "street_address": "3927 29th Street",
        "address_line_2": "",
        "city": "Long Island City",
        "state": "NY",
        "postal_code": "11101",
        "latitude": null,
        "longitude": null
    }
},
{
    "model": "common.address",
    "pk": 5,
    "fields": {
        "name": "Office",
        "street_address": "3927 29th Street",
        "address_line_2": "",
        "city": "Long Island City",
        "state": "New York",
        "postal_code": "11101",
        "latitude": null,
        "longitude": null
    }
},
{
    "model": "common.contact",
    "pk": 1,
    "fields": {
        "first_name": "Marek",
        "last_name": "Schir",
        "preferred_contact_method": "PHONE"
    }
},
{
    "model": "common.contactphonenumber",
    "pk": 1,
    "fields": {
        "contact": 1,
        "phone_number": "+17189093737",
        "phone_type": null,
        "is_primary": true
    }
},
{
    "model": "common.contactphonenumber",
    "pk": 2,
    "fields": {
        "contact": 1,
        "phone_number": "+12122198218",
        "phone_type": null,
        "is_primary": false
    }
},
{
    "model": "common.contactemail",
    "pk": 1,
    "fields": {
        "contact": 1,
        "email": "schir2@gmail.com",
        "email_type": null,
        "is_primary": false
    }
},
{
    "model": "common.field",
    "pk": 1,
    "fields": {
        "name": "EEPA Registration Number",
        "description": "EPA Registration Number",
        "content_type": [
            "inventory",
            "materialcategory"
        ],
        "object_id": 1,
        "field_type": "TEXT_FIELD",
        "validation_type": "REGEX",
        "validation_value": "^\\d{3}-\\d{8}$",
        "default_value": null,
        "is_required": true
    }
},
{
    "model": "common.field",
    "pk": 2,
    "fields": {
        "name": "Size",
        "description": "Size",
        "content_type": [
            "inventory",
            "equipmentcategory"
        ],
        "object_id": 1,
        "field_type": "SELECT",
        "validation_type": "LIST",
        "validation_value": "Small|Medium|Large",
        "default_value": "Medium",
        "is_required": true
    }
},
{
    "model": "common.field",
    "pk": 3,
    "fields": {
        "name": "Pests",
        "description": "Target Pests",
        "content_type": [
            "inventory",
            "materialcategory"
        ],
        "object_id": 1,
        "field_type": "TEXT_FIELD",
        "validation_type": "REGEX",
        "validation_value": "^[^,]*(,[^,]*)*$",
        "default_value": null,
        "is_required": true
    }
},
{
    "model": "common.field",
    "pk": 4,
    "fields": {
        "name": "Sites",
        "description": "Target Sites",
        "content_type": [
            "inventory",
            "materialcategory"
        ],
        "object_id": 1,
        "field_type": "TEXT_FIELD",
        "validation_type": "REGEX",
        "validation_value": "^[^,]*(,[^,]*)*$",
        "default_value": null,
        "is_required": true
    }
},
{
    "model": "common.field",
    "pk": 5,
    "fields": {
        "name": "Active Ingredients",
        "description": "Active Ingredients",
        "content_type": [
            "inventory",
            "materialcategory"
        ],
        "object_id": 1,
        "field_type": "TEXT_FIELD",
        "validation_type": "NONE",
        "validation_value": "",
        "default_value": null,
        "is_required": false
    }
},
{
    "model": "common.target",
    "pk": 1,
    "fields": {
        "name": "Pest",
        "description": "Unwanted organism, such as insects, rodents, or weeds, that can cause harm or damage.",
        "parent": null,
        "lft": 1,
        "rght": 36,
        "tree_id": 1,
        "level": 0
    }
},
{
    "model": "common.target",
    "pk": 2,
    "fields": {
        "name": "Insect",
        "description": "A class of arthropods with three body segments, six legs, and wings in some species.",
        "parent": 1,
        "lft": 2,
        "rght": 23,
        "tree_id": 1,
        "level": 1
    }
},
{
    "model": "common.target",
    "pk": 3,
    "fields": {
        "name": "Crawling Insect",
        "description": "A type of insect that moves around on its legs and body, such as ants, cockroaches, and bed bugs.",
        "parent": 2,
        "lft": 3,
        "rght": 14,
        "tree_id": 1,
        "level": 2
    }
},
{
    "model": "common.target",
    "pk": 4,
    "fields": {
        "name": "Cockroach",
        "description": "A type of crawling insect that is flattened, has long antennae and legs, and is known for its ability to adapt to various environments.",
        "parent": 3,
        "lft": 4,
        "rght": 11,
        "tree_id": 1,
        "level": 3
    }
},
{
    "model": "common.target",
    "pk": 5,
    "fields": {
        "name": "German Cockroach",
        "description": "Small light brown or tan insect, with two black stripes on its back. Often found in kitchens, bathrooms, and other areas with moisture.",
        "parent": 4,
        "lft": 5,
        "rght": 6,
        "tree_id": 1,
        "level": 4
    }
},
{
    "model": "common.target",
    "pk": 6,
    "fields": {
        "name": "American Cockroach",
        "description": "Large reddish-brown insect, with a yellowish figure-8 pattern on its head. Often found in commercial and residential buildings.",
        "parent": 4,
        "lft": 7,
        "rght": 8,
        "tree_id": 1,
        "level": 4
    }
},
{
    "model": "common.target",
    "pk": 7,
    "fields": {
        "name": "Oriental Cockroach",
        "description": "Dark brown or black insect, with a shiny appearance. Often found in damp areas, such as basements and sewers.",
        "parent": 4,
        "lft": 9,
        "rght": 10,
        "tree_id": 1,
        "level": 4
    }
},
{
    "model": "common.target",
    "pk": 8,
    "fields": {
        "name": "Flying Insect",
        "description": "A type of insect that has wings and can fly, such as flies, mosquitoes, and wasps.",
        "parent": 2,
        "lft": 15,
        "rght": 22,
        "tree_id": 1,
        "level": 2
    }
},
{
    "model": "common.target",
    "pk": 9,
    "fields": {
        "name": "Mosquito",
        "description": "Small flying insect with long legs, a slender body, and elongated mouthparts used to feed on blood. Can transmit diseases to humans and animals.",
        "parent": 8,
        "lft": 16,
        "rght": 17,
        "tree_id": 1,
        "level": 3
    }
},
{
    "model": "common.target",
    "pk": 10,
    "fields": {
        "name": "Fruit Fly",
        "description": "Small flying insect with a tan or brown body and red eyes. Often found near ripe or decaying fruits and vegetables.",
        "parent": 8,
        "lft": 18,
        "rght": 19,
        "tree_id": 1,
        "level": 3
    }
},
{
    "model": "common.target",
    "pk": 11,
    "fields": {
        "name": "Wasp",
        "description": "Flying insect with a slender body and two pairs of wings. Can sting multiple times and cause allergic reactions.",
        "parent": 8,
        "lft": 20,
        "rght": 21,
        "tree_id": 1,
        "level": 3
    }
},
{
    "model": "common.target",
    "pk": 12,
    "fields": {
        "name": "Bed Bug",
        "description": "Small, reddish-brown insects that feed on blood and are often found in homes, hotels, and other areas where people sleep.",
        "parent": 3,
        "lft": 12,
        "rght": 13,
        "tree_id": 1,
        "level": 3
    }
},
{
    "model": "common.target",
    "pk": 13,
    "fields": {
        "name": "Rodent",
        "description": "A type of mammal characterized by their continuously growing incisors and their ability to gnaw on various materials. They can be pests and pose health risks, as they can transmit diseases and cause damage to property.",
        "parent": 1,
        "lft": 24,
        "rght": 35,
        "tree_id": 1,
        "level": 1
    }
},
{
    "model": "common.target",
    "pk": 14,
    "fields": {
        "name": "Mouse",
        "description": "A small, light brown or gray rodent with a pointed nose and large ears. They are characterized by their continuously growing incisors and their ability to gnaw on various materials. Often found in homes, restaurants, and other areas with food sources.",
        "parent": 13,
        "lft": 25,
        "rght": 28,
        "tree_id": 1,
        "level": 2
    }
},
{
    "model": "common.target",
    "pk": 15,
    "fields": {
        "name": "Rat",
        "description": "A larger rodent with a blunt nose and small ears. They are characterized by their continuously growing incisors and their ability to gnaw on various materials. Often found in basements, sewers, and other areas with moisture.",
        "parent": 13,
        "lft": 29,
        "rght": 34,
        "tree_id": 1,
        "level": 2
    }
},
{
    "model": "common.target",
    "pk": 16,
    "fields": {
        "name": "House Mouse",
        "description": "Small, light brown or gray rodent with a pointed nose and large ears. Often found in homes, restaurants, and other areas with food sources.",
        "parent": 14,
        "lft": 26,
        "rght": 27,
        "tree_id": 1,
        "level": 3
    }
},
{
    "model": "common.target",
    "pk": 17,
    "fields": {
        "name": "Norway Rat",
        "description": "Large, brown or gray rodent with a blunt nose and small ears. Often found in basements, sewers, and other areas with moisture.",
        "parent": 15,
        "lft": 30,
        "rght": 31,
        "tree_id": 1,
        "level": 3
    }
},
{
    "model": "common.target",
    "pk": 18,
    "fields": {
        "name": "Roof Rat",
        "description": "Smaller, dark brown or black rodent with a pointed nose and large ears. Often found in attics, trees, and other elevated areas.",
        "parent": 15,
        "lft": 32,
        "rght": 33,
        "tree_id": 1,
        "level": 3
    }
},
{
    "model": "common.unitcategory",
    "pk": 1,
    "fields": {
        "name": "Length",
        "description": "The measurement of distance between two points. Common units include meters, feet, and inches."
    }
},
{
    "model": "common.unitcategory",
    "pk": 2,
    "fields": {
        "name": "Mass",
        "description": "The amount of matter in an object. Common units include kilograms, pounds, and grams."
    }
},
{
    "model": "common.unitcategory",
    "pk": 3,
    "fields": {
        "name": "Volume",
        "description": "The amount of space occupied by an object or substance. Common units include liters, gallons, and cubic meters."
    }
},
{
    "model": "common.unitcategory",
    "pk": 4,
    "fields": {
        "name": "Time",
        "description": "The duration or interval between two events. Common units include seconds, minutes, and hours."
    }
},
{
    "model": "common.unitcategory",
    "pk": 5,
    "fields": {
        "name": "Temperature",
        "description": "The degree of hotness or coldness of an object or substance. Common units include Celsius, Fahrenheit, and Kelvin."
    }
},
{
    "model": "common.unitcategory",
    "pk": 6,
    "fields": {
        "name": "Energy",
        "description": "The ability to do work or cause a change. Common units include joules, calories, and kilowatt-hours."
    }
},
{
    "model": "common.unitcategory",
    "pk": 7,
    "fields": {
        "name": "Pressure",
        "description": "The force per unit area exerted by a substance. Common units include pascals, atmospheres, and pounds per square inch."
    }
},
{
    "model": "common.unitcategory",
    "pk": 8,
    "fields": {
        "name": "Electric Current",
        "description": "The flow of electric charge in a circuit. Common units include amperes and milliamperes."
    }
},
{
    "model": "common.unitcategory",
    "pk": 9,
    "fields": {
        "name": "Frequency",
        "description": "The number of occurrences of a repeating event per unit time. Common units include hertz and megahertz."
    }
},
{
    "model": "common.unitcategory",
    "pk": 10,
    "fields": {
        "name": "Angle",
        "description": "The measurement of the space between two intersecting lines or planes. Common units include degrees, radians, and gradians."
    }
},
{
    "model": "common.unit",
    "pk": 1,
    "fields": {
        "name": "Meter",
        "abbreviation": "m",
        "conversion_factor": "1.00000",
        "display_format": null,
        "category": 1,
        "is_metric": true
    }
},
{
    "model": "common.unit",
    "pk": 2,
    "fields": {
        "name": "Centimeter",
        "abbreviation": "cm",
        "conversion_factor": "0.01000",
        "display_format": null,
        "category": 1,
        "is_metric": true
    }
},
{
    "model": "common.unit",
    "pk": 3,
    "fields": {
        "name": "Inch",
        "abbreviation": "in",
        "conversion_factor": "0.02540",
        "display_format": null,
        "category": 1,
        "is_metric": false
    }
},
{
    "model": "common.unit",
    "pk": 4,
    "fields": {
        "name": "Foot",
        "abbreviation": "ft",
        "conversion_factor": "0.30480",
        "display_format": null,
        "category": 1,
        "is_metric": false
    }
},
{
    "model": "common.unit",
    "pk": 5,
    "fields": {
        "name": "Milligram",
        "abbreviation": "mg",
        "conversion_factor": "0.00000",
        "display_format": null,
        "category": 2,
        "is_metric": true
    }
},
{
    "model": "common.unit",
    "pk": 6,
    "fields": {
        "name": "Gram",
        "abbreviation": "g",
        "conversion_factor": "0.00100",
        "display_format": null,
        "category": 2,
        "is_metric": true
    }
},
{
    "model": "common.unit",
    "pk": 7,
    "fields": {
        "name": "Ounce",
        "abbreviation": "oz",
        "conversion_factor": "0.02835",
        "display_format": null,
        "category": 2,
        "is_metric": false
    }
},
{
    "model": "common.unit",
    "pk": 8,
    "fields": {
        "name": "Pound",
        "abbreviation": "lb",
        "conversion_factor": "0.45359",
        "display_format": null,
        "category": 2,
        "is_metric": false
    }
},
{
    "model": "common.unit",
    "pk": 9,
    "fields": {
        "name": "Liter",
        "abbreviation": "L",
        "conversion_factor": "1.00000",
        "display_format": null,
        "category": 3,
        "is_metric": true
    }
},
{
    "model": "common.unit",
    "pk": 10,
    "fields": {
        "name": "Milliliter",
        "abbreviation": "mL",
        "conversion_factor": "0.00100",
        "display_format": null,
        "category": 3,
        "is_metric": true
    }
},
{
    "model": "customers.customer",
    "pk": 1,
    "fields": {
        "customer_type": "Commercial",
        "first_name": "Marek",
        "last_name": "Schir",
        "company_name": "MMPC",
        "email": "m.schir@mmenviro.net",
        "phone_number": "+19174732493",
        "parent": 2,
        "lft": 2,
        "rght": 3,
        "tree_id": 1,
        "level": 1,
        "service_locations": []
    }
},
{
    "model": "customers.customer",
    "pk": 2,
    "fields": {
        "customer_type": "Commercial",
        "first_name": "Marek",
        "last_name": "Schir",
        "company_name": "MMPC",
        "email": "m.schir@mmenviro.net",
        "phone_number": "+19174732493",
        "parent": null,
        "lft": 1,
        "rght": 4,
        "tree_id": 1,
        "level": 0,
        "service_locations": []
    }
},
{
    "model": "customers.servicelocation",
    "pk": 4,
    "fields": {
        "address_ptr": 4,
        "customer": 2,
        "is_active": true,
        "is_primary": true,
        "contacts": []
    }
},
{
    "model": "customers.servicelocation",
    "pk": 5,
    "fields": {
        "address_ptr": 5,
        "customer": 1,
        "is_active": true,
        "is_primary": true,
        "contacts": []
    }
},
{
    "model": "customers.billinglocation",
    "pk": 2,
    "fields": {
        "address_ptr": 2,
        "customer": 1,
        "contacts": []
    }
},
{
    "model": "customers.billinglocation",
    "pk": 3,
    "fields": {
        "address_ptr": 3,
        "customer": 2,
        "contacts": []
    }
},
{
    "model": "customers.customercontact",
    "pk": 1,
    "fields": {
        "customer": 1,
        "contact": 1
    }
},
{
    "model": "users.historicaluser",
    "pk": 1,
    "fields": {
        "id": 1,
        "password": "pbkdf2_sha256$320000$JKn6k256FfJq96TJic8RkV$RTj/Tfy1zIcvXCB4FmDYbndE8FXWrd0gEc2DKLFYEb8=",
        "last_login": null,
        "is_superuser": true,
        "username": "mareks",
        "first_name": "",
        "last_name": "",
        "email": "schir2@gmail.com",
        "is_staff": true,
        "is_active": true,
        "date_joined": "2023-03-08T15:38:37.275Z",
        "history_date": "2023-03-08T15:38:37.373Z",
        "history_change_reason": null,
        "history_type": "+",
        "history_user": null
    }
},
{
    "model": "users.historicaluser",
    "pk": 2,
    "fields": {
        "id": 1,
        "password": "pbkdf2_sha256$320000$JKn6k256FfJq96TJic8RkV$RTj/Tfy1zIcvXCB4FmDYbndE8FXWrd0gEc2DKLFYEb8=",
        "last_login": "2023-03-08T15:38:42.231Z",
        "is_superuser": true,
        "username": "mareks",
        "first_name": "",
        "last_name": "",
        "email": "schir2@gmail.com",
        "is_staff": true,
        "is_active": true,
        "date_joined": "2023-03-08T15:38:37.275Z",
        "history_date": "2023-03-08T15:38:42.236Z",
        "history_change_reason": null,
        "history_type": "~",
        "history_user": null
    }
},
{
    "model": "users.historicaluser",
    "pk": 3,
    "fields": {
        "id": 1,
        "password": "pbkdf2_sha256$320000$JKn6k256FfJq96TJic8RkV$RTj/Tfy1zIcvXCB4FmDYbndE8FXWrd0gEc2DKLFYEb8=",
        "last_login": "2023-03-09T01:03:19.391Z",
        "is_superuser": true,
        "username": "mareks",
        "first_name": "",
        "last_name": "",
        "email": "schir2@gmail.com",
        "is_staff": true,
        "is_active": true,
        "date_joined": "2023-03-08T15:38:37.275Z",
        "history_date": "2023-03-09T01:03:19.394Z",
        "history_change_reason": null,
        "history_type": "~",
        "history_user": null
    }
},
{
    "model": "users.historicaluser",
    "pk": 4,
    "fields": {
        "id": 1,
        "password": "pbkdf2_sha256$390000$FXC9mVNJ5J5XKZxlEmUZG8$rWMXiSUKBZptToU3Tt4Qwz5tICO96bot5npceyIvvQ4=",
        "last_login": "2023-03-09T01:03:19.391Z",
        "is_superuser": true,
        "username": "mareks",
        "first_name": "",
        "last_name": "",
        "email": "schir2@gmail.com",
        "is_staff": true,
        "is_active": true,
        "date_joined": "2023-03-08T15:38:37.275Z",
        "history_date": "2023-03-09T17:39:53.326Z",
        "history_change_reason": null,
        "history_type": "~",
        "history_user": null
    }
},
{
    "model": "users.historicaluser",
    "pk": 5,
    "fields": {
        "id": 1,
        "password": "pbkdf2_sha256$390000$FXC9mVNJ5J5XKZxlEmUZG8$rWMXiSUKBZptToU3Tt4Qwz5tICO96bot5npceyIvvQ4=",
        "last_login": "2023-03-09T17:39:53.343Z",
        "is_superuser": true,
        "username": "mareks",
        "first_name": "",
        "last_name": "",
        "email": "schir2@gmail.com",
        "is_staff": true,
        "is_active": true,
        "date_joined": "2023-03-08T15:38:37.275Z",
        "history_date": "2023-03-09T17:39:53.348Z",
        "history_change_reason": null,
        "history_type": "~",
        "history_user": null
    }
},
{
    "model": "users.historicaluser",
    "pk": 6,
    "fields": {
        "id": 1,
        "password": "pbkdf2_sha256$390000$FXC9mVNJ5J5XKZxlEmUZG8$rWMXiSUKBZptToU3Tt4Qwz5tICO96bot5npceyIvvQ4=",
        "last_login": "2023-03-09T17:46:31.226Z",
        "is_superuser": true,
        "username": "mareks",
        "first_name": "",
        "last_name": "",
        "email": "schir2@gmail.com",
        "is_staff": true,
        "is_active": true,
        "date_joined": "2023-03-08T15:38:37.275Z",
        "history_date": "2023-03-09T17:46:31.231Z",
        "history_change_reason": null,
        "history_type": "~",
        "history_user": null
    }
},
{
    "model": "users.historicaluser",
    "pk": 7,
    "fields": {
        "id": 1,
        "password": "pbkdf2_sha256$390000$FXC9mVNJ5J5XKZxlEmUZG8$rWMXiSUKBZptToU3Tt4Qwz5tICO96bot5npceyIvvQ4=",
        "last_login": "2023-03-21T18:24:17.956Z",
        "is_superuser": true,
        "username": "mareks",
        "first_name": "",
        "last_name": "",
        "email": "schir2@gmail.com",
        "is_staff": true,
        "is_active": true,
        "date_joined": "2023-03-08T15:38:37.275Z",
        "history_date": "2023-03-21T18:24:17.959Z",
        "history_change_reason": null,
        "history_type": "~",
        "history_user": null
    }
},
{
    "model": "users.historicaluser",
    "pk": 8,
    "fields": {
        "id": 1,
        "password": "pbkdf2_sha256$390000$FXC9mVNJ5J5XKZxlEmUZG8$rWMXiSUKBZptToU3Tt4Qwz5tICO96bot5npceyIvvQ4=",
        "last_login": "2023-03-21T19:09:22.406Z",
        "is_superuser": true,
        "username": "mareks",
        "first_name": "",
        "last_name": "",
        "email": "schir2@gmail.com",
        "is_staff": true,
        "is_active": true,
        "date_joined": "2023-03-08T15:38:37.275Z",
        "history_date": "2023-03-21T19:09:22.408Z",
        "history_change_reason": null,
        "history_type": "~",
        "history_user": null
    }
},
{
    "model": "inventory.equipment",
    "pk": 1,
    "fields": {
        "name": "B&G Tank",
        "status": "STORED",
        "stock_location": 1,
        "condition": 1,
        "user": [
            "mareks"
        ],
        "category": null,
        "equipment_class": null
    }
},
{
    "model": "admin.logentry",
    "pk": 1,
    "fields": {
        "action_time": "2023-03-08T15:41:43.390Z",
        "user": [
            "mareks"
        ],
        "content_type": [
            "inventory",
            "vendor"
        ],
        "object_id": "1",
        "object_repr": "Pesticide",
        "action_flag": 1,
        "change_message": "[{\"added\": {}}]"
    }
},
{
    "model": "admin.logentry",
    "pk": 2,
    "fields": {
        "action_time": "2023-03-08T15:45:24.249Z",
        "user": [
            "mareks"
        ],
        "content_type": [
            "inventory",
            "brand"
        ],
        "object_id": "1",
        "object_repr": "Field object (1)",
        "action_flag": 1,
        "change_message": "[{\"added\": {}}]"
    }
},
{
    "model": "admin.logentry",
    "pk": 3,
    "fields": {
        "action_time": "2023-03-08T16:09:25.766Z",
        "user": [
            "mareks"
        ],
        "content_type": [
            "inventory",
            "brand"
        ],
        "object_id": "2",
        "object_repr": "EPA Registration Number | Pesticide",
        "action_flag": 1,
        "change_message": "[{\"added\": {}}]"
    }
},
{
    "model": "admin.logentry",
    "pk": 4,
    "fields": {
        "action_time": "2023-03-08T16:09:54.658Z",
        "user": [
            "mareks"
        ],
        "content_type": [
            "inventory",
            "brand"
        ],
        "object_id": "1",
        "object_repr": "EPA Registration Number | Pesticide",
        "action_flag": 3,
        "change_message": ""
    }
},
{
    "model": "admin.logentry",
    "pk": 5,
    "fields": {
        "action_time": "2023-03-08T16:20:37.514Z",
        "user": [
            "mareks"
        ],
        "content_type": [
            "inventory",
            "stocklocation"
        ],
        "object_id": "1",
        "object_repr": "MaxForce",
        "action_flag": 1,
        "change_message": "[{\"added\": {}}]"
    }
},
{
    "model": "admin.logentry",
    "pk": 6,
    "fields": {
        "action_time": "2023-03-08T16:24:30.723Z",
        "user": [
            "mareks"
        ],
        "content_type": [
            "inventory",
            "brand"
        ],
        "object_id": "3",
        "object_repr": "Active Ingredients | Pesticide",
        "action_flag": 1,
        "change_message": "[{\"added\": {}}]"
    }
},
{
    "model": "admin.logentry",
    "pk": 7,
    "fields": {
        "action_time": "2023-03-08T16:27:54.984Z",
        "user": [
            "mareks"
        ],
        "content_type": [
            "inventory",
            "brand"
        ],
        "object_id": "3",
        "object_repr": "Active Ingredients | Pesticide",
        "action_flag": 2,
        "change_message": "[{\"changed\": {\"fields\": [\"Validation type\", \"Validation value\"]}}]"
    }
},
{
    "model": "admin.logentry",
    "pk": 8,
    "fields": {
        "action_time": "2023-03-08T16:30:51.663Z",
        "user": [
            "mareks"
        ],
        "content_type": [
            "inventory",
            "brand"
        ],
        "object_id": "2",
        "object_repr": "EPA Registration Number | Pesticide",
        "action_flag": 2,
        "change_message": "[{\"changed\": {\"fields\": [\"Validation value\"]}}]"
    }
},
{
    "model": "admin.logentry",
    "pk": 9,
    "fields": {
        "action_time": "2023-03-08T16:39:15.528Z",
        "user": [
            "mareks"
        ],
        "content_type": [
            "inventory",
            "brand"
        ],
        "object_id": "3",
        "object_repr": "Active Ingredients | Pesticide",
        "action_flag": 2,
        "change_message": "[{\"changed\": {\"fields\": [\"Validation value\"]}}]"
    }
},
{
    "model": "admin.logentry",
    "pk": 10,
    "fields": {
        "action_time": "2023-03-08T22:10:22.678Z",
        "user": [
            "mareks"
        ],
        "content_type": [
            "inventory",
            "materialclass"
        ],
        "object_id": "1",
        "object_repr": "DoMyOwn",
        "action_flag": 1,
        "change_message": "[{\"added\": {}}]"
    }
},
{
    "model": "admin.logentry",
    "pk": 11,
    "fields": {
        "action_time": "2023-03-08T22:10:29.654Z",
        "user": [
            "mareks"
        ],
        "content_type": [
            "inventory",
            "material"
        ],
        "object_id": "1",
        "object_repr": "Unit object (1)",
        "action_flag": 1,
        "change_message": "[{\"added\": {}}]"
    }
},
{
    "model": "admin.logentry",
    "pk": 12,
    "fields": {
        "action_time": "2023-03-08T22:10:48.573Z",
        "user": [
            "mareks"
        ],
        "content_type": [
            "inventory",
            "material"
        ],
        "object_id": "2",
        "object_repr": "Unit object (2)",
        "action_flag": 1,
        "change_message": "[{\"added\": {}}]"
    }
},
{
    "model": "admin.logentry",
    "pk": 13,
    "fields": {
        "action_time": "2023-03-08T22:11:17.884Z",
        "user": [
            "mareks"
        ],
        "content_type": [
            "inventory",
            "vendormaterial"
        ],
        "object_id": "1",
        "object_repr": "This Is Useless",
        "action_flag": 1,
        "change_message": "[{\"added\": {}}]"
    }
},
{
    "model": "admin.logentry",
    "pk": 14,
    "fields": {
        "action_time": "2023-03-08T22:12:47.689Z",
        "user": [
            "mareks"
        ],
        "content_type": [
            "inventory",
            "unit"
        ],
        "object_id": "1",
        "object_repr": "Maxforce FC Ant Bait Station | MaxForce",
        "action_flag": 1,
        "change_message": "[{\"added\": {}}, {\"added\": {\"name\": \"material field\", \"object\": \"EPA Registration Number: 432-1256\"}}, {\"added\": {\"name\": \"material field\", \"object\": \"Active Ingredients: Fipronil 0.01%\"}}]"
    }
},
{
    "model": "admin.logentry",
    "pk": 15,
    "fields": {
        "action_time": "2023-03-08T22:19:10.750Z",
        "user": [
            "mareks"
        ],
        "content_type": [
            "common",
            "contactphonenumber"
        ],
        "object_id": "1",
        "object_repr": "Target object (1)",
        "action_flag": 1,
        "change_message": "[{\"added\": {}}]"
    }
},
{
    "model": "admin.logentry",
    "pk": 16,
    "fields": {
        "action_time": "2023-03-08T22:21:36.790Z",
        "user": [
            "mareks"
        ],
        "content_type": [
            "common",
            "contactphonenumber"
        ],
        "object_id": "2",
        "object_repr": "Target object (2)",
        "action_flag": 1,
        "change_message": "[{\"added\": {}}]"
    }
},
{
    "model": "admin.logentry",
    "pk": 17,
    "fields": {
        "action_time": "2023-03-08T22:23:12.267Z",
        "user": [
            "mareks"
        ],
        "content_type": [
            "common",
            "contactphonenumber"
        ],
        "object_id": "3",
        "object_repr": "Crawling Insect",
        "action_flag": 1,
        "change_message": "[{\"added\": {}}]"
    }
},
{
    "model": "admin.logentry",
    "pk": 18,
    "fields": {
        "action_time": "2023-03-08T22:23:24.956Z",
        "user": [
            "mareks"
        ],
        "content_type": [
            "common",
            "contactphonenumber"
        ],
        "object_id": "3",
        "object_repr": "Crawling Insect",
        "action_flag": 2,
        "change_message": "[{\"changed\": {\"fields\": [\"Description\"]}}]"
    }
},
{
    "model": "admin.logentry",
    "pk": 19,
    "fields": {
        "action_time": "2023-03-08T22:23:41.317Z",
        "user": [
            "mareks"
        ],
        "content_type": [
            "common",
            "contactphonenumber"
        ],
        "object_id": "2",
        "object_repr": "Insect",
        "action_flag": 2,
        "change_message": "[{\"changed\": {\"fields\": [\"Description\"]}}]"
    }
},
{
    "model": "admin.logentry",
    "pk": 20,
    "fields": {
        "action_time": "2023-03-08T22:23:52.907Z",
        "user": [
            "mareks"
        ],
        "content_type": [
            "common",
            "contactphonenumber"
        ],
        "object_id": "1",
        "object_repr": "Pest",
        "action_flag": 2,
        "change_message": "[{\"changed\": {\"fields\": [\"Description\"]}}]"
    }
},
{
    "model": "admin.logentry",
    "pk": 21,
    "fields": {
        "action_time": "2023-03-08T22:24:35.852Z",
        "user": [
            "mareks"
        ],
        "content_type": [
            "common",
            "contactphonenumber"
        ],
        "object_id": "4",
        "object_repr": "Cockroach",
        "action_flag": 1,
        "change_message": "[{\"added\": {}}]"
    }
},
{
    "model": "admin.logentry",
    "pk": 22,
    "fields": {
        "action_time": "2023-03-08T22:26:33.664Z",
        "user": [
            "mareks"
        ],
        "content_type": [
            "common",
            "contactphonenumber"
        ],
        "object_id": "5",
        "object_repr": "German Cockroach",
        "action_flag": 1,
        "change_message": "[{\"added\": {}}]"
    }
},
{
    "model": "admin.logentry",
    "pk": 23,
    "fields": {
        "action_time": "2023-03-08T22:26:54.605Z",
        "user": [
            "mareks"
        ],
        "content_type": [
            "common",
            "contactphonenumber"
        ],
        "object_id": "6",
        "object_repr": "American Cockroach",
        "action_flag": 1,
        "change_message": "[{\"added\": {}}]"
    }
},
{
    "model": "admin.logentry",
    "pk": 24,
    "fields": {
        "action_time": "2023-03-08T22:27:10.606Z",
        "user": [
            "mareks"
        ],
        "content_type": [
            "common",
            "contactphonenumber"
        ],
        "object_id": "7",
        "object_repr": "Oriental Cockroach",
        "action_flag": 1,
        "change_message": "[{\"added\": {}}]"
    }
},
{
    "model": "admin.logentry",
    "pk": 25,
    "fields": {
        "action_time": "2023-03-08T22:31:04.009Z",
        "user": [
            "mareks"
        ],
        "content_type": [
            "common",
            "contactphonenumber"
        ],
        "object_id": "8",
        "object_repr": "Flying Insect",
        "action_flag": 1,
        "change_message": "[{\"added\": {}}]"
    }
},
{
    "model": "admin.logentry",
    "pk": 26,
    "fields": {
        "action_time": "2023-03-08T22:31:34.703Z",
        "user": [
            "mareks"
        ],
        "content_type": [
            "common",
            "contactphonenumber"
        ],
        "object_id": "4",
        "object_repr": "Cockroach",
        "action_flag": 2,
        "change_message": "[{\"changed\": {\"fields\": [\"Description\"]}}]"
    }
},
{
    "model": "admin.logentry",
    "pk": 27,
    "fields": {
        "action_time": "2023-03-08T22:31:43.332Z",
        "user": [
            "mareks"
        ],
        "content_type": [
            "common",
            "contactphonenumber"
        ],
        "object_id": "3",
        "object_repr": "Crawling Insect",
        "action_flag": 2,
        "change_message": "[{\"changed\": {\"fields\": [\"Description\"]}}]"
    }
},
{
    "model": "admin.logentry",
    "pk": 28,
    "fields": {
        "action_time": "2023-03-08T22:31:55.430Z",
        "user": [
            "mareks"
        ],
        "content_type": [
            "common",
            "contactphonenumber"
        ],
        "object_id": "2",
        "object_repr": "Insect",
        "action_flag": 2,
        "change_message": "[{\"changed\": {\"fields\": [\"Description\"]}}]"
    }
},
{
    "model": "admin.logentry",
    "pk": 29,
    "fields": {
        "action_time": "2023-03-08T22:32:05.019Z",
        "user": [
            "mareks"
        ],
        "content_type": [
            "common",
            "contactphonenumber"
        ],
        "object_id": "1",
        "object_repr": "Pest",
        "action_flag": 2,
        "change_message": "[{\"changed\": {\"fields\": [\"Description\"]}}]"
    }
},
{
    "model": "admin.logentry",
    "pk": 30,
    "fields": {
        "action_time": "2023-03-08T22:32:36.539Z",
        "user": [
            "mareks"
        ],
        "content_type": [
            "common",
            "contactphonenumber"
        ],
        "object_id": "9",
        "object_repr": "Mosquito",
        "action_flag": 1,
        "change_message": "[{\"added\": {}}]"
    }
},
{
    "model": "admin.logentry",
    "pk": 31,
    "fields": {
        "action_time": "2023-03-08T22:32:48.528Z",
        "user": [
            "mareks"
        ],
        "content_type": [
            "common",
            "contactphonenumber"
        ],
        "object_id": "10",
        "object_repr": "Fruit Fly",
        "action_flag": 1,
        "change_message": "[{\"added\": {}}]"
    }
},
{
    "model": "admin.logentry",
    "pk": 32,
    "fields": {
        "action_time": "2023-03-08T22:33:12.895Z",
        "user": [
            "mareks"
        ],
        "content_type": [
            "common",
            "contactphonenumber"
        ],
        "object_id": "11",
        "object_repr": "Wasp",
        "action_flag": 1,
        "change_message": "[{\"added\": {}}]"
    }
},
{
    "model": "admin.logentry",
    "pk": 33,
    "fields": {
        "action_time": "2023-03-08T22:34:08.287Z",
        "user": [
            "mareks"
        ],
        "content_type": [
            "common",
            "contactphonenumber"
        ],
        "object_id": "12",
        "object_repr": "Bed Bug",
        "action_flag": 1,
        "change_message": "[{\"added\": {}}]"
    }
},
{
    "model": "admin.logentry",
    "pk": 34,
    "fields": {
        "action_time": "2023-03-08T22:35:25.791Z",
        "user": [
            "mareks"
        ],
        "content_type": [
            "common",
            "contactphonenumber"
        ],
        "object_id": "13",
        "object_repr": "Rodent",
        "action_flag": 1,
        "change_message": "[{\"added\": {}}]"
    }
},
{
    "model": "admin.logentry",
    "pk": 35,
    "fields": {
        "action_time": "2023-03-08T22:36:15.517Z",
        "user": [
            "mareks"
        ],
        "content_type": [
            "common",
            "contactphonenumber"
        ],
        "object_id": "14",
        "object_repr": "Mouse",
        "action_flag": 1,
        "change_message": "[{\"added\": {}}]"
    }
},
{
    "model": "admin.logentry",
    "pk": 36,
    "fields": {
        "action_time": "2023-03-08T22:36:29.834Z",
        "user": [
            "mareks"
        ],
        "content_type": [
            "common",
            "contactphonenumber"
        ],
        "object_id": "15",
        "object_repr": "Rat",
        "action_flag": 1,
        "change_message": "[{\"added\": {}}]"
    }
},
{
    "model": "admin.logentry",
    "pk": 37,
    "fields": {
        "action_time": "2023-03-08T22:36:48.932Z",
        "user": [
            "mareks"
        ],
        "content_type": [
            "common",
            "contactphonenumber"
        ],
        "object_id": "16",
        "object_repr": "House Mouse",
        "action_flag": 1,
        "change_message": "[{\"added\": {}}]"
    }
},
{
    "model": "admin.logentry",
    "pk": 38,
    "fields": {
        "action_time": "2023-03-08T22:37:05.491Z",
        "user": [
            "mareks"
        ],
        "content_type": [
            "common",
            "contactphonenumber"
        ],
        "object_id": "17",
        "object_repr": "Norway Rat",
        "action_flag": 1,
        "change_message": "[{\"added\": {}}]"
    }
},
{
    "model": "admin.logentry",
    "pk": 39,
    "fields": {
        "action_time": "2023-03-08T22:37:24.410Z",
        "user": [
            "mareks"
        ],
        "content_type": [
            "common",
            "contactphonenumber"
        ],
        "object_id": "18",
        "object_repr": "Roof Rat",
        "action_flag": 1,
        "change_message": "[{\"added\": {}}]"
    }
},
{
    "model": "admin.logentry",
    "pk": 40,
    "fields": {
        "action_time": "2023-03-09T17:40:42.204Z",
        "user": [
            "mareks"
        ],
        "content_type": [
            "inventory",
            "unitcategory"
        ],
        "object_id": "1",
        "object_repr": "Working",
        "action_flag": 1,
        "change_message": "[{\"added\": {}}]"
    }
},
{
    "model": "admin.logentry",
    "pk": 41,
    "fields": {
        "action_time": "2023-03-09T17:41:18.253Z",
        "user": [
            "mareks"
        ],
        "content_type": [
            "common",
            "field"
        ],
        "object_id": "1",
        "object_repr": "LIC Office",
        "action_flag": 1,
        "change_message": "[{\"added\": {}}]"
    }
},
{
    "model": "admin.logentry",
    "pk": 42,
    "fields": {
        "action_time": "2023-03-09T17:41:29.588Z",
        "user": [
            "mareks"
        ],
        "content_type": [
            "inventory",
            "material"
        ],
        "object_id": "1",
        "object_repr": "LIC Office",
        "action_flag": 1,
        "change_message": "[{\"added\": {}}]"
    }
},
{
    "model": "admin.logentry",
    "pk": 43,
    "fields": {
        "action_time": "2023-03-09T17:42:00.038Z",
        "user": [
            "mareks"
        ],
        "content_type": [
            "inventory",
            "materialclass"
        ],
        "object_id": "1",
        "object_repr": "B&G Tank",
        "action_flag": 1,
        "change_message": "[{\"added\": {}}]"
    }
},
{
    "model": "admin.logentry",
    "pk": 44,
    "fields": {
        "action_time": "2023-03-09T19:01:47.646Z",
        "user": [
            "mareks"
        ],
        "content_type": [
            "inventory",
            "equipmentclass"
        ],
        "object_id": "1",
        "object_repr": "EquipmentClass object (1)",
        "action_flag": 1,
        "change_message": "[{\"added\": {}}]"
    }
},
{
    "model": "admin.logentry",
    "pk": 45,
    "fields": {
        "action_time": "2023-03-09T19:07:24.346Z",
        "user": [
            "mareks"
        ],
        "content_type": [
            "inventory",
            "equipmentcategory"
        ],
        "object_id": "1",
        "object_repr": "Pesticide Applicator",
        "action_flag": 1,
        "change_message": "[{\"added\": {}}]"
    }
},
{
    "model": "admin.logentry",
    "pk": 46,
    "fields": {
        "action_time": "2023-03-09T19:25:13.124Z",
        "user": [
            "mareks"
        ],
        "content_type": [
            "common",
            "field"
        ],
        "object_id": "1",
        "object_repr": "EEPA Registration Number | Pesticide",
        "action_flag": 1,
        "change_message": "[{\"added\": {}}]"
    }
},
{
    "model": "admin.logentry",
    "pk": 47,
    "fields": {
        "action_time": "2023-03-09T19:27:01.430Z",
        "user": [
            "mareks"
        ],
        "content_type": [
            "inventory",
            "material"
        ],
        "object_id": "1",
        "object_repr": "Maxforce FC Ant Bait Station | MaxForce",
        "action_flag": 2,
        "change_message": "[{\"added\": {\"name\": \"material field\", \"object\": \"EEPA Registration Number: 432-1256\"}}]"
    }
},
{
    "model": "admin.logentry",
    "pk": 48,
    "fields": {
        "action_time": "2023-03-09T19:37:41.230Z",
        "user": [
            "mareks"
        ],
        "content_type": [
            "common",
            "field"
        ],
        "object_id": "2",
        "object_repr": "Size | Pesticide Applicator",
        "action_flag": 1,
        "change_message": "[{\"added\": {}}]"
    }
},
{
    "model": "admin.logentry",
    "pk": 49,
    "fields": {
        "action_time": "2023-03-09T19:39:00.606Z",
        "user": [
            "mareks"
        ],
        "content_type": [
            "common",
            "field"
        ],
        "object_id": "1",
        "object_repr": "EEPA Registration Number | Pesticide",
        "action_flag": 2,
        "change_message": "[{\"changed\": {\"fields\": [\"Validation value\"]}}]"
    }
},
{
    "model": "admin.logentry",
    "pk": 50,
    "fields": {
        "action_time": "2023-03-15T16:12:40.083Z",
        "user": [
            "mareks"
        ],
        "content_type": [
            "inventory",
            "materialcategory"
        ],
        "object_id": "1",
        "object_repr": "Pesticide",
        "action_flag": 2,
        "change_message": "[{\"added\": {\"name\": \"field\", \"object\": \"Pests | Pesticide\"}}]"
    }
},
{
    "model": "admin.logentry",
    "pk": 51,
    "fields": {
        "action_time": "2023-03-15T16:14:20.759Z",
        "user": [
            "mareks"
        ],
        "content_type": [
            "inventory",
            "materialcategory"
        ],
        "object_id": "1",
        "object_repr": "Pesticide",
        "action_flag": 2,
        "change_message": "[{\"added\": {\"name\": \"field\", \"object\": \"Sites | Pesticide\"}}, {\"added\": {\"name\": \"field\", \"object\": \"Active Ingredients | Pesticide\"}}]"
    }
},
{
    "model": "admin.logentry",
    "pk": 52,
    "fields": {
        "action_time": "2023-03-17T16:58:08.150Z",
        "user": [
            "mareks"
        ],
        "content_type": [
            "inventory",
            "material"
        ],
        "object_id": "1",
        "object_repr": "Maxforce FC Ant Bait Station | MaxForce",
        "action_flag": 1,
        "change_message": "[{\"added\": {}}]"
    }
},
{
    "model": "admin.logentry",
    "pk": 53,
    "fields": {
        "action_time": "2023-03-21T18:34:51.440Z",
        "user": [
            "mareks"
        ],
        "content_type": [
            "common",
            "contact"
        ],
        "object_id": "1",
        "object_repr": "Marek Schir",
        "action_flag": 1,
        "change_message": "[{\"added\": {}}, {\"added\": {\"name\": \"Contact Phone Number\", \"object\": \"Marek Schir | +17189093737\"}}, {\"added\": {\"name\": \"Contact Email\", \"object\": \"schir2@gmail.com\"}}]"
    }
},
{
    "model": "admin.logentry",
    "pk": 54,
    "fields": {
        "action_time": "2023-03-21T18:58:09.936Z",
        "user": [
            "mareks"
        ],
        "content_type": [
            "common",
            "contact"
        ],
        "object_id": "1",
        "object_repr": "Marek Schir",
        "action_flag": 2,
        "change_message": "[{\"added\": {\"name\": \"Contact Phone Number\", \"object\": \"Marek Schir | +12122198218\"}}, {\"changed\": {\"name\": \"Contact Phone Number\", \"object\": \"Marek Schir | +17189093737\", \"fields\": [\"Is primary\"]}}]"
    }
},
{
    "model": "admin.logentry",
    "pk": 55,
    "fields": {
        "action_time": "2023-03-21T18:58:19.994Z",
        "user": [
            "mareks"
        ],
        "content_type": [
            "common",
            "contact"
        ],
        "object_id": "1",
        "object_repr": "Marek Schir",
        "action_flag": 2,
        "change_message": "[{\"changed\": {\"name\": \"Contact Phone Number\", \"object\": \"Marek Schir | +17189093737\", \"fields\": [\"Is primary\"]}}]"
    }
},
{
    "model": "admin.logentry",
    "pk": 56,
    "fields": {
        "action_time": "2023-03-21T20:00:02.556Z",
        "user": [
            "mareks"
        ],
        "content_type": [
            "customers",
            "customer"
        ],
        "object_id": "1",
        "object_repr": "Marek Schir",
        "action_flag": 1,
        "change_message": "[{\"added\": {}}, {\"added\": {\"name\": \"customer contact\", \"object\": \"CustomerContact object (1)\"}}, {\"added\": {\"name\": \"Billing Location\", \"object\": \"Marek Schir\"}}]"
    }
},
{
    "model": "admin.logentry",
    "pk": 57,
    "fields": {
        "action_time": "2023-03-21T20:00:53.996Z",
        "user": [
            "mareks"
        ],
        "content_type": [
            "customers",
            "customer"
        ],
        "object_id": "2",
        "object_repr": "Marek Schir",
        "action_flag": 1,
        "change_message": "[{\"added\": {}}, {\"added\": {\"name\": \"Billing Location\", \"object\": \"Marek Schir\"}}]"
    }
},
{
    "model": "admin.logentry",
    "pk": 58,
    "fields": {
        "action_time": "2023-03-21T20:02:31.067Z",
        "user": [
            "mareks"
        ],
        "content_type": [
            "customers",
            "customer"
        ],
        "object_id": "1",
        "object_repr": "MMPC",
        "action_flag": 2,
        "change_message": "[{\"changed\": {\"fields\": [\"Parent\"]}}]"
    }
},
{
    "model": "admin.logentry",
    "pk": 59,
    "fields": {
        "action_time": "2023-03-21T20:11:54.138Z",
        "user": [
            "mareks"
        ],
        "content_type": [
            "customers",
            "customer"
        ],
        "object_id": "2",
        "object_repr": "MMPC",
        "action_flag": 2,
        "change_message": "[{\"changed\": {\"fields\": [\"Company name\"]}}, {\"changed\": {\"name\": \"Billing Location\", \"object\": \"Marek Schir\", \"fields\": [\"State\"]}}, {\"added\": {\"name\": \"Service Location\", \"object\": \"Office\"}}]"
    }
},
{
    "model": "admin.logentry",
    "pk": 60,
    "fields": {
        "action_time": "2023-03-21T20:14:59.483Z",
        "user": [
            "mareks"
        ],
        "content_type": [
            "customers",
            "customer"
        ],
        "object_id": "1",
        "object_repr": "MMPC",
        "action_flag": 2,
        "change_message": "[{\"added\": {\"name\": \"Service Location\", \"object\": \"Office\"}}]"
    }
},
{
    "model": "admin.logentry",
    "pk": 61,
    "fields": {
        "action_time": "2023-03-21T20:15:21.212Z",
        "user": [
            "mareks"
        ],
        "content_type": [
            "customers",
            "customer"
        ],
        "object_id": "2",
        "object_repr": "MMPC",
        "action_flag": 2,
        "change_message": "[{\"changed\": {\"name\": \"Service Location\", \"object\": \"Office\", \"fields\": [\"Is primary\"]}}]"
    }
}
]
