[
{
    "model": "contenttypes.contenttype",
    "fields": {
        "app_label": "admin",
        "model": "logentry"
    }
},
{
    "model": "contenttypes.contenttype",
    "fields": {
        "app_label": "auth",
        "model": "permission"
    }
},
{
    "model": "contenttypes.contenttype",
    "fields": {
        "app_label": "auth",
        "model": "group"
    }
},
{
    "model": "contenttypes.contenttype",
    "fields": {
        "app_label": "contenttypes",
        "model": "contenttype"
    }
},
{
    "model": "contenttypes.contenttype",
    "fields": {
        "app_label": "sessions",
        "model": "session"
    }
},
{
    "model": "contenttypes.contenttype",
    "fields": {
        "app_label": "sites",
        "model": "site"
    }
},
{
    "model": "contenttypes.contenttype",
    "fields": {
        "app_label": "authtoken",
        "model": "token"
    }
},
{
    "model": "contenttypes.contenttype",
    "fields": {
        "app_label": "authtoken",
        "model": "tokenproxy"
    }
},
{
    "model": "contenttypes.contenttype",
    "fields": {
        "app_label": "inventory",
        "model": "brand"
    }
},
{
    "model": "contenttypes.contenttype",
    "fields": {
        "app_label": "inventory",
        "model": "condition"
    }
},
{
    "model": "contenttypes.contenttype",
    "fields": {
        "app_label": "inventory",
        "model": "equipment"
    }
},
{
    "model": "contenttypes.contenttype",
    "fields": {
        "app_label": "inventory",
        "model": "equipmentclass"
    }
},
{
    "model": "contenttypes.contenttype",
    "fields": {
        "app_label": "inventory",
        "model": "equipmentitem"
    }
},
{
    "model": "contenttypes.contenttype",
    "fields": {
        "app_label": "inventory",
        "model": "material"
    }
},
{
    "model": "contenttypes.contenttype",
    "fields": {
        "app_label": "inventory",
        "model": "materialclass"
    }
},
{
    "model": "contenttypes.contenttype",
    "fields": {
        "app_label": "inventory",
        "model": "materialstock"
    }
},
{
    "model": "contenttypes.contenttype",
    "fields": {
        "app_label": "inventory",
        "model": "transfer"
    }
},
{
    "model": "contenttypes.contenttype",
    "fields": {
        "app_label": "inventory",
        "model": "transferacceptance"
    }
},
{
    "model": "contenttypes.contenttype",
    "fields": {
        "app_label": "inventory",
        "model": "transferitem"
    }
},
{
    "model": "contenttypes.contenttype",
    "fields": {
        "app_label": "inventory",
        "model": "vendor"
    }
},
{
    "model": "contenttypes.contenttype",
    "fields": {
        "app_label": "inventory",
        "model": "vendormaterial"
    }
},
{
    "model": "contenttypes.contenttype",
    "fields": {
        "app_label": "inventory",
        "model": "transferitemacceptance"
    }
},
{
    "model": "contenttypes.contenttype",
    "fields": {
        "app_label": "inventory",
        "model": "stocklocation"
    }
},
{
    "model": "contenttypes.contenttype",
    "fields": {
        "app_label": "inventory",
        "model": "materialclassmembership"
    }
},
{
    "model": "contenttypes.contenttype",
    "fields": {
        "app_label": "inventory",
        "model": "materialcategory"
    }
},
{
    "model": "contenttypes.contenttype",
    "fields": {
        "app_label": "inventory",
        "model": "equipmentfield"
    }
},
{
    "model": "contenttypes.contenttype",
    "fields": {
        "app_label": "inventory",
        "model": "equipmentcategory"
    }
},
{
    "model": "contenttypes.contenttype",
    "fields": {
        "app_label": "inventory",
        "model": "materialfield"
    }
},
{
    "model": "contenttypes.contenttype",
    "fields": {
        "app_label": "inventory",
        "model": "assetrequirementcategory"
    }
},
{
    "model": "contenttypes.contenttype",
    "fields": {
        "app_label": "inventory",
        "model": "vehicle"
    }
},
{
    "model": "contenttypes.contenttype",
    "fields": {
        "app_label": "inventory",
        "model": "vehiclematerial"
    }
},
{
    "model": "contenttypes.contenttype",
    "fields": {
        "app_label": "inventory",
        "model": "vehicleequipmentitem"
    }
},
{
    "model": "contenttypes.contenttype",
    "fields": {
        "app_label": "inventory",
        "model": "materialrequirement"
    }
},
{
    "model": "contenttypes.contenttype",
    "fields": {
        "app_label": "inventory",
        "model": "equipmentitemrequirement"
    }
},
{
    "model": "contenttypes.contenttype",
    "fields": {
        "app_label": "users",
        "model": "user"
    }
},
{
    "model": "contenttypes.contenttype",
    "fields": {
        "app_label": "users",
        "model": "historicaluser"
    }
},
{
    "model": "contenttypes.contenttype",
    "fields": {
        "app_label": "users",
        "model": "profile"
    }
},
{
    "model": "contenttypes.contenttype",
    "fields": {
        "app_label": "common",
        "model": "address"
    }
},
{
    "model": "contenttypes.contenttype",
    "fields": {
        "app_label": "common",
        "model": "contact"
    }
},
{
    "model": "contenttypes.contenttype",
    "fields": {
        "app_label": "common",
        "model": "emailtype"
    }
},
{
    "model": "contenttypes.contenttype",
    "fields": {
        "app_label": "common",
        "model": "phonenumbertype"
    }
},
{
    "model": "contenttypes.contenttype",
    "fields": {
        "app_label": "common",
        "model": "unitcategory"
    }
},
{
    "model": "contenttypes.contenttype",
    "fields": {
        "app_label": "common",
        "model": "unit"
    }
},
{
    "model": "contenttypes.contenttype",
    "fields": {
        "app_label": "common",
        "model": "task"
    }
},
{
    "model": "contenttypes.contenttype",
    "fields": {
        "app_label": "common",
        "model": "target"
    }
},
{
    "model": "contenttypes.contenttype",
    "fields": {
        "app_label": "common",
        "model": "question"
    }
},
{
    "model": "contenttypes.contenttype",
    "fields": {
        "app_label": "common",
        "model": "field"
    }
},
{
    "model": "contenttypes.contenttype",
    "fields": {
        "app_label": "common",
        "model": "document"
    }
},
{
    "model": "contenttypes.contenttype",
    "fields": {
        "app_label": "common",
        "model": "contactphonenumber"
    }
},
{
    "model": "contenttypes.contenttype",
    "fields": {
        "app_label": "common",
        "model": "contactemail"
    }
},
{
    "model": "contenttypes.contenttype",
    "fields": {
        "app_label": "common",
        "model": "attachment"
    }
},
{
    "model": "contenttypes.contenttype",
    "fields": {
        "app_label": "customers",
        "model": "customer"
    }
},
{
    "model": "contenttypes.contenttype",
    "fields": {
        "app_label": "customers",
        "model": "servicelocation"
    }
},
{
    "model": "contenttypes.contenttype",
    "fields": {
        "app_label": "customers",
        "model": "customercontact"
    }
},
{
    "model": "contenttypes.contenttype",
    "fields": {
        "app_label": "customers",
        "model": "billinglocation"
    }
},
{
    "model": "contenttypes.contenttype",
    "fields": {
        "app_label": "orders",
        "model": "pricingscheme"
    }
},
{
    "model": "contenttypes.contenttype",
    "fields": {
        "app_label": "orders",
        "model": "requiredservicematerial"
    }
},
{
    "model": "contenttypes.contenttype",
    "fields": {
        "app_label": "orders",
        "model": "service"
    }
},
{
    "model": "contenttypes.contenttype",
    "fields": {
        "app_label": "orders",
        "model": "warranty"
    }
},
{
    "model": "contenttypes.contenttype",
    "fields": {
        "app_label": "orders",
        "model": "suggestedservicematerial"
    }
},
{
    "model": "contenttypes.contenttype",
    "fields": {
        "app_label": "orders",
        "model": "servicewarranty"
    }
},
{
    "model": "contenttypes.contenttype",
    "fields": {
        "app_label": "orders",
        "model": "serviceproduct"
    }
},
{
    "model": "contenttypes.contenttype",
    "fields": {
        "app_label": "orders",
        "model": "servicematerialclass"
    }
},
{
    "model": "contenttypes.contenttype",
    "fields": {
        "app_label": "orders",
        "model": "requiredserviceequipment"
    }
},
{
    "model": "contenttypes.contenttype",
    "fields": {
        "app_label": "inventory",
        "model": "customer"
    }
},
{
    "model": "contenttypes.contenttype",
    "fields": {
        "app_label": "inventory",
        "model": "unitcategory"
    }
},
{
    "model": "contenttypes.contenttype",
    "fields": {
        "app_label": "inventory",
        "model": "unit"
    }
},
{
    "model": "contenttypes.contenttype",
    "fields": {
        "app_label": "inventory",
        "model": "target"
    }
},
{
    "model": "contenttypes.contenttype",
    "fields": {
        "app_label": "inventory",
        "model": "servicelocation"
    }
},
{
    "model": "contenttypes.contenttype",
    "fields": {
        "app_label": "inventory",
        "model": "customercontact"
    }
},
{
    "model": "contenttypes.contenttype",
    "fields": {
        "app_label": "common",
        "model": "email"
    }
},
{
    "model": "contenttypes.contenttype",
    "fields": {
        "app_label": "common",
        "model": "location"
    }
},
{
    "model": "contenttypes.contenttype",
    "fields": {
        "app_label": "common",
        "model": "phonenumber"
    }
},
{
    "model": "contenttypes.contenttype",
    "fields": {
        "app_label": "inventory",
        "model": "pricingscheme"
    }
},
{
    "model": "contenttypes.contenttype",
    "fields": {
        "app_label": "inventory",
        "model": "requiredservicematerial"
    }
},
{
    "model": "contenttypes.contenttype",
    "fields": {
        "app_label": "inventory",
        "model": "service"
    }
},
{
    "model": "contenttypes.contenttype",
    "fields": {
        "app_label": "inventory",
        "model": "warrantytemplate"
    }
},
{
    "model": "contenttypes.contenttype",
    "fields": {
        "app_label": "inventory",
        "model": "warranty"
    }
},
{
    "model": "contenttypes.contenttype",
    "fields": {
        "app_label": "inventory",
        "model": "suggestedservicematerial"
    }
},
{
    "model": "contenttypes.contenttype",
    "fields": {
        "app_label": "inventory",
        "model": "serviceproduct"
    }
},
{
    "model": "contenttypes.contenttype",
    "fields": {
        "app_label": "inventory",
        "model": "servicematerialclass"
    }
},
{
    "model": "sessions.session",
    "pk": "0q9ipfgyf1aui32veaqod18l50srrnkx",
    "fields": {
        "session_data": ".eJxVjMsOwiAQRf-FtSHAAAWX7v0GMsNDqgaS0q6M_65NutDtPefcFwu4rTVsIy9hTuzMJDv9boTxkdsO0h3brfPY27rMxHeFH3Twa0_5eTncv4OKo35rBGn0ZA04jN6nIrzwWkEkQHIFiRCE98oK7YyMKChZpXJSQpbJOAXs_QHNcDcw:1pegef:ADKyyu4o8hrvfbIgWp_nDIU9pRF2PGXSH7pyV1lMuP8",
        "expire_date": "2023-04-04T18:24:17.963Z"
    }
},
{
    "model": "sessions.session",
    "pk": "1pxj6bcj4yvs8t895b07023tpknqt46l",
    "fields": {
        "session_data": ".eJxVjMsOwiAQRf-FtSHAAAWX7v0GMsNDqgaS0q6M_65NutDtPefcFwu4rTVsIy9hTuzMJDv9boTxkdsO0h3brfPY27rMxHeFH3Twa0_5eTncv4OKo35rBGn0ZA04jN6nIrzwWkEkQHIFiRCE98oK7YyMKChZpXJSQpbJOAXs_QHNcDcw:1phaEX:8SNelwrZnO889Na0gfttQ7KzknCL00rMEmvsu2dpHiI",
        "expire_date": "2023-04-12T18:09:17.456Z"
    }
},
{
    "model": "sessions.session",
    "pk": "31nnotvnj2npy23ezkgg2rp3fhcwa9v0",
    "fields": {
        "session_data": ".eJxVjMsOwiAQRf-FtSHAAAWX7v0GMsNDqgaS0q6M_65NutDtPefcFwu4rTVsIy9hTuzMJDv9boTxkdsO0h3brfPY27rMxHeFH3Twa0_5eTncv4OKo35rBGn0ZA04jN6nIrzwWkEkQHIFiRCE98oK7YyMKChZpXJSQpbJOAXs_QHNcDcw:1pjMTj:pHipLU5UcEn5pDI9glpkpW2BPMN-N65m9YH-rFSICE0",
        "expire_date": "2023-04-17T15:52:19.251Z"
    }
},
{
    "model": "sessions.session",
    "pk": "6py5zrbqnfxsentsadh5hm4unsa3jxrl",
    "fields": {
        "session_data": ".eJxVjMsOwiAQRf-FtSHAAAWX7v0GMsNDqgaS0q6M_65NutDtPefcFwu4rTVsIy9hTuzMJDv9boTxkdsO0h3brfPY27rMxHeFH3Twa0_5eTncv4OKo35rBGn0ZA04jN6nIrzwWkEkQHIFiRCE98oK7YyMKChZpXJSQpbJOAXs_QHNcDcw:1pehMI:LjiNodHtC73oTjJE6DhOeN3hdrA5QfYDQphfxSV1hOs",
        "expire_date": "2023-04-04T19:09:22.412Z"
    }
},
{
    "model": "sessions.session",
    "pk": "gb9thxx29xqeqlpfa42nlvexd6kdksbz",
    "fields": {
        "session_data": ".eJxVjMsOwiAQRf-FtSHAAAWX7v0GMsNDqgaS0q6M_65NutDtPefcFwu4rTVsIy9hTuzMJDv9boTxkdsO0h3brfPY27rMxHeFH3Twa0_5eTncv4OKo35rBGn0ZA04jN6nIrzwWkEkQHIFiRCE98oK7YyMKChZpXJSQpbJOAXs_QHNcDcw:1phqjk:nYYiFcvTEG3r-iFyem85sR6CbRnobr0hYVbMGJgub1o",
        "expire_date": "2023-04-13T11:46:36.729Z"
    }
},
{
    "model": "sessions.session",
    "pk": "jzyslvxfyswg3kc1b1qxe8ym49vf001v",
    "fields": {
        "session_data": ".eJxVjMsOwiAQRf-FtSHAAAWX7v0GMsNDqgaS0q6M_65NutDtPefcFwu4rTVsIy9hTuzMJDv9boTxkdsO0h3brfPY27rMxHeFH3Twa0_5eTncv4OKo35rBGn0ZA04jN6nIrzwWkEkQHIFiRCE98oK7YyMKChZpXJSQpbJOAXs_QHNcDcw:1pjN0J:2UFoUuuvftrimlz00Lkxxpj2Gy7oRropyWvtND935Tk",
        "expire_date": "2023-04-17T16:25:59.156Z"
    }
},
{
    "model": "sessions.session",
    "pk": "k109unhjmgjmcuesfqz1ac32zd1er8rk",
    "fields": {
        "session_data": ".eJxVjMsOwiAQRf-FtSHAAAWX7v0GMsNDqgaS0q6M_65NutDtPefcFwu4rTVsIy9hTuzMJDv9boTxkdsO0h3brfPY27rMxHeFH3Twa0_5eTncv4OKo35rBGn0ZA04jN6nIrzwWkEkQHIFiRCE98oK7YyMKChZpXJSQpbJOAXs_QHNcDcw:1paKLX:BXL_rFfiEbWNTy7ams1y6i2-02WQjBWyTW0rJ6vHZoM",
        "expire_date": "2023-03-23T17:46:31.238Z"
    }
},
{
    "model": "sessions.session",
    "pk": "m2ikaplf30paqh43dd9i4n0j3o88zxar",
    "fields": {
        "session_data": ".eJxVjMsOwiAQRf-FtSHAAAWX7v0GMsNDqgaS0q6M_65NutDtPefcFwu4rTVsIy9hTuzMJDv9boTxkdsO0h3brfPY27rMxHeFH3Twa0_5eTncv4OKo35rBGn0ZA04jN6nIrzwWkEkQHIFiRCE98oK7YyMKChZpXJSQpbJOAXs_QHNcDcw:1pjfhr:W2VnjFphhSZGyx_gm9faR2SOxs1xfE0x2cENvxnKcdQ",
        "expire_date": "2023-04-18T12:24:11.527Z"
    }
},
{
    "model": "sessions.session",
    "pk": "mzsys38c65xwpwyueog9uar017h9qzjs",
    "fields": {
        "session_data": ".eJxVjMsOwiAQRf-FtSHAAAWX7v0GMsNDqgaS0q6M_65NutDtPefcFwu4rTVsIy9hTuzMJDv9boTxkdsO0h3brfPY27rMxHeFH3Twa0_5eTncv4OKo35rBGn0ZA04jN6nIrzwWkEkQHIFiRCE98oK7YyMKChZpXJSQpbJOAXs_QHNcDcw:1pha5m:U-rrRB2o9iBNH909uE5Ku6bVOqeIovX_8KszarBKO3I",
        "expire_date": "2023-04-12T18:00:14.061Z"
    }
},
{
    "model": "sessions.session",
    "pk": "qutig8icex0x45eorryqsen5tqvloyfn",
    "fields": {
        "session_data": ".eJxVjMsOwiAQRf-FtSHAAAWX7v0GMsNDqgaS0q6M_65NutDtPefcFwu4rTVsIy9hTuzMJDv9boTxkdsO0h3brfPY27rMxHeFH3Twa0_5eTncv4OKo35rBGn0ZA04jN6nIrzwWkEkQHIFiRCE98oK7YyMKChZpXJSQpbJOAXs_QHNcDcw:1pjMd3:yo7xMWjhgNfWiI1lJB1D_6CXwbSIaZBdn3QDGW9AO_s",
        "expire_date": "2023-04-17T16:01:57.129Z"
    }
},
{
    "model": "sessions.session",
    "pk": "sm1nhzxwi5ffmverjbsqygad6boha63v",
    "fields": {
        "session_data": ".eJxVjMsOwiAQRf-FtSHAAAWX7v0GMsNDqgaS0q6M_65NutDtPefcFwu4rTVsIy9hTuzMJDv9boTxkdsO0h3brfPY27rMxHeFH3Twa0_5eTncv4OKo35rBGn0ZA04jN6nIrzwWkEkQHIFiRCE98oK7YyMKChZpXJSQpbJOAXs_QHNcDcw:1paKF7:uG0UAknMMtNm4glX_lphkCfpXB-cDHNz4jjBcK_mxK4",
        "expire_date": "2023-03-23T17:39:53.353Z"
    }
},
{
    "model": "sessions.session",
    "pk": "y8ujqh4lme222qmtirtp2wo6dokzna29",
    "fields": {
        "session_data": ".eJxVjDsOwjAQBe_iGlnxxvZiSvqcIdqPjQMokfKpEHeHSCmgfTPzXqanba39tuS5H9RcjDOn341JHnncgd5pvE1WpnGdB7a7Yg-62G7S_Lwe7t9BpaV-65aFIUhEnzgTIIK6kgIwFvSaxZ9jbAi0hJiwiYBJQtZEnsUV8K15fwDoxDfi:1pa4gh:OChtXtriMM78TkzoODF9kG4aJN0vz17ryPbPhjzKEmo",
        "expire_date": "2023-03-23T01:03:19.397Z"
    }
},
{
    "model": "sites.site",
    "fields": {
        "domain": "example.com",
        "name": "example.com"
    }
},
{
    "model": "inventory.brand",
    "pk": 1,
    "fields": {
        "name": "MaxForce"
    }
},
{
    "model": "inventory.brand",
    "pk": 2,
    "fields": {
        "name": "Unspecified"
    }
},
{
    "model": "inventory.brand",
    "pk": 3,
    "fields": {
        "name": "B&G Equipment Company"
    }
},
{
    "model": "inventory.equipment",
    "pk": 1,
    "fields": {
        "name": "B&G Tank",
        "category": null,
        "equipment_class": null,
        "brand": 3
    }
},
{
    "model": "inventory.equipmentclass",
    "pk": 1,
    "fields": {
        "name": "B&G Tank"
    }
},
{
    "model": "inventory.equipmentcategory",
    "pk": 1,
    "fields": {
        "name": "Pesticide Applicator",
        "description": "Equipment that is designed specifically for the application of pesticides",
        "parent": null,
        "lft": 1,
        "rght": 2,
        "tree_id": 1,
        "level": 0
    }
},
{
    "model": "inventory.condition",
    "pk": 1,
    "fields": {
        "name": "New",
        "description": "Brand new, never used equipment in perfect condition"
    }
},
{
    "model": "inventory.condition",
    "pk": 2,
    "fields": {
        "name": "Working",
        "description": "Used equipment in good working condition"
    }
},
{
    "model": "inventory.condition",
    "pk": 3,
    "fields": {
        "name": "Damaged",
        "description": "Equipment with minor damage that can still be used"
    }
},
{
    "model": "inventory.condition",
    "pk": 4,
    "fields": {
        "name": "Decommissioned",
        "description": "Equipment that has been taken out of service and can no longer be used"
    }
},
{
    "model": "inventory.vendor",
    "pk": 1,
    "fields": {
        "name": "DoMyOwn",
        "is_active": true,
        "delivery_time": 7,
        "website": "https://www.domyown.com/"
    }
},
{
    "model": "inventory.vendor",
    "pk": 2,
    "fields": {
        "name": "Veseris",
        "is_active": true,
        "delivery_time": 7,
        "website": "https://store.veseris.com/"
    }
},
{
    "model": "inventory.material",
    "pk": 1,
    "fields": {
        "name": "Maxforce FC Ant Bait Station",
        "description": "Maxforce FC Ant Bait Stations are all about fast control and secondary kill. Due to Fipronil and its accelerated Domino Effect kill, Maxforce Ant Bait Stations start to kill ants in just six hours. Tests show 90% population reductions in just four days for ants. This product is more of a protein-based bait. We recommend using these bait stations along with a gel bait which is mostly a source of sugar since ants could be in the mood for either protein or sugar. Gels and stations provide different dietary needs for ants. The ants may eat the gel, or bait stations, or both. And their diet may change frequently between gels and the bait stations. It is better to provide them with both for an optimum kill.",
        "brand": 1,
        "category": 1,
        "is_taxable": true,
        "is_active": true,
        "is_product": false,
        "product_sell_price": "0.00",
        "material_sell_price": "0.00",
        "preferred_vendor": 1,
        "usage_unit": 1,
        "retail_unit": 2,
        "targets": []
    }
},
{
    "model": "inventory.material",
    "pk": 2,
    "fields": {
        "name": "Tc 228",
        "description": "Tc 228",
        "brand": 2,
        "category": 1,
        "is_taxable": true,
        "is_active": true,
        "is_product": false,
        "product_sell_price": "0.00",
        "material_sell_price": "0.00",
        "preferred_vendor": null,
        "usage_unit": 11,
        "retail_unit": 11,
        "targets": []
    }
},
{
    "model": "inventory.material",
    "pk": 3,
    "fields": {
        "name": "Tc 248",
        "description": "Tc 248",
        "brand": 2,
        "category": 1,
        "is_taxable": true,
        "is_active": true,
        "is_product": false,
        "product_sell_price": "0.00",
        "material_sell_price": "0.00",
        "preferred_vendor": null,
        "usage_unit": 11,
        "retail_unit": 11,
        "targets": []
    }
},
{
    "model": "inventory.material",
    "pk": 4,
    "fields": {
        "name": "Tcc 223",
        "description": "Tcc 223",
        "brand": 2,
        "category": 1,
        "is_taxable": true,
        "is_active": true,
        "is_product": false,
        "product_sell_price": "0.00",
        "material_sell_price": "0.00",
        "preferred_vendor": null,
        "usage_unit": 11,
        "retail_unit": 11,
        "targets": []
    }
},
{
    "model": "inventory.material",
    "pk": 5,
    "fields": {
        "name": "Whitmire Micro-Gen Pt 370 Ascend Fire Ant Bait",
        "description": "Whitmire micro-gen pt 370 ascend fire ant bait",
        "brand": 2,
        "category": 1,
        "is_taxable": true,
        "is_active": true,
        "is_product": false,
        "product_sell_price": "0.00",
        "material_sell_price": "0.00",
        "preferred_vendor": null,
        "usage_unit": 11,
        "retail_unit": 11,
        "targets": []
    }
},
{
    "model": "inventory.material",
    "pk": 6,
    "fields": {
        "name": "Advion Ant Gel",
        "description": "Advion ant gel",
        "brand": 2,
        "category": 1,
        "is_taxable": true,
        "is_active": true,
        "is_product": false,
        "product_sell_price": "0.00",
        "material_sell_price": "0.00",
        "preferred_vendor": null,
        "usage_unit": 11,
        "retail_unit": 11,
        "targets": []
    }
},
{
    "model": "inventory.material",
    "pk": 7,
    "fields": {
        "name": "Tc 249",
        "description": "Tc 249",
        "brand": 2,
        "category": 1,
        "is_taxable": true,
        "is_active": true,
        "is_product": false,
        "product_sell_price": "0.00",
        "material_sell_price": "0.00",
        "preferred_vendor": null,
        "usage_unit": 11,
        "retail_unit": 11,
        "targets": []
    }
},
{
    "model": "inventory.material",
    "pk": 8,
    "fields": {
        "name": "Zoecon Rf-292 Briquet",
        "description": "Zoecon rf-292 briquet",
        "brand": 2,
        "category": 1,
        "is_taxable": true,
        "is_active": true,
        "is_product": false,
        "product_sell_price": "0.00",
        "material_sell_price": "0.00",
        "preferred_vendor": null,
        "usage_unit": 11,
        "retail_unit": 11,
        "targets": []
    }
},
{
    "model": "inventory.material",
    "pk": 9,
    "fields": {
        "name": "Aprehend",
        "description": "Aprehend",
        "brand": 2,
        "category": 1,
        "is_taxable": true,
        "is_active": true,
        "is_product": false,
        "product_sell_price": "0.00",
        "material_sell_price": "0.00",
        "preferred_vendor": null,
        "usage_unit": 11,
        "retail_unit": 11,
        "targets": []
    }
},
{
    "model": "inventory.material",
    "pk": 10,
    "fields": {
        "name": "Multicide Lice & Dust Mite Spray 27911",
        "description": "Multicide lice & dust mite spray 27911",
        "brand": 2,
        "category": 1,
        "is_taxable": true,
        "is_active": true,
        "is_product": false,
        "product_sell_price": "0.00",
        "material_sell_price": "0.00",
        "preferred_vendor": null,
        "usage_unit": 11,
        "retail_unit": 11,
        "targets": []
    }
},
{
    "model": "inventory.material",
    "pk": 11,
    "fields": {
        "name": "Bora-Care",
        "description": "Bora-care",
        "brand": 2,
        "category": 1,
        "is_taxable": true,
        "is_active": true,
        "is_product": false,
        "product_sell_price": "0.00",
        "material_sell_price": "0.00",
        "preferred_vendor": null,
        "usage_unit": 11,
        "retail_unit": 11,
        "targets": []
    }
},
{
    "model": "inventory.material",
    "pk": 12,
    "fields": {
        "name": "Roach Kil Commercial",
        "description": "Roach kil commercial",
        "brand": 2,
        "category": 1,
        "is_taxable": true,
        "is_active": true,
        "is_product": false,
        "product_sell_price": "0.00",
        "material_sell_price": "0.00",
        "preferred_vendor": null,
        "usage_unit": 11,
        "retail_unit": 11,
        "targets": []
    }
},
{
    "model": "inventory.material",
    "pk": 13,
    "fields": {
        "name": "Mycotrol® Es",
        "description": "Mycotrol® es",
        "brand": 2,
        "category": 1,
        "is_taxable": true,
        "is_active": true,
        "is_product": false,
        "product_sell_price": "0.00",
        "material_sell_price": "0.00",
        "preferred_vendor": null,
        "usage_unit": 11,
        "retail_unit": 11,
        "targets": []
    }
},
{
    "model": "inventory.material",
    "pk": 14,
    "fields": {
        "name": "Purge Iii Insecticide",
        "description": "Purge iii insecticide",
        "brand": 2,
        "category": 1,
        "is_taxable": true,
        "is_active": true,
        "is_product": false,
        "product_sell_price": "0.00",
        "material_sell_price": "0.00",
        "preferred_vendor": null,
        "usage_unit": 11,
        "retail_unit": 11,
        "targets": []
    }
},
{
    "model": "inventory.material",
    "pk": 15,
    "fields": {
        "name": "",
        "description": "",
        "brand": 2,
        "category": 1,
        "is_taxable": true,
        "is_active": true,
        "is_product": false,
        "product_sell_price": "0.00",
        "material_sell_price": "0.00",
        "preferred_vendor": null,
        "usage_unit": 11,
        "retail_unit": 11,
        "targets": []
    }
},
{
    "model": "inventory.material",
    "pk": 16,
    "fields": {
        "name": "Contrac All-Weather Blox",
        "description": "Contrac all-weather blox",
        "brand": 2,
        "category": 1,
        "is_taxable": true,
        "is_active": true,
        "is_product": false,
        "product_sell_price": "0.00",
        "material_sell_price": "0.00",
        "preferred_vendor": null,
        "usage_unit": 11,
        "retail_unit": 11,
        "targets": []
    }
},
{
    "model": "inventory.material",
    "pk": 17,
    "fields": {
        "name": "Contrac Rat And Mouse Bait Ready To Use Place Pacs",
        "description": "Contrac rat and mouse bait ready to use place pacs",
        "brand": 2,
        "category": 1,
        "is_taxable": true,
        "is_active": true,
        "is_product": false,
        "product_sell_price": "0.00",
        "material_sell_price": "0.00",
        "preferred_vendor": null,
        "usage_unit": 11,
        "retail_unit": 11,
        "targets": []
    }
},
{
    "model": "inventory.material",
    "pk": 18,
    "fields": {
        "name": "Contrac Rodenticide",
        "description": "Contrac rodenticide",
        "brand": 2,
        "category": 1,
        "is_taxable": true,
        "is_active": true,
        "is_product": false,
        "product_sell_price": "0.00",
        "material_sell_price": "0.00",
        "preferred_vendor": null,
        "usage_unit": 11,
        "retail_unit": 11,
        "targets": []
    }
},
{
    "model": "inventory.material",
    "pk": 19,
    "fields": {
        "name": "Contrapest®",
        "description": "Contrapest®",
        "brand": 2,
        "category": 1,
        "is_taxable": true,
        "is_active": true,
        "is_product": false,
        "product_sell_price": "0.00",
        "material_sell_price": "0.00",
        "preferred_vendor": null,
        "usage_unit": 11,
        "retail_unit": 11,
        "targets": []
    }
},
{
    "model": "inventory.material",
    "pk": 20,
    "fields": {
        "name": "Mgk Formula 30642",
        "description": "Mgk formula 30642",
        "brand": 2,
        "category": 1,
        "is_taxable": true,
        "is_active": true,
        "is_product": false,
        "product_sell_price": "0.00",
        "material_sell_price": "0.00",
        "preferred_vendor": null,
        "usage_unit": 11,
        "retail_unit": 11,
        "targets": []
    }
},
{
    "model": "inventory.material",
    "pk": 21,
    "fields": {
        "name": "Vbc3 Insecticide",
        "description": "Vbc3 insecticide",
        "brand": 2,
        "category": 1,
        "is_taxable": true,
        "is_active": true,
        "is_product": false,
        "product_sell_price": "0.00",
        "material_sell_price": "0.00",
        "preferred_vendor": null,
        "usage_unit": 11,
        "retail_unit": 11,
        "targets": []
    }
},
{
    "model": "inventory.material",
    "pk": 22,
    "fields": {
        "name": "Lx417 Lambda-Cyhalothrin",
        "description": "Lx417 lambda-cyhalothrin",
        "brand": 2,
        "category": 1,
        "is_taxable": true,
        "is_active": true,
        "is_product": false,
        "product_sell_price": "0.00",
        "material_sell_price": "0.00",
        "preferred_vendor": null,
        "usage_unit": 11,
        "retail_unit": 11,
        "targets": []
    }
},
{
    "model": "inventory.material",
    "pk": 23,
    "fields": {
        "name": "Tc 198",
        "description": "Tc 198",
        "brand": 2,
        "category": 1,
        "is_taxable": true,
        "is_active": true,
        "is_product": false,
        "product_sell_price": "0.00",
        "material_sell_price": "0.00",
        "preferred_vendor": null,
        "usage_unit": 11,
        "retail_unit": 11,
        "targets": []
    }
},
{
    "model": "inventory.material",
    "pk": 24,
    "fields": {
        "name": "Optem Pt 600 Microencapsulated Insecticide",
        "description": "Optem pt 600 microencapsulated insecticide",
        "brand": 2,
        "category": 1,
        "is_taxable": true,
        "is_active": true,
        "is_product": false,
        "product_sell_price": "0.00",
        "material_sell_price": "0.00",
        "preferred_vendor": null,
        "usage_unit": 11,
        "retail_unit": 11,
        "targets": []
    }
},
{
    "model": "inventory.material",
    "pk": 25,
    "fields": {
        "name": "Cb Deltamethrin Foam Insecticide",
        "description": "Cb deltamethrin foam insecticide",
        "brand": 2,
        "category": 1,
        "is_taxable": true,
        "is_active": true,
        "is_product": false,
        "product_sell_price": "0.00",
        "material_sell_price": "0.00",
        "preferred_vendor": null,
        "usage_unit": 11,
        "retail_unit": 11,
        "targets": []
    }
},
{
    "model": "inventory.material",
    "pk": 26,
    "fields": {
        "name": "Cb Insecticide With Deltamethrin",
        "description": "Cb insecticide with deltamethrin",
        "brand": 2,
        "category": 1,
        "is_taxable": true,
        "is_active": true,
        "is_product": false,
        "product_sell_price": "0.00",
        "material_sell_price": "0.00",
        "preferred_vendor": null,
        "usage_unit": 11,
        "retail_unit": 11,
        "targets": []
    }
},
{
    "model": "inventory.material",
    "pk": 27,
    "fields": {
        "name": "Ditrac Tracking Powder",
        "description": "Ditrac tracking powder",
        "brand": 2,
        "category": 1,
        "is_taxable": true,
        "is_active": true,
        "is_product": false,
        "product_sell_price": "0.00",
        "material_sell_price": "0.00",
        "preferred_vendor": null,
        "usage_unit": 11,
        "retail_unit": 11,
        "targets": []
    }
},
{
    "model": "inventory.material",
    "pk": 28,
    "fields": {
        "name": "Drione Insecticide",
        "description": "Drione insecticide",
        "brand": 2,
        "category": 1,
        "is_taxable": true,
        "is_active": true,
        "is_product": false,
        "product_sell_price": "0.00",
        "material_sell_price": "0.00",
        "preferred_vendor": null,
        "usage_unit": 11,
        "retail_unit": 11,
        "targets": []
    }
},
{
    "model": "inventory.material",
    "pk": 29,
    "fields": {
        "name": "Advion Cockroach Bait Arena",
        "description": "Advion cockroach bait arena",
        "brand": 2,
        "category": 1,
        "is_taxable": true,
        "is_active": true,
        "is_product": false,
        "product_sell_price": "0.00",
        "material_sell_price": "0.00",
        "preferred_vendor": null,
        "usage_unit": 11,
        "retail_unit": 11,
        "targets": []
    }
},
{
    "model": "inventory.material",
    "pk": 30,
    "fields": {
        "name": "Advion Cockroach Gel Bait",
        "description": "Advion cockroach gel bait",
        "brand": 2,
        "category": 1,
        "is_taxable": true,
        "is_active": true,
        "is_product": false,
        "product_sell_price": "0.00",
        "material_sell_price": "0.00",
        "preferred_vendor": null,
        "usage_unit": 11,
        "retail_unit": 11,
        "targets": []
    }
},
{
    "model": "inventory.material",
    "pk": 31,
    "fields": {
        "name": "Dry Pyganic 1.0%",
        "description": "Dry pyganic 1.0%",
        "brand": 2,
        "category": 1,
        "is_taxable": true,
        "is_active": true,
        "is_product": false,
        "product_sell_price": "0.00",
        "material_sell_price": "0.00",
        "preferred_vendor": null,
        "usage_unit": 11,
        "retail_unit": 11,
        "targets": []
    }
},
{
    "model": "inventory.material",
    "pk": 32,
    "fields": {
        "name": "Prentox Exciter",
        "description": "Prentox exciter",
        "brand": 2,
        "category": 1,
        "is_taxable": true,
        "is_active": true,
        "is_product": false,
        "product_sell_price": "0.00",
        "material_sell_price": "0.00",
        "preferred_vendor": null,
        "usage_unit": 11,
        "retail_unit": 11,
        "targets": []
    }
},
{
    "model": "inventory.material",
    "pk": 33,
    "fields": {
        "name": "F-Trac All-Weather Blox",
        "description": "F-trac all-weather blox",
        "brand": 2,
        "category": 1,
        "is_taxable": true,
        "is_active": true,
        "is_product": false,
        "product_sell_price": "0.00",
        "material_sell_price": "0.00",
        "preferred_vendor": null,
        "usage_unit": 11,
        "retail_unit": 11,
        "targets": []
    }
},
{
    "model": "inventory.material",
    "pk": 34,
    "fields": {
        "name": "Final All-Weather Blox",
        "description": "Final all-weather blox",
        "brand": 2,
        "category": 1,
        "is_taxable": true,
        "is_active": true,
        "is_product": false,
        "product_sell_price": "0.00",
        "material_sell_price": "0.00",
        "preferred_vendor": null,
        "usage_unit": 11,
        "retail_unit": 11,
        "targets": []
    }
},
{
    "model": "inventory.material",
    "pk": 35,
    "fields": {
        "name": "Final Soft Bait",
        "description": "Final soft bait",
        "brand": 2,
        "category": 1,
        "is_taxable": true,
        "is_active": true,
        "is_product": false,
        "product_sell_price": "0.00",
        "material_sell_price": "0.00",
        "preferred_vendor": null,
        "usage_unit": 11,
        "retail_unit": 11,
        "targets": []
    }
},
{
    "model": "inventory.material",
    "pk": 36,
    "fields": {
        "name": "Difethialone Soft Bait",
        "description": "Difethialone soft bait",
        "brand": 2,
        "category": 1,
        "is_taxable": true,
        "is_active": true,
        "is_product": false,
        "product_sell_price": "0.00",
        "material_sell_price": "0.00",
        "preferred_vendor": null,
        "usage_unit": 11,
        "retail_unit": 11,
        "targets": []
    }
},
{
    "model": "inventory.material",
    "pk": 37,
    "fields": {
        "name": "Cb-540 Fogger",
        "description": "Cb-540 fogger",
        "brand": 2,
        "category": 1,
        "is_taxable": true,
        "is_active": true,
        "is_product": false,
        "product_sell_price": "0.00",
        "material_sell_price": "0.00",
        "preferred_vendor": null,
        "usage_unit": 11,
        "retail_unit": 11,
        "targets": []
    }
},
{
    "model": "inventory.material",
    "pk": 38,
    "fields": {
        "name": "Fresh Cab",
        "description": "Fresh cab",
        "brand": 2,
        "category": 1,
        "is_taxable": true,
        "is_active": true,
        "is_product": false,
        "product_sell_price": "0.00",
        "material_sell_price": "0.00",
        "preferred_vendor": null,
        "usage_unit": 11,
        "retail_unit": 11,
        "targets": []
    }
},
{
    "model": "inventory.material",
    "pk": 39,
    "fields": {
        "name": "Difethialone Mini Blocks",
        "description": "Difethialone mini blocks",
        "brand": 2,
        "category": 1,
        "is_taxable": true,
        "is_active": true,
        "is_product": false,
        "product_sell_price": "0.00",
        "material_sell_price": "0.00",
        "preferred_vendor": null,
        "usage_unit": 11,
        "retail_unit": 11,
        "targets": []
    }
},
{
    "model": "inventory.material",
    "pk": 40,
    "fields": {
        "name": "Generation Mini Blocks",
        "description": "Generation mini blocks",
        "brand": 2,
        "category": 1,
        "is_taxable": true,
        "is_active": true,
        "is_product": false,
        "product_sell_price": "0.00",
        "material_sell_price": "0.00",
        "preferred_vendor": null,
        "usage_unit": 11,
        "retail_unit": 11,
        "targets": []
    }
},
{
    "model": "inventory.material",
    "pk": 41,
    "fields": {
        "name": "Zoecon Rf-259 Emulsifiable Concentrate",
        "description": "Zoecon rf-259 emulsifiable concentrate",
        "brand": 2,
        "category": 1,
        "is_taxable": true,
        "is_active": true,
        "is_product": false,
        "product_sell_price": "0.00",
        "material_sell_price": "0.00",
        "preferred_vendor": null,
        "usage_unit": 11,
        "retail_unit": 11,
        "targets": []
    }
},
{
    "model": "inventory.material",
    "pk": 42,
    "fields": {
        "name": "Gourmet Ant Bait Gel",
        "description": "Gourmet ant bait gel",
        "brand": 2,
        "category": 1,
        "is_taxable": true,
        "is_active": true,
        "is_product": false,
        "product_sell_price": "0.00",
        "material_sell_price": "0.00",
        "preferred_vendor": null,
        "usage_unit": 11,
        "retail_unit": 11,
        "targets": []
    }
},
{
    "model": "inventory.material",
    "pk": 43,
    "fields": {
        "name": "Hot Pepper Wax",
        "description": "Hot pepper wax",
        "brand": 2,
        "category": 1,
        "is_taxable": true,
        "is_active": true,
        "is_product": false,
        "product_sell_price": "0.00",
        "material_sell_price": "0.00",
        "preferred_vendor": null,
        "usage_unit": 11,
        "retail_unit": 11,
        "targets": []
    }
},
{
    "model": "inventory.material",
    "pk": 44,
    "fields": {
        "name": "Pyrocide Dual Synergized Fogging Concentrate 7466",
        "description": "Pyrocide dual synergized fogging concentrate 7466",
        "brand": 2,
        "category": 1,
        "is_taxable": true,
        "is_active": true,
        "is_product": false,
        "product_sell_price": "0.00",
        "material_sell_price": "0.00",
        "preferred_vendor": null,
        "usage_unit": 11,
        "retail_unit": 11,
        "targets": []
    }
},
{
    "model": "inventory.material",
    "pk": 45,
    "fields": {
        "name": "Maxforce Granular Insect Bait",
        "description": "Maxforce granular insect bait",
        "brand": 2,
        "category": 1,
        "is_taxable": true,
        "is_active": true,
        "is_product": false,
        "product_sell_price": "0.00",
        "material_sell_price": "0.00",
        "preferred_vendor": null,
        "usage_unit": 11,
        "retail_unit": 11,
        "targets": []
    }
},
{
    "model": "inventory.material",
    "pk": 46,
    "fields": {
        "name": "Maxforce Fc Ant Bait Stations",
        "description": "Maxforce fc ant bait stations",
        "brand": 2,
        "category": 1,
        "is_taxable": true,
        "is_active": true,
        "is_product": false,
        "product_sell_price": "0.00",
        "material_sell_price": "0.00",
        "preferred_vendor": null,
        "usage_unit": 11,
        "retail_unit": 11,
        "targets": []
    }
},
{
    "model": "inventory.material",
    "pk": 47,
    "fields": {
        "name": "Maxforce Fc Ant Killer Bait Gel",
        "description": "Maxforce fc ant killer bait gel",
        "brand": 2,
        "category": 1,
        "is_taxable": true,
        "is_active": true,
        "is_product": false,
        "product_sell_price": "0.00",
        "material_sell_price": "0.00",
        "preferred_vendor": null,
        "usage_unit": 11,
        "retail_unit": 11,
        "targets": []
    }
},
{
    "model": "inventory.material",
    "pk": 48,
    "fields": {
        "name": "Maxforce Fc Roach Killer Bait Gel F.05",
        "description": "Maxforce fc roach killer bait gel f.05",
        "brand": 2,
        "category": 1,
        "is_taxable": true,
        "is_active": true,
        "is_product": false,
        "product_sell_price": "0.00",
        "material_sell_price": "0.00",
        "preferred_vendor": null,
        "usage_unit": 11,
        "retail_unit": 11,
        "targets": []
    }
},
{
    "model": "inventory.material",
    "pk": 49,
    "fields": {
        "name": "Maxforce Roach Bait F.05",
        "description": "Maxforce roach bait f.05",
        "brand": 2,
        "category": 1,
        "is_taxable": true,
        "is_active": true,
        "is_product": false,
        "product_sell_price": "0.00",
        "material_sell_price": "0.00",
        "preferred_vendor": null,
        "usage_unit": 11,
        "retail_unit": 11,
        "targets": []
    }
},
{
    "model": "inventory.material",
    "pk": 50,
    "fields": {
        "name": "Rbf5",
        "description": "Rbf5",
        "brand": 2,
        "category": 1,
        "is_taxable": true,
        "is_active": true,
        "is_product": false,
        "product_sell_price": "0.00",
        "material_sell_price": "0.00",
        "preferred_vendor": null,
        "usage_unit": 11,
        "retail_unit": 11,
        "targets": []
    }
},
{
    "model": "inventory.material",
    "pk": 51,
    "fields": {
        "name": "Bes 0026 Fly Spot Bait",
        "description": "Bes 0026 fly spot bait",
        "brand": 2,
        "category": 1,
        "is_taxable": true,
        "is_active": true,
        "is_product": false,
        "product_sell_price": "0.00",
        "material_sell_price": "0.00",
        "preferred_vendor": null,
        "usage_unit": 11,
        "retail_unit": 11,
        "targets": []
    }
},
{
    "model": "inventory.material",
    "pk": 52,
    "fields": {
        "name": "Maxforce Quantum Ant Bait",
        "description": "Maxforce quantum ant bait",
        "brand": 2,
        "category": 1,
        "is_taxable": true,
        "is_active": true,
        "is_product": false,
        "product_sell_price": "0.00",
        "material_sell_price": "0.00",
        "preferred_vendor": null,
        "usage_unit": 11,
        "retail_unit": 11,
        "targets": []
    }
},
{
    "model": "inventory.material",
    "pk": 53,
    "fields": {
        "name": "Maxforce Professional Insect Control Roach Killer Bait Gel",
        "description": "Maxforce professional insect control roach killer bait gel",
        "brand": 2,
        "category": 1,
        "is_taxable": true,
        "is_active": true,
        "is_product": false,
        "product_sell_price": "0.00",
        "material_sell_price": "0.00",
        "preferred_vendor": null,
        "usage_unit": 11,
        "retail_unit": 11,
        "targets": []
    }
},
{
    "model": "inventory.material",
    "pk": 54,
    "fields": {
        "name": "Maxforce Roach Control System",
        "description": "Maxforce roach control system",
        "brand": 2,
        "category": 1,
        "is_taxable": true,
        "is_active": true,
        "is_product": false,
        "product_sell_price": "0.00",
        "material_sell_price": "0.00",
        "preferred_vendor": null,
        "usage_unit": 11,
        "retail_unit": 11,
        "targets": []
    }
},
{
    "model": "inventory.material",
    "pk": 55,
    "fields": {
        "name": "Redzone Bait",
        "description": "Redzone bait",
        "brand": 2,
        "category": 1,
        "is_taxable": true,
        "is_active": true,
        "is_product": false,
        "product_sell_price": "0.00",
        "material_sell_price": "0.00",
        "preferred_vendor": null,
        "usage_unit": 11,
        "retail_unit": 11,
        "targets": []
    }
},
{
    "model": "inventory.material",
    "pk": 56,
    "fields": {
        "name": "Alco Fly Fighter Insect Spray Pressurized",
        "description": "Alco fly fighter insect spray pressurized",
        "brand": 2,
        "category": 1,
        "is_taxable": true,
        "is_active": true,
        "is_product": false,
        "product_sell_price": "0.00",
        "material_sell_price": "0.00",
        "preferred_vendor": null,
        "usage_unit": 11,
        "retail_unit": 11,
        "targets": []
    }
},
{
    "model": "inventory.material",
    "pk": 57,
    "fields": {
        "name": "Amvac Large Pro-Strip",
        "description": "Amvac large pro-strip",
        "brand": 2,
        "category": 1,
        "is_taxable": true,
        "is_active": true,
        "is_product": false,
        "product_sell_price": "0.00",
        "material_sell_price": "0.00",
        "preferred_vendor": null,
        "usage_unit": 11,
        "retail_unit": 11,
        "targets": []
    }
},
{
    "model": "inventory.material",
    "pk": 58,
    "fields": {
        "name": "Nylar 10Ec",
        "description": "Nylar 10ec",
        "brand": 2,
        "category": 1,
        "is_taxable": true,
        "is_active": true,
        "is_product": false,
        "product_sell_price": "0.00",
        "material_sell_price": "0.00",
        "preferred_vendor": null,
        "usage_unit": 11,
        "retail_unit": 11,
        "targets": []
    }
},
{
    "model": "inventory.material",
    "pk": 59,
    "fields": {
        "name": "Orthene 75 S Soluble Powder",
        "description": "Orthene 75 s soluble powder",
        "brand": 2,
        "category": 1,
        "is_taxable": true,
        "is_active": true,
        "is_product": false,
        "product_sell_price": "0.00",
        "material_sell_price": "0.00",
        "preferred_vendor": null,
        "usage_unit": 11,
        "retail_unit": 11,
        "targets": []
    }
},
{
    "model": "inventory.material",
    "pk": 60,
    "fields": {
        "name": "Orthene Pco Formula Ii",
        "description": "Orthene pco formula ii",
        "brand": 2,
        "category": 1,
        "is_taxable": true,
        "is_active": true,
        "is_product": false,
        "product_sell_price": "0.00",
        "material_sell_price": "0.00",
        "preferred_vendor": null,
        "usage_unit": 11,
        "retail_unit": 11,
        "targets": []
    }
},
{
    "model": "inventory.material",
    "pk": 61,
    "fields": {
        "name": "Whitmire Micro-Gen Tc 164",
        "description": "Whitmire micro-gen tc 164",
        "brand": 2,
        "category": 1,
        "is_taxable": true,
        "is_active": true,
        "is_product": false,
        "product_sell_price": "0.00",
        "material_sell_price": "0.00",
        "preferred_vendor": null,
        "usage_unit": 11,
        "retail_unit": 11,
        "targets": []
    }
},
{
    "model": "inventory.material",
    "pk": 62,
    "fields": {
        "name": "Cb-405 Fogger",
        "description": "Cb-405 fogger",
        "brand": 2,
        "category": 1,
        "is_taxable": true,
        "is_active": true,
        "is_product": false,
        "product_sell_price": "0.00",
        "material_sell_price": "0.00",
        "preferred_vendor": null,
        "usage_unit": 11,
        "retail_unit": 11,
        "targets": []
    }
},
{
    "model": "inventory.material",
    "pk": 63,
    "fields": {
        "name": "Prescription Treatment Brand Phantom Pressurized Insecticide",
        "description": "Prescription treatment brand phantom pressurized insecticide",
        "brand": 2,
        "category": 1,
        "is_taxable": true,
        "is_active": true,
        "is_product": false,
        "product_sell_price": "0.00",
        "material_sell_price": "0.00",
        "preferred_vendor": null,
        "usage_unit": 11,
        "retail_unit": 11,
        "targets": []
    }
},
{
    "model": "inventory.material",
    "pk": 64,
    "fields": {
        "name": "Phantom Termiticide-Insecticide",
        "description": "Phantom termiticide-insecticide",
        "brand": 2,
        "category": 1,
        "is_taxable": true,
        "is_active": true,
        "is_product": false,
        "product_sell_price": "0.00",
        "material_sell_price": "0.00",
        "preferred_vendor": null,
        "usage_unit": 11,
        "retail_unit": 11,
        "targets": []
    }
},
{
    "model": "inventory.material",
    "pk": 65,
    "fields": {
        "name": "Zoecon Rf-291 Emulsifiable Concentrate With Precor",
        "description": "Zoecon rf-291 emulsifiable concentrate with precor",
        "brand": 2,
        "category": 1,
        "is_taxable": true,
        "is_active": true,
        "is_product": false,
        "product_sell_price": "0.00",
        "material_sell_price": "0.00",
        "preferred_vendor": null,
        "usage_unit": 11,
        "retail_unit": 11,
        "targets": []
    }
},
{
    "model": "inventory.material",
    "pk": 66,
    "fields": {
        "name": "Premise Foam",
        "description": "Premise foam",
        "brand": 2,
        "category": 1,
        "is_taxable": true,
        "is_active": true,
        "is_product": false,
        "product_sell_price": "0.00",
        "material_sell_price": "0.00",
        "preferred_vendor": null,
        "usage_unit": 11,
        "retail_unit": 11,
        "targets": []
    }
},
{
    "model": "inventory.material",
    "pk": 67,
    "fields": {
        "name": "Profume",
        "description": "Profume",
        "brand": 2,
        "category": 1,
        "is_taxable": true,
        "is_active": true,
        "is_product": false,
        "product_sell_price": "0.00",
        "material_sell_price": "0.00",
        "preferred_vendor": null,
        "usage_unit": 11,
        "retail_unit": 11,
        "targets": []
    }
},
{
    "model": "inventory.material",
    "pk": 68,
    "fields": {
        "name": "Pyrocide Fogging Concentrate 7338",
        "description": "Pyrocide fogging concentrate 7338",
        "brand": 2,
        "category": 1,
        "is_taxable": true,
        "is_active": true,
        "is_product": false,
        "product_sell_price": "0.00",
        "material_sell_price": "0.00",
        "preferred_vendor": null,
        "usage_unit": 11,
        "retail_unit": 11,
        "targets": []
    }
},
{
    "model": "inventory.material",
    "pk": 69,
    "fields": {
        "name": "Quintox Rat And Mouse Bait",
        "description": "Quintox rat and mouse bait",
        "brand": 2,
        "category": 1,
        "is_taxable": true,
        "is_active": true,
        "is_product": false,
        "product_sell_price": "0.00",
        "material_sell_price": "0.00",
        "preferred_vendor": null,
        "usage_unit": 11,
        "retail_unit": 11,
        "targets": []
    }
},
{
    "model": "inventory.material",
    "pk": 70,
    "fields": {
        "name": "Pyrocide Fogging Concentrate 7446",
        "description": "Pyrocide fogging concentrate 7446",
        "brand": 2,
        "category": 1,
        "is_taxable": true,
        "is_active": true,
        "is_product": false,
        "product_sell_price": "0.00",
        "material_sell_price": "0.00",
        "preferred_vendor": null,
        "usage_unit": 11,
        "retail_unit": 11,
        "targets": []
    }
},
{
    "model": "inventory.material",
    "pk": 71,
    "fields": {
        "name": "Rozol Blue Tracking Powder",
        "description": "Rozol blue tracking powder",
        "brand": 2,
        "category": 1,
        "is_taxable": true,
        "is_active": true,
        "is_product": false,
        "product_sell_price": "0.00",
        "material_sell_price": "0.00",
        "preferred_vendor": null,
        "usage_unit": 11,
        "retail_unit": 11,
        "targets": []
    }
},
{
    "model": "inventory.material",
    "pk": 72,
    "fields": {
        "name": "Mgk Formula 31011",
        "description": "Mgk formula 31011",
        "brand": 2,
        "category": 1,
        "is_taxable": true,
        "is_active": true,
        "is_product": false,
        "product_sell_price": "0.00",
        "material_sell_price": "0.00",
        "preferred_vendor": null,
        "usage_unit": 11,
        "retail_unit": 11,
        "targets": []
    }
},
{
    "model": "inventory.material",
    "pk": 73,
    "fields": {
        "name": "Steri-Fab",
        "description": "Steri-fab",
        "brand": 2,
        "category": 1,
        "is_taxable": true,
        "is_active": true,
        "is_product": false,
        "product_sell_price": "0.00",
        "material_sell_price": "0.00",
        "preferred_vendor": null,
        "usage_unit": 11,
        "retail_unit": 11,
        "targets": []
    }
},
{
    "model": "inventory.material",
    "pk": 74,
    "fields": {
        "name": "Suspend Polyzone",
        "description": "Suspend polyzone",
        "brand": 2,
        "category": 1,
        "is_taxable": true,
        "is_active": true,
        "is_product": false,
        "product_sell_price": "0.00",
        "material_sell_price": "0.00",
        "preferred_vendor": null,
        "usage_unit": 11,
        "retail_unit": 11,
        "targets": []
    }
},
{
    "model": "inventory.material",
    "pk": 75,
    "fields": {
        "name": "Termidor Sc Termiticide/Insecticide",
        "description": "Termidor sc termiticide/insecticide",
        "brand": 2,
        "category": 1,
        "is_taxable": true,
        "is_active": true,
        "is_product": false,
        "product_sell_price": "0.00",
        "material_sell_price": "0.00",
        "preferred_vendor": null,
        "usage_unit": 11,
        "retail_unit": 11,
        "targets": []
    }
},
{
    "model": "inventory.material",
    "pk": 76,
    "fields": {
        "name": "Termidor Dry Termiticide",
        "description": "Termidor dry termiticide",
        "brand": 2,
        "category": 1,
        "is_taxable": true,
        "is_active": true,
        "is_product": false,
        "product_sell_price": "0.00",
        "material_sell_price": "0.00",
        "preferred_vendor": null,
        "usage_unit": 11,
        "retail_unit": 11,
        "targets": []
    }
},
{
    "model": "inventory.material",
    "pk": 77,
    "fields": {
        "name": "Whitmire Pt-239 Tri-Die Insecticide",
        "description": "Whitmire pt-239 tri-die insecticide",
        "brand": 2,
        "category": 1,
        "is_taxable": true,
        "is_active": true,
        "is_product": false,
        "product_sell_price": "0.00",
        "material_sell_price": "0.00",
        "preferred_vendor": null,
        "usage_unit": 11,
        "retail_unit": 11,
        "targets": []
    }
},
{
    "model": "inventory.material",
    "pk": 78,
    "fields": {
        "name": "Uld Bp-100 Insecticide",
        "description": "Uld bp-100 insecticide",
        "brand": 2,
        "category": 1,
        "is_taxable": true,
        "is_active": true,
        "is_product": false,
        "product_sell_price": "0.00",
        "material_sell_price": "0.00",
        "preferred_vendor": null,
        "usage_unit": 11,
        "retail_unit": 11,
        "targets": []
    }
},
{
    "model": "inventory.material",
    "pk": 79,
    "fields": {
        "name": "Uld® Bp-300 Insecticide",
        "description": "Uld® bp-300 insecticide",
        "brand": 2,
        "category": 1,
        "is_taxable": true,
        "is_active": true,
        "is_product": false,
        "product_sell_price": "0.00",
        "material_sell_price": "0.00",
        "preferred_vendor": null,
        "usage_unit": 11,
        "retail_unit": 11,
        "targets": []
    }
},
{
    "model": "inventory.material",
    "pk": 80,
    "fields": {
        "name": "Whitmire Tc 104",
        "description": "Whitmire tc 104",
        "brand": 2,
        "category": 1,
        "is_taxable": true,
        "is_active": true,
        "is_product": false,
        "product_sell_price": "0.00",
        "material_sell_price": "0.00",
        "preferred_vendor": null,
        "usage_unit": 11,
        "retail_unit": 11,
        "targets": []
    }
},
{
    "model": "inventory.material",
    "pk": 81,
    "fields": {
        "name": "Mgk® Formula 2976",
        "description": "Mgk® formula 2976",
        "brand": 2,
        "category": 1,
        "is_taxable": true,
        "is_active": true,
        "is_product": false,
        "product_sell_price": "0.00",
        "material_sell_price": "0.00",
        "preferred_vendor": null,
        "usage_unit": 11,
        "retail_unit": 11,
        "targets": []
    }
},
{
    "model": "inventory.material",
    "pk": 82,
    "fields": {
        "name": "Vikane",
        "description": "Vikane",
        "brand": 2,
        "category": 1,
        "is_taxable": true,
        "is_active": true,
        "is_product": false,
        "product_sell_price": "0.00",
        "material_sell_price": "0.00",
        "preferred_vendor": null,
        "usage_unit": 11,
        "retail_unit": 11,
        "targets": []
    }
},
{
    "model": "inventory.material",
    "pk": 83,
    "fields": {
        "name": "Whitmire Pt 515 Wasp Freeze",
        "description": "Whitmire pt 515 wasp freeze",
        "brand": 2,
        "category": 1,
        "is_taxable": true,
        "is_active": true,
        "is_product": false,
        "product_sell_price": "0.00",
        "material_sell_price": "0.00",
        "preferred_vendor": null,
        "usage_unit": 11,
        "retail_unit": 11,
        "targets": []
    }
},
{
    "model": "inventory.material",
    "pk": 84,
    "fields": {
        "name": "Zoecon 9010 Gr",
        "description": "Zoecon 9010 gr",
        "brand": 2,
        "category": 1,
        "is_taxable": true,
        "is_active": true,
        "is_product": false,
        "product_sell_price": "0.00",
        "material_sell_price": "0.00",
        "preferred_vendor": null,
        "usage_unit": 11,
        "retail_unit": 11,
        "targets": []
    }
},
{
    "model": "inventory.material",
    "pk": 85,
    "fields": {
        "name": "Zp Tracking Powder",
        "description": "Zp tracking powder",
        "brand": 2,
        "category": 1,
        "is_taxable": true,
        "is_active": true,
        "is_product": false,
        "product_sell_price": "0.00",
        "material_sell_price": "0.00",
        "preferred_vendor": null,
        "usage_unit": 11,
        "retail_unit": 11,
        "targets": []
    }
},
{
    "model": "inventory.materialcategory",
    "pk": 1,
    "fields": {
        "name": "Pesticide",
        "description": "Pesticide, as defined by the EPA, is any substance or mixture of substances intended to prevent, destroy, repel or mitigate any pest, including insects, rodents, weeds, fungi, and other organisms that can harm human health, the environment, or the economy.",
        "parent": null,
        "lft": 1,
        "rght": 2,
        "tree_id": 1,
        "level": 0
    }
},
{
    "model": "inventory.materialclass",
    "pk": 1,
    "fields": {
        "name": "This Is Useless",
        "description": "Unknown"
    }
},
{
    "model": "inventory.materialfield",
    "pk": 1,
    "fields": {
        "material": 3,
        "field": 1,
        "value": "499-507"
    }
},
{
    "model": "inventory.materialfield",
    "pk": 2,
    "fields": {
        "material": 3,
        "field": 3,
        "value": "Roach, Cockroach"
    }
},
{
    "model": "inventory.materialfield",
    "pk": 3,
    "fields": {
        "material": 3,
        "field": 4,
        "value": "Aircraft (Bait Application), Buses (Bait Treatment), Commercial/Institutional/Industrial Buildings (Bait Application), Domestic Dwellings (Indoor) (Bait Application), Domestic Dwellings (Outdoor) (Bait Application), Eating Establishments (Indoor) (Bait Application), Food Processing Plants (Bait Treatment), Hospitals (Bait Application), Hotels/Motels (Indoor) (Bait Application), Railroad Boxcars (Bait Application), Sewers (Bait Treatment), Ships, Boats, Shipholds (Bait Treatment), Zoo (Bait Treatment)"
    }
},
{
    "model": "inventory.materialfield",
    "pk": 4,
    "fields": {
        "material": 3,
        "field": 5,
        "value": "{\"Dinotefuran\": {\"name\": \"Dinotefuran\", \"url\": \"https://iaspub.epa.gov/apex/pesticides/f?p=CHEMICALSEARCH:3:::NO::P3_XCHEMICAL_ID:2180\", \"concentration\": 0.5}}"
    }
},
{
    "model": "inventory.materialfield",
    "pk": 5,
    "fields": {
        "material": 3,
        "field": 6,
        "value": "False"
    }
},
{
    "model": "inventory.materialfield",
    "pk": 6,
    "fields": {
        "material": 4,
        "field": 1,
        "value": "499-488"
    }
},
{
    "model": "inventory.materialfield",
    "pk": 7,
    "fields": {
        "material": 4,
        "field": 3,
        "value": "Subterranean Termite, Termite"
    }
},
{
    "model": "inventory.materialfield",
    "pk": 8,
    "fields": {
        "material": 4,
        "field": 4,
        "value": "Buildings And Structures (Nonagricultural-Outdoor) (Soil Treatment)"
    }
},
{
    "model": "inventory.materialfield",
    "pk": 9,
    "fields": {
        "material": 4,
        "field": 5,
        "value": "{\"Diflubenzuron\": {\"name\": \"Diflubenzuron\", \"url\": \"https://iaspub.epa.gov/apex/pesticides/f?p=CHEMICALSEARCH:3:::NO::P3_XCHEMICAL_ID:2139\", \"concentration\": 0.25}}"
    }
},
{
    "model": "inventory.materialfield",
    "pk": 10,
    "fields": {
        "material": 4,
        "field": 6,
        "value": "False"
    }
},
{
    "model": "inventory.materialfield",
    "pk": 11,
    "fields": {
        "material": 5,
        "field": 1,
        "value": "499-370"
    }
},
{
    "model": "inventory.materialfield",
    "pk": 12,
    "fields": {
        "material": 5,
        "field": 3,
        "value": "Harvester Ant, Acrobat Ant, Fire Ant, Thief Ant, Big Headed Ant, Pavement Ant, Pharaoh Ant, Argentine Ant, Crazy Ant, Field Ant, Little Black Ant, Carpenter Ant, Odorous House Ant, Imported Fire Ant"
    }
},
{
    "model": "inventory.materialfield",
    "pk": 13,
    "fields": {
        "material": 5,
        "field": 4,
        "value": "Ant Dens/Hills/Mounds (All Or Unspecified), Ant Hills (Bait Application), Bathrooms, Boiler Rooms (Bait Application), Commercial/Institutional/Industrial Buildings (Bait Application), Commercial/Institutional/Industrial Buildings (Wall Voids), Domestic Dwellings (Indoor) (Bait Application), Domestic Dwellings (Indoor) (Wall Voids), Domestic Dwellings (Outdoor) (Bait Application), Drains, Eating Establishments (Indoor) (Bait Application), Eating Establishments (Outdoor) (Bait Application), Food Marketing/Storage/Distribution Facilities (Bait Treatment), Food Processing Plants (Bait Treatment), Garages"
    }
},
{
    "model": "inventory.materialfield",
    "pk": 14,
    "fields": {
        "material": 5,
        "field": 5,
        "value": "{\"Abamectin\": {\"name\": \"Abamectin\", \"url\": \"https://iaspub.epa.gov/apex/pesticides/f?p=CHEMICALSEARCH:3:::NO::P3_XCHEMICAL_ID:975\", \"concentration\": 0.011}}"
    }
},
{
    "model": "inventory.materialfield",
    "pk": 15,
    "fields": {
        "material": 5,
        "field": 6,
        "value": "False"
    }
},
{
    "model": "inventory.materialfield",
    "pk": 16,
    "fields": {
        "material": 6,
        "field": 1,
        "value": "100-1498"
    }
},
{
    "model": "inventory.materialfield",
    "pk": 17,
    "fields": {
        "material": 6,
        "field": 3,
        "value": "Harvester Ant, Acrobat Ant, Big Headed Ant, Ghost Ant, Honey Ant, Pavement Ant, Pharaoh Ant, Ant, Argentine Ant, Crazy Ant, Field Ant, Little Black Ant, Cornfield Ant, Carpenter Ant, Odorous House Ant"
    }
},
{
    "model": "inventory.materialfield",
    "pk": 18,
    "fields": {
        "material": 6,
        "field": 4,
        "value": "Aircraft (Feed/Food-Empty), Boats/Ships (Non-Residual) (General Treatment), Buses (Nonfeed/Nonfood), Commercial/Institutional/Industrial Areas (Residual Crack And Crevice Treatment), Commercial/Institutional/Industrial Buildings (Indoor Inedible), Commercial/Institutional/Industrial Buildings (Outdoor Inedible), Domestic Dwellings (Indoor) (Wall Voids), Domestic Dwellings (Outdoor), Doors, Eating Establishments (Indoor Inedible), Eating Establishments (Nonfood Areas), Food Marketing/Storage/Distribution Facilities (Indoor Inedible), Food Marketing/Storage/Distribution Facilities (Residual Crack And Crevice Treatment), Food Processing Plants (Indoor Inedible), Garbage Cans (Outdoor)"
    }
},
{
    "model": "inventory.materialfield",
    "pk": 19,
    "fields": {
        "material": 6,
        "field": 5,
        "value": "{\"Indoxacarb\": {\"name\": \"Indoxacarb\", \"url\": \"https://iaspub.epa.gov/apex/pesticides/f?p=CHEMICALSEARCH:3:::NO::P3_XCHEMICAL_ID:2585\", \"concentration\": 0.05}}"
    }
},
{
    "model": "inventory.materialfield",
    "pk": 20,
    "fields": {
        "material": 6,
        "field": 6,
        "value": "False"
    }
},
{
    "model": "inventory.materialfield",
    "pk": 21,
    "fields": {
        "material": 7,
        "field": 1,
        "value": "499-527"
    }
},
{
    "model": "inventory.materialfield",
    "pk": 22,
    "fields": {
        "material": 7,
        "field": 3,
        "value": "Drugstore Beetle, Boxelder Bug, Bed Bug, Brown Stink Bug, Cluster Fly, Black Carpet Beetle, Centipede, Asian Lady Beetle, Confused Flour Beetle, Ant, Darkling Beetle, Bee, Cricket, Cockroach, Cigarette Beetle"
    }
},
{
    "model": "inventory.materialfield",
    "pk": 23,
    "fields": {
        "material": 7,
        "field": 4,
        "value": "Aircraft (Feed/Food-Empty), Apartments (Indoor), Baseboards, Bathrooms, Bathrooms/Lavatories (Indoor), Boats/Ships (Residual General Treatment), Buses (Nonfeed/Nonfood), Campgrounds, Commercial/Institutional/Industrial Buildings (Indoor Edible), Commercial/Institutional/Industrial Buildings (Indoor Inedible), Commercial/Institutional/Industrial Buildings (Outdoor Edible), Commercial/Institutional/Industrial Buildings (Wall Voids), Domestic Dwellings (Indoor), Domestic Dwellings (Indoor) (Wall Voids), Domestic Dwellings (Outdoor)"
    }
},
{
    "model": "inventory.materialfield",
    "pk": 24,
    "fields": {
        "material": 7,
        "field": 5,
        "value": "{\"Dinotefuran\": {\"name\": \"Dinotefuran\", \"url\": \"https://iaspub.epa.gov/apex/pesticides/f?p=CHEMICALSEARCH:3:::NO::P3_XCHEMICAL_ID:2180\", \"concentration\": 0.25}, \"Silicon dioxide\": {\"name\": \"Silicon dioxide\", \"url\": \"https://iaspub.epa.gov/apex/pesticides/f?p=CHEMICALSEARCH:3:::NO::P3_XCHEMICAL_ID:3768\", \"concentration\": 95.0}}"
    }
},
{
    "model": "inventory.materialfield",
    "pk": 25,
    "fields": {
        "material": 7,
        "field": 6,
        "value": "False"
    }
},
{
    "model": "inventory.materialfield",
    "pk": 26,
    "fields": {
        "material": 8,
        "field": 1,
        "value": "2724-421"
    }
},
{
    "model": "inventory.materialfield",
    "pk": 27,
    "fields": {
        "material": 8,
        "field": 3,
        "value": "Mosquitoes (Larvae)"
    }
},
{
    "model": "inventory.materialfield",
    "pk": 28,
    "fields": {
        "material": 8,
        "field": 4,
        "value": "Bog Lakes (Water Treatment), Catch Basins (Water Treatment), Cesspools, Construction Depressions (Water Treatment), Dredge Spoil Sites (Water Treatment), Flood Plains (Water Treatment), Flood Water, Flooded Crypts (Water Treatment), Hyacinth (Water Treatment), Man-Made Depressions (Water Treatment), Marshland (Surrounding Vegetation), Meadows, Ornamental Ponds, Fountains And Aquaria, Pastures, Pools (Woodland) (Water Treatment)"
    }
},
{
    "model": "inventory.materialfield",
    "pk": 29,
    "fields": {
        "material": 8,
        "field": 5,
        "value": "{\"S-Methoprene\": {\"name\": \"S-Methoprene\", \"url\": \"https://iaspub.epa.gov/apex/pesticides/f?p=CHEMICALSEARCH:3:::NO::P3_XCHEMICAL_ID:3735\", \"concentration\": 2.1}}"
    }
},
{
    "model": "inventory.materialfield",
    "pk": 30,
    "fields": {
        "material": 8,
        "field": 6,
        "value": "False"
    }
},
{
    "model": "inventory.materialfield",
    "pk": 31,
    "fields": {
        "material": 9,
        "field": 1,
        "value": "89186-1"
    }
},
{
    "model": "inventory.materialfield",
    "pk": 32,
    "fields": {
        "material": 9,
        "field": 3,
        "value": "Bed Bug"
    }
},
{
    "model": "inventory.materialfield",
    "pk": 33,
    "fields": {
        "material": 9,
        "field": 4,
        "value": "Baseboards, Domestic Dwellings (Indoor), Domestic Dwellings (Indoor) (Wall Voids), Furniture, Offices (Indoor Inedible)"
    }
},
{
    "model": "inventory.materialfield",
    "pk": 34,
    "fields": {
        "material": 9,
        "field": 5,
        "value": "{\"Beauveria bassiana GHA\": {\"name\": \"Beauveria bassiana GHA\", \"url\": \"https://iaspub.epa.gov/apex/pesticides/f?p=CHEMICALSEARCH:3:::NO::P3_XCHEMICAL_ID:1398\", \"concentration\": 2.0}}"
    }
},
{
    "model": "inventory.materialfield",
    "pk": 35,
    "fields": {
        "material": 9,
        "field": 6,
        "value": "False"
    }
},
{
    "model": "inventory.materialfield",
    "pk": 36,
    "fields": {
        "material": 10,
        "field": 1,
        "value": "1021-1767"
    }
},
{
    "model": "inventory.materialfield",
    "pk": 37,
    "fields": {
        "material": 10,
        "field": 3,
        "value": "Bed Bug, Louse, Carpet Beetle, Lice (Eggs), Tick, Clothes Moth, Dust Mite, Flea"
    }
},
{
    "model": "inventory.materialfield",
    "pk": 38,
    "fields": {
        "material": 10,
        "field": 4,
        "value": "Air Ducts, Baseboards, Basements, Commercial/Institutional/Industrial Buildings (Indoor Inedible), Domestic Dwellings (Indoor), Eating Establishments (Indoor Inedible), Furniture (Upholstered), Garages, Hospitals (Outdoor Inedible), Hotels/Motels/Tourist Courts (Indoor), Human Bedding, Human Clothing, Mattresses, Nursing Homes (Indoor Inedible), Office Buildings (Indoor Inedible)"
    }
},
{
    "model": "inventory.materialfield",
    "pk": 39,
    "fields": {
        "material": 10,
        "field": 5,
        "value": "{\"MGK 264\": {\"name\": \"MGK 264\", \"url\": \"https://iaspub.epa.gov/apex/pesticides/f?p=CHEMICALSEARCH:3:::NO::P3_XCHEMICAL_ID:2711\", \"concentration\": 1.53}, \"Phenothrin\": {\"name\": \"Phenothrin\", \"url\": \"https://iaspub.epa.gov/apex/pesticides/f?p=CHEMICALSEARCH:3:::NO::P3_XCHEMICAL_ID:3317\", \"concentration\": 0.4}}"
    }
},
{
    "model": "inventory.materialfield",
    "pk": 40,
    "fields": {
        "material": 10,
        "field": 6,
        "value": "False"
    }
},
{
    "model": "inventory.materialfield",
    "pk": 41,
    "fields": {
        "material": 11,
        "field": 1,
        "value": "64405-1"
    }
},
{
    "model": "inventory.materialfield",
    "pk": 42,
    "fields": {
        "material": 11,
        "field": 3,
        "value": "No Pest, Lyctid Beetle, Anobiid Beetle, Alga, Drywood Termite, Old House Borer, Longhorned Beetle, Dry Rot, Subterranean Termite, Powderpost Beetle, Formosan Termite, Brown Rot, Carpenter Ant, Dampwood Termite, Ambrosia Beetle"
    }
},
{
    "model": "inventory.materialfield",
    "pk": 43,
    "fields": {
        "material": 11,
        "field": 4,
        "value": "Basements, Commercial/Institutional/Industrial Buildings (Indoor Inedible), Construction Materials, Domestic Dwellings (Indoor), Domestic Dwellings (Outdoor), Farm Buildings, Food Processing Plants (Indoor Inedible), Garages, Hospital Premises, Hotels (Indoor), Household Premises, Institutions (Indoor Inedible), Livestock Stables (Enclosed Premise Treatment), Logs (Structural) (Soil Contact Nonfumigation Treatment), Pet Kennels (Enclosed Premise Treatment)"
    }
},
{
    "model": "inventory.materialfield",
    "pk": 44,
    "fields": {
        "material": 11,
        "field": 5,
        "value": "{\"Boron sodium oxide (B8Na2O13), tetrahydrate (12280-03-4)\": {\"name\": \"Boron sodium oxide (B8Na2O13), tetrahydrate (12280-03-4)\", \"url\": \"https://iaspub.epa.gov/apex/pesticides/f?p=CHEMICALSEARCH:3:::NO::P3_XCHEMICAL_ID:1583\", \"concentration\": 40.0}}"
    }
},
{
    "model": "inventory.materialfield",
    "pk": 45,
    "fields": {
        "material": 11,
        "field": 6,
        "value": "False"
    }
},
{
    "model": "inventory.materialfield",
    "pk": 46,
    "fields": {
        "material": 12,
        "field": 1,
        "value": "279-3384"
    }
},
{
    "model": "inventory.materialfield",
    "pk": 47,
    "fields": {
        "material": 12,
        "field": 3,
        "value": "Stink Bug, Waterbug, Termite, Palmettobug, Ant, Silverfish, Darkling Beetle, Cockroach"
    }
},
{
    "model": "inventory.materialfield",
    "pk": 48,
    "fields": {
        "material": 12,
        "field": 4,
        "value": "Buses (Feed/Food-Empty) (Residual General Treatment), Commercial/Institutional/Industrial Buildings (Indoor Inedible), Domestic Dwellings (Indoor), Domestic Dwellings (Indoor) (Attics), Eating Establishments (Residual Crack And Crevice Treatment), Food Processing Plants (Residual Crack And Crevice Treatment), Hospitals (Indoor Inedible), Hotels/Motels/Tourist Courts (Non-Food Areas), Mobile Homes (Indoor), Nursing Home Premises, Offices (Outdoor Inedible), Pet Kennels (Enclosed Premise Treatment), Poultry Bldgs. (Enclosed Premise Treatment), Restaurants, Schools"
    }
},
{
    "model": "inventory.materialfield",
    "pk": 49,
    "fields": {
        "material": 12,
        "field": 5,
        "value": "{\"Boric acid\": {\"name\": \"Boric acid\", \"url\": \"https://iaspub.epa.gov/apex/pesticides/f?p=CHEMICALSEARCH:3:::NO::P3_XCHEMICAL_ID:1573\", \"concentration\": 99.0}}"
    }
},
{
    "model": "inventory.materialfield",
    "pk": 50,
    "fields": {
        "material": 12,
        "field": 6,
        "value": "False"
    }
},
{
    "model": "inventory.materialfield",
    "pk": 51,
    "fields": {
        "material": 13,
        "field": 1,
        "value": "82074-1"
    }
},
{
    "model": "inventory.materialfield",
    "pk": 52,
    "fields": {
        "material": 13,
        "field": 3,
        "value": "Billbug, Bandedwinged Whitefly, Alfalfa Weevil, Cereal Leaf Beetle, Citrus Blackfly, Cabbage Aphid, Beetle, Apple Curculio, Borer, Bean Aphid, Cabbage Looper, Aphid, Bean Leaf Beetle, Chinch Bug, Black Vine Weevil"
    }
},
{
    "model": "inventory.materialfield",
    "pk": 53,
    "fields": {
        "material": 13,
        "field": 4,
        "value": "Acerola (Foliar Treatment), Acerola (Greenhouse-Foliar Treatment), Acerola (Nursery), Aerial Application, African Lily (Foliar Treatment), African Lily (Interior Plantscapes), African Lily (Nursery), African Violets (Foliar Treatment), African Violets (Greenhouse-Foliar Treatment), African Violets (Interior Plantscapes), African Violets (Nursery), Ageratum (Foliar Treatment), Ageratum (Greenhouse-Foliar Treatment), Ageratum (Interior Plantscapes), Ageratum (Nursery)"
    }
},
{
    "model": "inventory.materialfield",
    "pk": 54,
    "fields": {
        "material": 13,
        "field": 5,
        "value": "{\"Beauveria bassiana GHA\": {\"name\": \"Beauveria bassiana GHA\", \"url\": \"https://iaspub.epa.gov/apex/pesticides/f?p=CHEMICALSEARCH:3:::NO::P3_XCHEMICAL_ID:1398\", \"concentration\": 11.3}}"
    }
},
{
    "model": "inventory.materialfield",
    "pk": 55,
    "fields": {
        "material": 13,
        "field": 6,
        "value": "False"
    }
},
{
    "model": "inventory.materialfield",
    "pk": 56,
    "fields": {
        "material": 14,
        "field": 1,
        "value": "279-3388"
    }
},
{
    "model": "inventory.materialfield",
    "pk": 57,
    "fields": {
        "material": 14,
        "field": 3,
        "value": "Fly, Mosquito, Small Flying Moth"
    }
},
{
    "model": "inventory.materialfield",
    "pk": 58,
    "fields": {
        "material": 14,
        "field": 4,
        "value": "Aircraft (Feed/Food-Empty) (Residual General Treatment), Boats/Ships (Residual General Treatment), Bottling Plants (Indoor Edible), Commercial/Institutional/Industrial Buildings (Indoor Edible), Dairies (Indoor Edible), Domestic Dwellings (Indoor), Eating Establishments (Indoor Edible), Egg Handling Premises, Factories (Indoor Edible), Farm Buildings (Indoor), Food Marketing/Storage/Distribution Facilities (Indoor Edible), Food Processing Plants (Indoor Edible), Hotels/Motels/Tourist Courts (Indoor Edible), Institutional Pantries (Indoor Edible), Livestock Barns (Enclosed Premise Treatment)"
    }
},
{
    "model": "inventory.materialfield",
    "pk": 59,
    "fields": {
        "material": 14,
        "field": 5,
        "value": "{\"MGK 264\": {\"name\": \"MGK 264\", \"url\": \"https://iaspub.epa.gov/apex/pesticides/f?p=CHEMICALSEARCH:3:::NO::P3_XCHEMICAL_ID:2711\", \"concentration\": 3.05}, \"Piperonyl butoxide\": {\"name\": \"Piperonyl butoxide\", \"url\": \"https://iaspub.epa.gov/apex/pesticides/f?p=CHEMICALSEARCH:3:::NO::P3_XCHEMICAL_ID:3433\", \"concentration\": 1.95}, \"Pyrethrins\": {\"name\": \"Pyrethrins\", \"url\": \"https://iaspub.epa.gov/apex/pesticides/f?p=CHEMICALSEARCH:3:::NO::P3_XCHEMICAL_ID:3656\", \"concentration\": 0.975}}"
    }
},
{
    "model": "inventory.materialfield",
    "pk": 60,
    "fields": {
        "material": 14,
        "field": 6,
        "value": "False"
    }
},
{
    "model": "inventory.materialfield",
    "pk": 61,
    "fields": {
        "material": 15,
        "field": 1,
        "value": ""
    }
},
{
    "model": "inventory.materialfield",
    "pk": 62,
    "fields": {
        "material": 15,
        "field": 3,
        "value": "Deathwatch Beetle, Drugstore Beetle, Deer Tick, Confused Flour Beetle, Centipede, Angoumois Grain Moth, Asian Cockroach, Ant, Cadelle, Carpenter Bee, Brown Dog Tick, Carpenter Ant, Cricket, Cockroach, Cigarette Beetle"
    }
},
{
    "model": "inventory.materialfield",
    "pk": 63,
    "fields": {
        "material": 15,
        "field": 4,
        "value": "Ant Hills, Commercial/Institutional/Industrial Buildings (Indoor Edible), Commercial/Institutional/Industrial Buildings (Outdoor Edible), Domestic Dwellings (Indoor), Domestic Dwellings (Outdoor), Eating Establishments (Indoor Edible), Eating Establishments (Outdoor Edible), Food Marketing/Storage/Distribution Facilities (Indoor Edible), Food Marketing/Storage/Distribution Facilities (Outdoor Edible), Food Processing Plants (Indoor Edible), Food Processing Plants (Outdoor Edible), Hotels/Motels/Tourist Courts (Indoor), Hotels/Motels/Tourist Courts (Outdoor), Ornamental Lawns (Foliar Treatment), Ornamental Trees (Foliar Treatment)"
    }
},
{
    "model": "inventory.materialfield",
    "pk": 64,
    "fields": {
        "material": 15,
        "field": 5,
        "value": "{}"
    }
},
{
    "model": "inventory.materialfield",
    "pk": 65,
    "fields": {
        "material": 15,
        "field": 6,
        "value": "False"
    }
},
{
    "model": "inventory.materialfield",
    "pk": 66,
    "fields": {
        "material": 16,
        "field": 1,
        "value": "12455-79"
    }
},
{
    "model": "inventory.materialfield",
    "pk": 67,
    "fields": {
        "material": 16,
        "field": 3,
        "value": "Cotton Rat, Mouse, Meadow Vole, Mexican Woodrat, Roof Rat, Polynesian Rat, Southern Plains Woodrat, White-Footed Mouse, Whitethroat Woodrat, Rat, House Mouse, Deer Mouse, Norway Rat"
    }
},
{
    "model": "inventory.materialfield",
    "pk": 68,
    "fields": {
        "material": 16,
        "field": 4,
        "value": "Agricultural Buildings (Bait Application), Aircraft (Bait Application), Alleys (Bait Treatment), Commercial/Institutional/Industrial Buildings (Bait Application), Domestic Dwellings (Indoor) (Bait Application), Domestic Dwellings (Outdoor) (Bait Application), Floors, Food Processing Plants (Bait Treatment), Food Processing Plants (Outdoor) (Bait Application), Homes (Outdoor) (Bait Application), Public Buildings (Indoor Inedible), Railroad Boxcars (Bait Application), Rodent Burrows, Ships, Boats, Shipholds (Bait Treatment), Transportation Facilities"
    }
},
{
    "model": "inventory.materialfield",
    "pk": 69,
    "fields": {
        "material": 16,
        "field": 5,
        "value": "{\"Bromadiolone\": {\"name\": \"Bromadiolone\", \"url\": \"https://iaspub.epa.gov/apex/pesticides/f?p=CHEMICALSEARCH:3:::NO::P3_XCHEMICAL_ID:1587\", \"concentration\": 0.005}}"
    }
},
{
    "model": "inventory.materialfield",
    "pk": 70,
    "fields": {
        "material": 16,
        "field": 6,
        "value": "False"
    }
},
{
    "model": "inventory.materialfield",
    "pk": 71,
    "fields": {
        "material": 17,
        "field": 1,
        "value": "12455-75"
    }
},
{
    "model": "inventory.materialfield",
    "pk": 72,
    "fields": {
        "material": 17,
        "field": 3,
        "value": "Cotton Rat, Mouse, Meadow Vole, Harvest Mouse, Mexican Woodrat, Roof Rat, Polynesian Rat, Southern Plains Woodrat, Whitethroat Woodrat, Rat, House Mouse, Norway Rat"
    }
},
{
    "model": "inventory.materialfield",
    "pk": 73,
    "fields": {
        "material": 17,
        "field": 4,
        "value": "Agricultural Buildings (Bait Application), Aircraft (Bait Application), Alleys (Bait Treatment), Commercial/Institutional/Industrial Buildings (Bait Application), Commercial/Institutional/Industrial Buildings (Wall Voids), Domestic Dwellings (Indoor) (Bait Application), Domestic Dwellings (Indoor) (Wall Voids), Domestic Dwellings (Outdoor) (Bait Application), Railroad Cars (Unspecified) (Bait Application), Ships, Boats, Shipholds (Bait Treatment), Transportation Facilities, Transportation Vehicles (Unspecified) (Bait Application)"
    }
},
{
    "model": "inventory.materialfield",
    "pk": 74,
    "fields": {
        "material": 17,
        "field": 5,
        "value": "{\"Bromadiolone\": {\"name\": \"Bromadiolone\", \"url\": \"https://iaspub.epa.gov/apex/pesticides/f?p=CHEMICALSEARCH:3:::NO::P3_XCHEMICAL_ID:1587\", \"concentration\": 0.005}}"
    }
},
{
    "model": "inventory.materialfield",
    "pk": 75,
    "fields": {
        "material": 17,
        "field": 6,
        "value": "False"
    }
},
{
    "model": "inventory.materialfield",
    "pk": 76,
    "fields": {
        "material": 18,
        "field": 1,
        "value": "12455-69"
    }
},
{
    "model": "inventory.materialfield",
    "pk": 77,
    "fields": {
        "material": 18,
        "field": 3,
        "value": "House Mouse, Roof Rat, Norway Rat"
    }
},
{
    "model": "inventory.materialfield",
    "pk": 78,
    "fields": {
        "material": 18,
        "field": 4,
        "value": "Agricultural Buildings (Bait Application), Alleys (Bait Treatment), Commercial/Institutional/Industrial Buildings (Bait Application), Domestic Dwellings (Indoor) (Bait Application), Domestic Dwellings (Outdoor) (Bait Application), Rodent Burrows, Transportation Facilities, Transportation Vehicles (Unspecified) (Bait Application), Urban Areas (All Or Unspecified)"
    }
},
{
    "model": "inventory.materialfield",
    "pk": 79,
    "fields": {
        "material": 18,
        "field": 5,
        "value": "{\"Bromadiolone\": {\"name\": \"Bromadiolone\", \"url\": \"https://iaspub.epa.gov/apex/pesticides/f?p=CHEMICALSEARCH:3:::NO::P3_XCHEMICAL_ID:1587\", \"concentration\": 0.005}}"
    }
},
{
    "model": "inventory.materialfield",
    "pk": 80,
    "fields": {
        "material": 18,
        "field": 6,
        "value": "False"
    }
},
{
    "model": "inventory.materialfield",
    "pk": 81,
    "fields": {
        "material": 19,
        "field": 1,
        "value": "91601-1"
    }
},
{
    "model": "inventory.materialfield",
    "pk": 82,
    "fields": {
        "material": 19,
        "field": 3,
        "value": "Roof Rat, Norway Rat"
    }
},
{
    "model": "inventory.materialfield",
    "pk": 83,
    "fields": {
        "material": 19,
        "field": 4,
        "value": "Agricultural Buildings (Bait Application), Ceilings, Com Ind Pub Premises (Indoor), Commercial/Institutional/Industrial Buildings (Indoor Inedible), Commercial/Institutional/Industrial Builoings (Attics), Department Stores, Domestic Dwellings (Indoor), Farm Buildings (Bait Application), Food Handling Premises (Indoor), Food Processing Areas (Indoor), Public Buildings (Indoor Inedible), Residential Areas (Bait Application)"
    }
},
{
    "model": "inventory.materialfield",
    "pk": 84,
    "fields": {
        "material": 19,
        "field": 5,
        "value": "{\"4-Vinylcyclohexene diepoxide\": {\"name\": \"4-Vinylcyclohexene diepoxide\", \"url\": \"https://iaspub.epa.gov/apex/pesticides/f?p=CHEMICALSEARCH:3:::NO::P3_XCHEMICAL_ID:29315\", \"concentration\": 0.09604}, \"Triptolide\": {\"name\": \"Triptolide\", \"url\": \"https://iaspub.epa.gov/apex/pesticides/f?p=CHEMICALSEARCH:3:::NO::P3_XCHEMICAL_ID:29316\", \"concentration\": 0.00118}}"
    }
},
{
    "model": "inventory.materialfield",
    "pk": 85,
    "fields": {
        "material": 19,
        "field": 6,
        "value": "False"
    }
},
{
    "model": "inventory.materialfield",
    "pk": 86,
    "fields": {
        "material": 20,
        "field": 1,
        "value": "1021-2788"
    }
},
{
    "model": "inventory.materialfield",
    "pk": 87,
    "fields": {
        "material": 20,
        "field": 3,
        "value": "Bed Bug (Eggs), Bed Bug, Bed Bug (Adult)"
    }
},
{
    "model": "inventory.materialfield",
    "pk": 88,
    "fields": {
        "material": 20,
        "field": 4,
        "value": "Aircraft (Non Feed/Food), Animal Transportation Vehicles, Apartments (Indoor), Automobiles, Taxis, Limousines,Recreational Vehicles & Tires, Baseboards, Boats/Ships (Non-Residual Space Treatment), Buses (Nonfeed/Nonfood), Campers, Closets, Commercial/Institutional/Industrial Buildings (Indoor Inedible), Domestic Dwellings (Indoor), Door Frames, Factories (Indoor Inedible), Floors, Food Stores"
    }
},
{
    "model": "inventory.materialfield",
    "pk": 89,
    "fields": {
        "material": 20,
        "field": 5,
        "value": "{\"Clothianidin\": {\"name\": \"Clothianidin\", \"url\": \"https://iaspub.epa.gov/apex/pesticides/f?p=CHEMICALSEARCH:3:::NO::P3_XCHEMICAL_ID:1854\", \"concentration\": 0.4}, \"Metofluthrin\": {\"name\": \"Metofluthrin\", \"url\": \"https://iaspub.epa.gov/apex/pesticides/f?p=CHEMICALSEARCH:3:::NO::P3_XCHEMICAL_ID:2897\", \"concentration\": 0.01}, \"Piperonyl butoxide\": {\"name\": \"Piperonyl butoxide\", \"url\": \"https://iaspub.epa.gov/apex/pesticides/f?p=CHEMICALSEARCH:3:::NO::P3_XCHEMICAL_ID:3433\", \"concentration\": 1.0}}"
    }
},
{
    "model": "inventory.materialfield",
    "pk": 90,
    "fields": {
        "material": 20,
        "field": 6,
        "value": "False"
    }
},
{
    "model": "inventory.materialfield",
    "pk": 91,
    "fields": {
        "material": 21,
        "field": 1,
        "value": "1021-2776"
    }
},
{
    "model": "inventory.materialfield",
    "pk": 92,
    "fields": {
        "material": 21,
        "field": 3,
        "value": "Bed Bug (Eggs), Bed Bug"
    }
},
{
    "model": "inventory.materialfield",
    "pk": 93,
    "fields": {
        "material": 21,
        "field": 4,
        "value": "Apartments (Indoor), Baseboards, Bedding, Closets, Door Frames, Floors, Furniture (Upholstery), Hospitals (Indoor Inedible), Hotels/Motels/Tourist Courts (Non-Food Areas), Mattresses, Millwork, Non-Farm Animal/Non-Pet Shelters (Enclosed Premise Treatment), Nursing Homes (Indoor Inedible), Offices (Indoor Inedible), Pet Kennels (Enclosed Premise Treatment)"
    }
},
{
    "model": "inventory.materialfield",
    "pk": 94,
    "fields": {
        "material": 21,
        "field": 5,
        "value": "{\"Clothianidin\": {\"name\": \"Clothianidin\", \"url\": \"https://iaspub.epa.gov/apex/pesticides/f?p=CHEMICALSEARCH:3:::NO::P3_XCHEMICAL_ID:1854\", \"concentration\": 4.0}, \"Metofluthrin\": {\"name\": \"Metofluthrin\", \"url\": \"https://iaspub.epa.gov/apex/pesticides/f?p=CHEMICALSEARCH:3:::NO::P3_XCHEMICAL_ID:2897\", \"concentration\": 0.1}, \"Piperonyl butoxide\": {\"name\": \"Piperonyl butoxide\", \"url\": \"https://iaspub.epa.gov/apex/pesticides/f?p=CHEMICALSEARCH:3:::NO::P3_XCHEMICAL_ID:3433\", \"concentration\": 10.0}}"
    }
},
{
    "model": "inventory.materialfield",
    "pk": 95,
    "fields": {
        "material": 21,
        "field": 6,
        "value": "False"
    }
},
{
    "model": "inventory.materialfield",
    "pk": 96,
    "fields": {
        "material": 22,
        "field": 1,
        "value": "499-535"
    }
},
{
    "model": "inventory.materialfield",
    "pk": 97,
    "fields": {
        "material": 22,
        "field": 3,
        "value": "Boxelder Bug, Armyworm, Chocolate Moth, Carpet Beetle, Beetle, Chinch Bug, Ant, Bagworm, Caterpillar, Cadelle, Billbugs (Adult), Aphid, Carrion Beetle, Bee, Cigarette Beetle"
    }
},
{
    "model": "inventory.materialfield",
    "pk": 98,
    "fields": {
        "material": 22,
        "field": 4,
        "value": "African Violets (Containerized), Azalea (Foliar Treatment), Barberry (Foliar Treatment), Begonia (Containerized), Boston Fern (Foliar Treatment), Calceolaria (Containerized), Calf Barns (Enclosed Premise Treatment), Calf Pens, Calf Sheds (Enclosed Premise Treatment), Calving Grounds (Open Premise Treatment), Campgrounds, Carnation (Foliar Treatment), Chrysanthemum (Foliar Treatment), Cineraria (Containerized), Commercial/Institutional/Industrial Areas (Outdoor)"
    }
},
{
    "model": "inventory.materialfield",
    "pk": 99,
    "fields": {
        "material": 22,
        "field": 5,
        "value": "{\"lambda-Cyhalothrin\": {\"name\": \"lambda-Cyhalothrin\", \"url\": \"https://iaspub.epa.gov/apex/pesticides/f?p=CHEMICALSEARCH:3:::NO::P3_XCHEMICAL_ID:4504\", \"concentration\": 9.7}}"
    }
},
{
    "model": "inventory.materialfield",
    "pk": 100,
    "fields": {
        "material": 22,
        "field": 6,
        "value": "False"
    }
},
{
    "model": "inventory.materialfield",
    "pk": 101,
    "fields": {
        "material": 23,
        "field": 1,
        "value": "499-470"
    }
},
{
    "model": "inventory.materialfield",
    "pk": 102,
    "fields": {
        "material": 23,
        "field": 3,
        "value": "Boxelder Bug, Bed Bug, Anobiid Beetle, Bostrichid Beetle, Centipede, Beetle, Ant, Argentine Ant, Borer, Buprestid Bark Beetle, Booklouse, Brown Recluse Spider, Carpenter Ant, Carpenter Bee, Black Widow Spider"
    }
},
{
    "model": "inventory.materialfield",
    "pk": 103,
    "fields": {
        "material": 23,
        "field": 4,
        "value": "Aircraft (Nonfeed/Nonfood) (Residual General Treatment), Ant Hills, Apartments (Indoor), Baseboards, Boats/Ships (Residual General Treatment), Bookcases, Bottling Plants (Residual Crack And Crevice Treatment), Buses (Nonfeed/Nonfood) (Residual General Treatment), Campgrounds, Canneries (Residual Crack And Crevice Treatment), Carpets, Closets, Commercial/Institutional/Industrial Buildings (Indoor Inedible), Commercial/Institutional/Industrial Buildings (Outdoor Inedible), Dairies (Residual Crack And Crevice Treatment)"
    }
},
{
    "model": "inventory.materialfield",
    "pk": 104,
    "fields": {
        "material": 23,
        "field": 5,
        "value": "{\"Cyfluthrin\": {\"name\": \"Cyfluthrin\", \"url\": \"https://iaspub.epa.gov/apex/pesticides/f?p=CHEMICALSEARCH:3:::NO::P3_XCHEMICAL_ID:1997\", \"concentration\": 0.1}}"
    }
},
{
    "model": "inventory.materialfield",
    "pk": 105,
    "fields": {
        "material": 23,
        "field": 6,
        "value": "False"
    }
},
{
    "model": "inventory.materialfield",
    "pk": 106,
    "fields": {
        "material": 24,
        "field": 1,
        "value": "499-304"
    }
},
{
    "model": "inventory.materialfield",
    "pk": 107,
    "fields": {
        "material": 24,
        "field": 3,
        "value": "Boxelder Bug, Bed Bug, Armyworm, Anobiid Beetle, Bostrichid Beetle, Asian Lady Beetle, Beetle, Ant, Bagworm, Borer, Buprestid Bark Beetle, Billbugs (Adult), Aphid, Booklouse, Bee"
    }
},
{
    "model": "inventory.materialfield",
    "pk": 108,
    "fields": {
        "material": 24,
        "field": 4,
        "value": "African Violets (Containerized), Aircraft (Feed/Food-Empty) (Residual General Treatment), Aircraft (Non Feed/Food), Ant Hills, Apartments (Indoor), Azalea (Foliar Treatment), Azalea (Greenhouse-Foliar Treatment), Azalea (Interior Plantscapes), Barberry (Foliar Treatment), Barberry (Greenhouse-Foliar Treatment), Barberry (Interior Plantscapes), Begonia (Containerized), Boat Premises, Boats/Ships (Residual General Treatment), Boston Fern (Foliar Treatment)"
    }
},
{
    "model": "inventory.materialfield",
    "pk": 109,
    "fields": {
        "material": 24,
        "field": 5,
        "value": "{\"Cyfluthrin\": {\"name\": \"Cyfluthrin\", \"url\": \"https://iaspub.epa.gov/apex/pesticides/f?p=CHEMICALSEARCH:3:::NO::P3_XCHEMICAL_ID:1997\", \"concentration\": 6.0}}"
    }
},
{
    "model": "inventory.materialfield",
    "pk": 110,
    "fields": {
        "material": 24,
        "field": 6,
        "value": "False"
    }
},
{
    "model": "inventory.materialfield",
    "pk": 111,
    "fields": {
        "material": 25,
        "field": 1,
        "value": "279-9557"
    }
},
{
    "model": "inventory.materialfield",
    "pk": 112,
    "fields": {
        "material": 25,
        "field": 3,
        "value": "Boxelder Bug, Clover Mite, Cluster Fly, Chocolate Moth, Carpet Beetle, Black Carpet Beetle, Centipede, Confused Flour Beetle, Ant, Booklouse, Carpenter Bee, Bee, Carpenter Ant, Cockroach, Cigarette Beetle"
    }
},
{
    "model": "inventory.materialfield",
    "pk": 113,
    "fields": {
        "material": 25,
        "field": 4,
        "value": "Aircraft (Non Feed/Food), Automobiles, Boats/Ships (Non-Residual) (General Treatment), Building Foundations, Buses (Non-Residual) (General Treatment), Campers, Cat Sleeping Quarters, Commercial/Institutional/Industrial Buildings (Indoor Inedible), Domestic Dwellings (Indoor), Domestic Dwellings (Indoor) (Wall Voids), Domestic Dwellings (Outdoor), Driveways, Eating Establishments (Indoor Inedible), Fences, Food Handling Establishments (Indoor Inedible)"
    }
},
{
    "model": "inventory.materialfield",
    "pk": 114,
    "fields": {
        "material": 25,
        "field": 5,
        "value": "{\"Deltamethrin\": {\"name\": \"Deltamethrin\", \"url\": \"https://iaspub.epa.gov/apex/pesticides/f?p=CHEMICALSEARCH:3:::NO::P3_XCHEMICAL_ID:2050\", \"concentration\": 0.06}}"
    }
},
{
    "model": "inventory.materialfield",
    "pk": 115,
    "fields": {
        "material": 25,
        "field": 6,
        "value": "False"
    }
},
{
    "model": "inventory.materialfield",
    "pk": 116,
    "fields": {
        "material": 26,
        "field": 1,
        "value": "279-9554"
    }
},
{
    "model": "inventory.materialfield",
    "pk": 117,
    "fields": {
        "material": 26,
        "field": 3,
        "value": "Boxelder Bug, Bed Bug, Clover Mite, Chocolate Moth, Carpet Beetle, Cluster Fly, Black Carpet Beetle, Centipede, Asian Cockroach, Ant, Booklouse, Bee, Carpenter Ant, Cockroach, Cigarette Beetle"
    }
},
{
    "model": "inventory.materialfield",
    "pk": 118,
    "fields": {
        "material": 26,
        "field": 4,
        "value": "Aircraft (Feed/Food-Empty), Apartments (Indoor), Automobiles, Automobiles (Residual General Treatment), Bakeries (Indoor-Inedible), Basements, Bathrooms, Boats/Ships (Residual General Treatment), Bottling Plants (Indoor Inedible), Breweries (Indoor-Inedible), Building Foundations, Buses (Nonfeed/Nonfood), Cabins (Indoor), Cafeterias (Indoor Inedible), Campers"
    }
},
{
    "model": "inventory.materialfield",
    "pk": 119,
    "fields": {
        "material": 26,
        "field": 5,
        "value": "{\"Deltamethrin\": {\"name\": \"Deltamethrin\", \"url\": \"https://iaspub.epa.gov/apex/pesticides/f?p=CHEMICALSEARCH:3:::NO::P3_XCHEMICAL_ID:2050\", \"concentration\": 0.06}}"
    }
},
{
    "model": "inventory.materialfield",
    "pk": 120,
    "fields": {
        "material": 26,
        "field": 6,
        "value": "False"
    }
},
{
    "model": "inventory.materialfield",
    "pk": 121,
    "fields": {
        "material": 27,
        "field": 1,
        "value": "12455-56"
    }
},
{
    "model": "inventory.materialfield",
    "pk": 122,
    "fields": {
        "material": 27,
        "field": 3,
        "value": "House Mouse, Roof Rat, Norway Rat"
    }
},
{
    "model": "inventory.materialfield",
    "pk": 123,
    "fields": {
        "material": 27,
        "field": 4,
        "value": "Agricultural Buildings (Indoor), Commercial/Institutional/Industrial Buildings (Indoor), Domestic Dwellings (Indoor), Rodent Burrows"
    }
},
{
    "model": "inventory.materialfield",
    "pk": 124,
    "fields": {
        "material": 27,
        "field": 5,
        "value": "{\"Diphacinone\": {\"name\": \"Diphacinone\", \"url\": \"https://iaspub.epa.gov/apex/pesticides/f?p=CHEMICALSEARCH:3:::NO::P3_XCHEMICAL_ID:2186\", \"concentration\": 0.2}}"
    }
},
{
    "model": "inventory.materialfield",
    "pk": 125,
    "fields": {
        "material": 27,
        "field": 6,
        "value": "True"
    }
},
{
    "model": "inventory.materialfield",
    "pk": 126,
    "fields": {
        "material": 28,
        "field": 1,
        "value": "101563-23"
    }
},
{
    "model": "inventory.materialfield",
    "pk": 127,
    "fields": {
        "material": 28,
        "field": 3,
        "value": "Drugstore Beetle, Boxelder Bug, Bed Bug, Confused Flour Beetle, Centipede, Crawling Insect, Dark Mealworm, American Cockroach, Ant, Cadelle, Cheese Mite, Bee, Cricket, Cockroach, Cigarette Beetle"
    }
},
{
    "model": "inventory.materialfield",
    "pk": 128,
    "fields": {
        "material": 28,
        "field": 4,
        "value": "Animal Living Quarters, Bakeries (Residual Crack And Crevice Treatment), Baseboards, Beverage Plants, Cats (Animal Treatment), Dogs (Animal Treatment), Domestic Dwellings (Indoor), Domestic Dwellings (Outdoor), Doors, Eating Establishments (Residual Crack And Crevice Treatment), Floors, Food Processing Plants (Residual Crack And Crevice Treatment), Grain Elevators (Empty) (Residual General Treatment), Grain Storage Areas (Empty) (Residual General Treatment), Granaries (Empty) (Residual General Treatment)"
    }
},
{
    "model": "inventory.materialfield",
    "pk": 129,
    "fields": {
        "material": 28,
        "field": 5,
        "value": "{\"Piperonyl butoxide\": {\"name\": \"Piperonyl butoxide\", \"url\": \"https://iaspub.epa.gov/apex/pesticides/f?p=CHEMICALSEARCH:3:::NO::P3_XCHEMICAL_ID:3433\", \"concentration\": 10.0}, \"Pyrethrins\": {\"name\": \"Pyrethrins\", \"url\": \"https://iaspub.epa.gov/apex/pesticides/f?p=CHEMICALSEARCH:3:::NO::P3_XCHEMICAL_ID:3656\", \"concentration\": 1.0}, \"Silica gel\": {\"name\": \"Silica gel\", \"url\": \"https://iaspub.epa.gov/apex/pesticides/f?p=CHEMICALSEARCH:3:::NO::P3_XCHEMICAL_ID:3764\", \"concentration\": 40.0}}"
    }
},
{
    "model": "inventory.materialfield",
    "pk": 130,
    "fields": {
        "material": 28,
        "field": 6,
        "value": "False"
    }
},
{
    "model": "inventory.materialfield",
    "pk": 131,
    "fields": {
        "material": 29,
        "field": 1,
        "value": "100-1486"
    }
},
{
    "model": "inventory.materialfield",
    "pk": 132,
    "fields": {
        "material": 29,
        "field": 3,
        "value": "Cockroach"
    }
},
{
    "model": "inventory.materialfield",
    "pk": 133,
    "fields": {
        "material": 29,
        "field": 4,
        "value": "Aircraft (Bait Application), Buses (Bait Treatment), Commercial/Institutional/Industrial Buildings (Bait Application), Domestic Dwellings (Indoor) (Bait Application), Eating Establishments (Indoor) (Bait Application), Food Marketing/Storage/Distribution Facilities (Bait Treatment), Hospitals (Bait Application), Hotels/Motels (Indoor) (Bait Application), Kitchens, Railroad Boxcars (Bait Application), Ships, Boats, Shipholds (Bait Treatment), Sinks, Utility Areas, Walls"
    }
},
{
    "model": "inventory.materialfield",
    "pk": 134,
    "fields": {
        "material": 29,
        "field": 5,
        "value": "{\"Indoxacarb\": {\"name\": \"Indoxacarb\", \"url\": \"https://iaspub.epa.gov/apex/pesticides/f?p=CHEMICALSEARCH:3:::NO::P3_XCHEMICAL_ID:2585\", \"concentration\": 0.5}}"
    }
},
{
    "model": "inventory.materialfield",
    "pk": 135,
    "fields": {
        "material": 29,
        "field": 6,
        "value": "False"
    }
},
{
    "model": "inventory.materialfield",
    "pk": 136,
    "fields": {
        "material": 30,
        "field": 1,
        "value": "100-1484"
    }
},
{
    "model": "inventory.materialfield",
    "pk": 137,
    "fields": {
        "material": 30,
        "field": 3,
        "value": "Asian Cockroach, American Cockroach, Brownbanded Cockroach, German Cockroach, Brown Cockroach, Oriental Cockroach, Smoky Brown Cockroach, Australian Cockroach, Cockroach"
    }
},
{
    "model": "inventory.materialfield",
    "pk": 138,
    "fields": {
        "material": 30,
        "field": 4,
        "value": "Aircraft (Bait Application), Bathroom Premises, Buses (Bait Treatment), Commercial/Institutional/Industrial Buildings (Bait Application), Commercial/Institutional/Industrial Buildings (Outdoor Inedible), Commercial/Institutional/Industrial Buildings (Wall Voids), Commercial/Institutional/Industrial Builoings (Attics), Domestic Dwellings (Indoor) (Attics), Domestic Dwellings (Indoor) (Bait Application), Domestic Dwellings (Indoor) (Wall Voids), Domestic Dwellings (Outdoor) (Bait Application), Doors, Eating Establishments (Indoor) (Bait Application), Eating Establishments (Outdoor) (Bait Application), Food Marketing/Storage/Distribution Facilities (Bait Treatment)"
    }
},
{
    "model": "inventory.materialfield",
    "pk": 139,
    "fields": {
        "material": 30,
        "field": 5,
        "value": "{\"Indoxacarb\": {\"name\": \"Indoxacarb\", \"url\": \"https://iaspub.epa.gov/apex/pesticides/f?p=CHEMICALSEARCH:3:::NO::P3_XCHEMICAL_ID:2585\", \"concentration\": 0.6}}"
    }
},
{
    "model": "inventory.materialfield",
    "pk": 140,
    "fields": {
        "material": 30,
        "field": 6,
        "value": "False"
    }
},
{
    "model": "inventory.materialfield",
    "pk": 141,
    "fields": {
        "material": 31,
        "field": 1,
        "value": "1021-1871"
    }
},
{
    "model": "inventory.materialfield",
    "pk": 142,
    "fields": {
        "material": 31,
        "field": 3,
        "value": "Bean Beetle, Bed Bug, Armyworm, Alfalfa Weevil, American Black Flour Beetle, Angoumois Grain Moth, Asian Lady Beetle, Ant, Bagworm, Apple Maggot, Almond Moth, Aphid, Bat Bug, Bean Weevil, Adelgid"
    }
},
{
    "model": "inventory.materialfield",
    "pk": 143,
    "fields": {
        "material": 31,
        "field": 4,
        "value": "Animal Living Quarters, Animal Stables (Unspecified) (Enclosed Premise Treatment), Ant Hills, Barns (Indoor), Beef Cattle (Animal Treatment), Beef Cattle (Dust Bag), Beef Cattle Barns (Enclosed Premise Treatment), Cafeterias (Indoor Edible), Canneries (Indoor-Edible), Cat Sleeping Quarters, Cattle Barns (Enclosed Premise Treatment), Commercial/Institutional/Industrial Buildings (Indoor Edible), Compost, Dairy Barns (Enclosed Premise Treatment), Dairy Cattle (Animal Treatment)"
    }
},
{
    "model": "inventory.materialfield",
    "pk": 144,
    "fields": {
        "material": 31,
        "field": 5,
        "value": "{\"Pyrethrins\": {\"name\": \"Pyrethrins\", \"url\": \"https://iaspub.epa.gov/apex/pesticides/f?p=CHEMICALSEARCH:3:::NO::P3_XCHEMICAL_ID:3656\", \"concentration\": 1.0}}"
    }
},
{
    "model": "inventory.materialfield",
    "pk": 145,
    "fields": {
        "material": 31,
        "field": 6,
        "value": "False"
    }
},
{
    "model": "inventory.materialfield",
    "pk": 146,
    "fields": {
        "material": 32,
        "field": 1,
        "value": "89459-41"
    }
},
{
    "model": "inventory.materialfield",
    "pk": 147,
    "fields": {
        "material": 32,
        "field": 3,
        "value": "Billbug, Bed Bug, Armyworm, Carpet Beetle, Black Carpet Beetle, Centipede, Angoumois Grain Moth, Chiggers (Redbugs), Cheese Skipper, Ant, Cadelle, Almond Moth, Brown Dog Tick, Chinch Bug, Bee"
    }
},
{
    "model": "inventory.materialfield",
    "pk": 148,
    "fields": {
        "material": 32,
        "field": 4,
        "value": "Aircraft (Feed/Food-Full) (Non-Residual) (Space Treatment), Aircraft (Non-Residual Contact Treatment), Apartment Buildings (Indoor), Building Foundations (Foliar Treatment), Buses (Food/Feed) (Non-Residual Contact Treatment), Buses (Food/Feed) (Non-Residual Space Treatment), Closets, Commercial/Institutional/Industrial Buildings (Indoor Edible), Commercial/Institutional/Industrial Buildings (Outdoor Edible), Dog Houses (Open Premise Treatment), Dog Kennels (Open Premise Treatment), Dogs (Animal Treatment), Domestic Dwellings (Indoor), Domestic Dwellings (Outdoor), Eating Establishments (Indoor Edible)"
    }
},
{
    "model": "inventory.materialfield",
    "pk": 149,
    "fields": {
        "material": 32,
        "field": 5,
        "value": "{\"Piperonyl butoxide\": {\"name\": \"Piperonyl butoxide\", \"url\": \"https://iaspub.epa.gov/apex/pesticides/f?p=CHEMICALSEARCH:3:::NO::P3_XCHEMICAL_ID:3433\", \"concentration\": 60.0}, \"Pyrethrins\": {\"name\": \"Pyrethrins\", \"url\": \"https://iaspub.epa.gov/apex/pesticides/f?p=CHEMICALSEARCH:3:::NO::P3_XCHEMICAL_ID:3656\", \"concentration\": 6.0}}"
    }
},
{
    "model": "inventory.materialfield",
    "pk": 150,
    "fields": {
        "material": 32,
        "field": 6,
        "value": "False"
    }
},
{
    "model": "inventory.materialfield",
    "pk": 151,
    "fields": {
        "material": 33,
        "field": 1,
        "value": "12455-95"
    }
},
{
    "model": "inventory.materialfield",
    "pk": 152,
    "fields": {
        "material": 33,
        "field": 3,
        "value": "Meadow Vole, House Mouse, Roof Rat, Norway Rat"
    }
},
{
    "model": "inventory.materialfield",
    "pk": 153,
    "fields": {
        "material": 33,
        "field": 4,
        "value": "Agricultural Buildings (Bait Application), Aircraft (Bait Application), Alleys (Bait Treatment), Commercial/Institutional/Industrial Buildings (Bait Application), Domestic Dwellings (Indoor) (Bait Application), Domestic Dwellings (Outdoor) (Bait Application), Railroad Boxcars (Bait Application), Ships, Boats, Shipholds (Bait Treatment), Transportation Facilities, Transportation Vehicles (Unspecified) (Bait Application)"
    }
},
{
    "model": "inventory.materialfield",
    "pk": 154,
    "fields": {
        "material": 33,
        "field": 5,
        "value": "{\"Bromethalin\": {\"name\": \"Bromethalin\", \"url\": \"https://iaspub.epa.gov/apex/pesticides/f?p=CHEMICALSEARCH:3:::NO::P3_XCHEMICAL_ID:1588\", \"concentration\": 0.01}}"
    }
},
{
    "model": "inventory.materialfield",
    "pk": 155,
    "fields": {
        "material": 33,
        "field": 6,
        "value": "False"
    }
},
{
    "model": "inventory.materialfield",
    "pk": 156,
    "fields": {
        "material": 34,
        "field": 1,
        "value": "12455-89"
    }
},
{
    "model": "inventory.materialfield",
    "pk": 157,
    "fields": {
        "material": 34,
        "field": 3,
        "value": "Cotton Rat, Mouse, Meadow Vole, Harvest Mouse, Mexican Woodrat, Roof Rat, Polynesian Rat, Southern Plains Woodrat, Whitethroat Woodrat, Rat, House Mouse, Norway Rat"
    }
},
{
    "model": "inventory.materialfield",
    "pk": 158,
    "fields": {
        "material": 34,
        "field": 4,
        "value": "Agricultural Buildings (Bait Application), Alleys (Bait Treatment), Commercial/Institutional/Industrial Buildings (Bait Application), Domestic Dwellings (Indoor) (Bait Application), Domestic Dwellings (Outdoor) (Bait Application), Food Processing Plants (Bait Treatment), Transportation Facilities, Transportation Vehicles (Unspecified) (Bait Application)"
    }
},
{
    "model": "inventory.materialfield",
    "pk": 159,
    "fields": {
        "material": 34,
        "field": 5,
        "value": "{\"Brodifacoum\": {\"name\": \"Brodifacoum\", \"url\": \"https://iaspub.epa.gov/apex/pesticides/f?p=CHEMICALSEARCH:3:::NO::P3_XCHEMICAL_ID:1585\", \"concentration\": 0.005}}"
    }
},
{
    "model": "inventory.materialfield",
    "pk": 160,
    "fields": {
        "material": 34,
        "field": 6,
        "value": "False"
    }
},
{
    "model": "inventory.materialfield",
    "pk": 161,
    "fields": {
        "material": 35,
        "field": 1,
        "value": "12455-139"
    }
},
{
    "model": "inventory.materialfield",
    "pk": 162,
    "fields": {
        "material": 35,
        "field": 3,
        "value": "Cotton Rat, Mouse, Meadow Vole, Mexican Woodrat, Roof Rat, Polynesian Rat, Southern Plains Woodrat, Whitethroat Woodrat, House Mouse, Norway Rat"
    }
},
{
    "model": "inventory.materialfield",
    "pk": 163,
    "fields": {
        "material": 35,
        "field": 4,
        "value": "Agricultural Buildings (Bait Application), Aircraft (Bait Application), Commercial/Institutional/Industrial Buildings (Bait Application), Dock (Sorrel) (Bait Application), Domestic Dwellings (Indoor) (Bait Application), Floors, Food Processing Plants (Bait Treatment), Garbage Cans (Bait Application), Homes (Outdoor) (Bait Application), Household Trash Compactors, Railroad Boxcars (Bait Application), Ships, Boats, Shipholds (Bait Treatment), Walls"
    }
},
{
    "model": "inventory.materialfield",
    "pk": 164,
    "fields": {
        "material": 35,
        "field": 5,
        "value": "{\"Brodifacoum\": {\"name\": \"Brodifacoum\", \"url\": \"https://iaspub.epa.gov/apex/pesticides/f?p=CHEMICALSEARCH:3:::NO::P3_XCHEMICAL_ID:1585\", \"concentration\": 0.0025}}"
    }
},
{
    "model": "inventory.materialfield",
    "pk": 165,
    "fields": {
        "material": 35,
        "field": 6,
        "value": "False"
    }
},
{
    "model": "inventory.materialfield",
    "pk": 166,
    "fields": {
        "material": 36,
        "field": 1,
        "value": "7173-258"
    }
},
{
    "model": "inventory.materialfield",
    "pk": 167,
    "fields": {
        "material": 36,
        "field": 3,
        "value": "Bushytail Woodrat, Cotton Rat, Meadow Vole, Harvest Mouse, Mexican Woodrat, Roof Rat, Polynesian Rat, Southern Plains Woodrat, White-Footed Mouse, Whitethroat Woodrat, House Mouse, Deer Mouse, Norway Rat"
    }
},
{
    "model": "inventory.materialfield",
    "pk": 168,
    "fields": {
        "material": 36,
        "field": 4,
        "value": "Agricultural Buildings (Bait Application), Aircraft (Bait Application), Alleys (Bait Treatment), Commercial/Institutional/Industrial Areas (Outdoor) (Bait Treatment), Commercial/Institutional/Industrial Buildings (Bait Application), Domestic Dwellings (Indoor) (Bait Application), Domestic Dwellings (Outdoor) (Bait Application), Food Processing Plants (Indoor Inedible), Food Processing Plants (Outdoor) (Bait Application), Public Buildings (Indoor Inedible), Railroad Cars (Unspecified) (Bait Application), Rodent Burrows, Ships, Boats, Shipholds (Bait Treatment), Walls"
    }
},
{
    "model": "inventory.materialfield",
    "pk": 169,
    "fields": {
        "material": 36,
        "field": 5,
        "value": "{\"Difethialone\": {\"name\": \"Difethialone\", \"url\": \"https://iaspub.epa.gov/apex/pesticides/f?p=CHEMICALSEARCH:3:::NO::P3_XCHEMICAL_ID:2138\", \"concentration\": 0.0025}}"
    }
},
{
    "model": "inventory.materialfield",
    "pk": 170,
    "fields": {
        "material": 36,
        "field": 6,
        "value": "False"
    }
},
{
    "model": "inventory.materialfield",
    "pk": 171,
    "fields": {
        "material": 37,
        "field": 1,
        "value": "279-3394"
    }
},
{
    "model": "inventory.materialfield",
    "pk": 172,
    "fields": {
        "material": 37,
        "field": 3,
        "value": "Cockroach, Tick, House Fly, Silverfish, Small Flying Moth, Wasp, Mosquito, Cricket, Flea"
    }
},
{
    "model": "inventory.materialfield",
    "pk": 173,
    "fields": {
        "material": 37,
        "field": 4,
        "value": "Commercial/Institutional/Industrial Buildings (Indoor), Domestic Dwellings (Indoor), Eating Establishments (Indoor Edible), Food Processing Plants (Indoor Edible), Hospitals (Indoor-Edible), Hotels/Motels/Tourist Courts (Indoor Edible), Office Buildings (Indoor Edible), Pet Kennels (Enclosed Premise Treatment), Restaurants (Indoor Edible), Schools (Indoor Edible), Theaters, Warehouses (Indoor Edible)"
    }
},
{
    "model": "inventory.materialfield",
    "pk": 174,
    "fields": {
        "material": 37,
        "field": 5,
        "value": "{\"MGK 264\": {\"name\": \"MGK 264\", \"url\": \"https://iaspub.epa.gov/apex/pesticides/f?p=CHEMICALSEARCH:3:::NO::P3_XCHEMICAL_ID:2711\", \"concentration\": 0.96}, \"Piperonyl butoxide\": {\"name\": \"Piperonyl butoxide\", \"url\": \"https://iaspub.epa.gov/apex/pesticides/f?p=CHEMICALSEARCH:3:::NO::P3_XCHEMICAL_ID:3433\", \"concentration\": 1.0}, \"Pyrethrins\": {\"name\": \"Pyrethrins\", \"url\": \"https://iaspub.epa.gov/apex/pesticides/f?p=CHEMICALSEARCH:3:::NO::P3_XCHEMICAL_ID:3656\", \"concentration\": 0.5}}"
    }
},
{
    "model": "inventory.materialfield",
    "pk": 175,
    "fields": {
        "material": 37,
        "field": 6,
        "value": "False"
    }
},
{
    "model": "inventory.materialfield",
    "pk": 176,
    "fields": {
        "material": 38,
        "field": 1,
        "value": "82016-1"
    }
},
{
    "model": "inventory.materialfield",
    "pk": 177,
    "fields": {
        "material": 38,
        "field": 3,
        "value": "Rodent"
    }
},
{
    "model": "inventory.materialfield",
    "pk": 178,
    "fields": {
        "material": 38,
        "field": 4,
        "value": "Automobiles, Barns (Indoor), Basements, Boat Premises, Domestic Dwellings (Indoor) (Attics), Domestic Dwellings (Indoor) (Cellars), Domestic Dwellings (Outdoor) (Toolsheds), Garages, Storage Areas, Trucks (Nonfeed/Nonfood), Utility Lines (Junction Box)"
    }
},
{
    "model": "inventory.materialfield",
    "pk": 179,
    "fields": {
        "material": 38,
        "field": 5,
        "value": "{\"Fir Needle Oil\": {\"name\": \"Fir Needle Oil\", \"url\": \"https://iaspub.epa.gov/apex/pesticides/f?p=CHEMICALSEARCH:3:::NO::P3_XCHEMICAL_ID:2378\", \"concentration\": 2.0}}"
    }
},
{
    "model": "inventory.materialfield",
    "pk": 180,
    "fields": {
        "material": 38,
        "field": 6,
        "value": "False"
    }
},
{
    "model": "inventory.materialfield",
    "pk": 181,
    "fields": {
        "material": 39,
        "field": 1,
        "value": "3282-110"
    }
},
{
    "model": "inventory.materialfield",
    "pk": 182,
    "fields": {
        "material": 39,
        "field": 3,
        "value": "House Mouse, Roof Rat, Norway Rat"
    }
},
{
    "model": "inventory.materialfield",
    "pk": 183,
    "fields": {
        "material": 39,
        "field": 4,
        "value": "Agricultural Buildings (Bait Application), Aircraft (Bait Application), Alleys (Bait Treatment), Commercial Buildings (Outdoor) (Bait Application), Commercial/Institutional/Industrial Areas (Outdoor) (Bait Treatment), Commercial/Institutional/Industrial Buildings (Bait Application), Domestic Dwellings (Indoor) (Bait Application), Domestic Dwellings (Outdoor) (Bait Application), Food Processing Plants (Bait Treatment), Food Processing Plants (Outdoor) (Bait Application), Railroad Cars (Unspecified) (Bait Application), Rodent Burrows, Ships, Boats, Shipholds (Bait Treatment), Uncultivated Agricultural Areas, Uncultivated Agricultural Areas (Non-Feed)"
    }
},
{
    "model": "inventory.materialfield",
    "pk": 184,
    "fields": {
        "material": 39,
        "field": 5,
        "value": "{\"Difethialone\": {\"name\": \"Difethialone\", \"url\": \"https://iaspub.epa.gov/apex/pesticides/f?p=CHEMICALSEARCH:3:::NO::P3_XCHEMICAL_ID:2138\", \"concentration\": 0.0025}}"
    }
},
{
    "model": "inventory.materialfield",
    "pk": 185,
    "fields": {
        "material": 39,
        "field": 6,
        "value": "False"
    }
},
{
    "model": "inventory.materialfield",
    "pk": 186,
    "fields": {
        "material": 40,
        "field": 1,
        "value": "7173-218"
    }
},
{
    "model": "inventory.materialfield",
    "pk": 187,
    "fields": {
        "material": 40,
        "field": 3,
        "value": "Peromyscu, Bushytail Woodrat, Cotton Rat, Mouse, Meadow Vole, Harvest Mouse, Mexican Woodrat, Roof Rat, Polynesian Rat, Southern Plains Woodrat, White-Footed Mouse, Rat, House Mouse, Deer Mouse, Norway Rat"
    }
},
{
    "model": "inventory.materialfield",
    "pk": 188,
    "fields": {
        "material": 40,
        "field": 4,
        "value": "Agricultural Buildings (Bait Application), Aircraft (Bait Application), Alleys (Bait Treatment), Commercial/Institutional/Industrial Areas (Outdoor) (Bait Treatment), Commercial/Institutional/Industrial Buildings (Bait Application), Domestic Dwellings (Indoor) (Bait Application), Domestic Dwellings (Outdoor) (Bait Application), Food Processing Plants (Bait Treatment), Food Processing Plants (Outdoor) (Bait Application), Railroad Boxcars (Bait Application), Rodent Burrows, Sewers (Bait Treatment), Ships, Boats, Shipholds (Bait Treatment), Urban Outdoor (Bait Application)"
    }
},
{
    "model": "inventory.materialfield",
    "pk": 189,
    "fields": {
        "material": 40,
        "field": 5,
        "value": "{\"Difethialone\": {\"name\": \"Difethialone\", \"url\": \"https://iaspub.epa.gov/apex/pesticides/f?p=CHEMICALSEARCH:3:::NO::P3_XCHEMICAL_ID:2138\", \"concentration\": 0.0025}}"
    }
},
{
    "model": "inventory.materialfield",
    "pk": 190,
    "fields": {
        "material": 40,
        "field": 6,
        "value": "False"
    }
},
{
    "model": "inventory.materialfield",
    "pk": 191,
    "fields": {
        "material": 41,
        "field": 1,
        "value": "2724-351"
    }
},
{
    "model": "inventory.materialfield",
    "pk": 192,
    "fields": {
        "material": 41,
        "field": 3,
        "value": "Larder Beetle, No Pest, Bed Bug, Rice Moth, Lesser Grain Borer, Confused Flour Beetle, Merchant Grain Beetle, Dermestid Beetle, Flea, Roach, Red Flour Beetle, Indian Meal Moth, Cockroach, Sawtoothed Grain Beetle, Cigarette Beetle"
    }
},
{
    "model": "inventory.materialfield",
    "pk": 193,
    "fields": {
        "material": 41,
        "field": 4,
        "value": "Aircraft (Feed/Food-Empty) (Residual General Treatment), Bakeries (Residual Crack And Crevice Treatment), Bakeries (Residual Spot Treatment-Edible Areas), Boats/Ships (Residual General Treatment), Breweries, Buses (Nonfeed/Nonfood) (Residual General Treatment), Commercial/Institutional/Industrial Buildings (Indoor Inedible), Domestic Dwellings (Indoor), Eating Establishments (Residual Crack And Crevice Treatment), Eating Establishments (Residual Spot Treatment-Edible Areas), Food Marketing/Storage/Distribution Facilities (Residual Crack And Crevice Treatment), Food Marketing/Storage/Distribution Facilities (Residual Spot Treatment-Edible Areas), Food Processing Plants (Residual Crack And Crevice Treatment), Food Processing Plants (Residual Spot Treatment-Edible Areas), Hospitals (Indoor Inedible)"
    }
},
{
    "model": "inventory.materialfield",
    "pk": 194,
    "fields": {
        "material": 41,
        "field": 5,
        "value": "{\"2,4-Dodecadienoic acid, 3,7,11-trimethyl-, ethyl ester, (S-(E,E))-\": {\"name\": \"2,4-Dodecadienoic acid, 3,7,11-trimethyl-, ethyl ester, (S-(E,E))-\", \"url\": \"https://iaspub.epa.gov/apex/pesticides/f?p=CHEMICALSEARCH:3:::NO::P3_XCHEMICAL_ID:429\", \"concentration\": 9.0}}"
    }
},
{
    "model": "inventory.materialfield",
    "pk": 195,
    "fields": {
        "material": 41,
        "field": 6,
        "value": "False"
    }
},
{
    "model": "inventory.materialfield",
    "pk": 196,
    "fields": {
        "material": 42,
        "field": 1,
        "value": "73766-1"
    }
},
{
    "model": "inventory.materialfield",
    "pk": 197,
    "fields": {
        "material": 42,
        "field": 3,
        "value": "Ant, German Cockroach"
    }
},
{
    "model": "inventory.materialfield",
    "pk": 198,
    "fields": {
        "material": 42,
        "field": 4,
        "value": "Apartments (Indoor), Apartments (Outdoor), Boats/Ships (Non-Residual Contact Treatment), Commercial/Institutional/Industrial Buildings (Bait Application), Domestic Dwellings (Indoor), Doorways, Eating Establishments (Indoor) (Bait Application), Food Marketing/Storage/Distribution Facilities (Bait Treatment), Food Processing Plants, Hospitals (Indoor Inedible), Hospitals (Outdoor), Hotels/Motels (Indoor) (Bait Application), Nursing Home Premises, Restaurants (Indoor Inedible), Restaurants (Outdoor)"
    }
},
{
    "model": "inventory.materialfield",
    "pk": 199,
    "fields": {
        "material": 42,
        "field": 5,
        "value": "{\"Boron sodium oxide (B8Na2O13), tetrahydrate (12280-03-4)\": {\"name\": \"Boron sodium oxide (B8Na2O13), tetrahydrate (12280-03-4)\", \"url\": \"https://iaspub.epa.gov/apex/pesticides/f?p=CHEMICALSEARCH:3:::NO::P3_XCHEMICAL_ID:1583\", \"concentration\": 6.0}}"
    }
},
{
    "model": "inventory.materialfield",
    "pk": 200,
    "fields": {
        "material": 42,
        "field": 6,
        "value": "False"
    }
},
{
    "model": "inventory.materialfield",
    "pk": 201,
    "fields": {
        "material": 43,
        "field": 1,
        "value": "67238-1"
    }
},
{
    "model": "inventory.materialfield",
    "pk": 202,
    "fields": {
        "material": 43,
        "field": 3,
        "value": "Squirrel, Leafhopper, Scale, Spider Mite, Cabbage Looper, Aphid, Beet Armyworm, Thrip, Whitefly, Rabbit, Lace Bug"
    }
},
{
    "model": "inventory.materialfield",
    "pk": 203,
    "fields": {
        "material": 43,
        "field": 4,
        "value": "Fruit Trees (Foliar Treatment), Ornamental Grasses (Foliar Treatment), Ornamental Plants (Foliar Treatment), Ornamental Plants (Interior Plantscapes), Vegetable Crops (Foliar Treatment), Wood Fences, Wood Structures"
    }
},
{
    "model": "inventory.materialfield",
    "pk": 204,
    "fields": {
        "material": 43,
        "field": 5,
        "value": "{\"Capsaicin\": {\"name\": \"Capsaicin\", \"url\": \"https://iaspub.epa.gov/apex/pesticides/f?p=CHEMICALSEARCH:3:::NO::P3_XCHEMICAL_ID:1699\", \"concentration\": 0.00018}}"
    }
},
{
    "model": "inventory.materialfield",
    "pk": 205,
    "fields": {
        "material": 43,
        "field": 6,
        "value": "False"
    }
},
{
    "model": "inventory.materialfield",
    "pk": 206,
    "fields": {
        "material": 44,
        "field": 1,
        "value": "1021-1851"
    }
},
{
    "model": "inventory.materialfield",
    "pk": 207,
    "fields": {
        "material": 44,
        "field": 3,
        "value": "Boxelder Bug, Bed Bug, Black Fly, Black Fungus Beetle, American Black Flour Beetle, Black Carpet Beetle, Angoumois Grain Moth, Beetle, Ant, Bottlefly, Blow Fly, Almond Moth, Booklouse, Bean Weevil, Bee"
    }
},
{
    "model": "inventory.materialfield",
    "pk": 208,
    "fields": {
        "material": 44,
        "field": 4,
        "value": "Animal Quarters (Enclosed Premise Treatment), Apartments (Indoor), Athletic Facilities, Bakeries (Indoor-Edible), Bars, Basements, Beverage Process Plant Premises, Bookcases, Breweries (Indoor-Edible), Buses (Nonfeed/Nonfood) (Non-Residual Contact Treatment), Buses (Nonfeed/Nonfood) (Non-Residual Space Treatment), Cafeterias (Indoor Edible), Canneries (Indoor-Edible), Commercial/Institutional/Industrial Buildings (Indoor Inedible), Commercial/Institutional/Industrial Buildings (Nonfeed/Nonfood)(Fumigation)"
    }
},
{
    "model": "inventory.materialfield",
    "pk": 209,
    "fields": {
        "material": 44,
        "field": 5,
        "value": "{\"MGK 264\": {\"name\": \"MGK 264\", \"url\": \"https://iaspub.epa.gov/apex/pesticides/f?p=CHEMICALSEARCH:3:::NO::P3_XCHEMICAL_ID:2711\", \"concentration\": 2.87}, \"Piperonyl butoxide\": {\"name\": \"Piperonyl butoxide\", \"url\": \"https://iaspub.epa.gov/apex/pesticides/f?p=CHEMICALSEARCH:3:::NO::P3_XCHEMICAL_ID:3433\", \"concentration\": 2.0}, \"Pyrethrins\": {\"name\": \"Pyrethrins\", \"url\": \"https://iaspub.epa.gov/apex/pesticides/f?p=CHEMICALSEARCH:3:::NO::P3_XCHEMICAL_ID:3656\", \"concentration\": 1.0}}"
    }
},
{
    "model": "inventory.materialfield",
    "pk": 210,
    "fields": {
        "material": 44,
        "field": 6,
        "value": "False"
    }
},
{
    "model": "inventory.materialfield",
    "pk": 211,
    "fields": {
        "material": 45,
        "field": 1,
        "value": "101563-45"
    }
},
{
    "model": "inventory.materialfield",
    "pk": 212,
    "fields": {
        "material": 45,
        "field": 3,
        "value": "False Honey Ant, Harvester Ant, Acrobat Ant, Fire Ant, Big Headed Ant, Ghost Ant, American Cockroach, Ant, Argentine Ant, Field Ant, Firebrat, German Cockroach, Cornfield Ant, Carpenter Ant, Cricket"
    }
},
{
    "model": "inventory.materialfield",
    "pk": 213,
    "fields": {
        "material": 45,
        "field": 4,
        "value": "Airfields, Airports (Bait Application), Amusement Parks, Ant Hills, Athletic Fields, Buildings (Nonagricultural) (Outdoor), Commercial/Institutional/Industrial Areas (Outdoor) (Bait Treatment), Commercial/Institutional/Industrial Buildings (Bait Application), Domestic Dwellings (Indoor) (Bait Application), Domestic Dwellings (Outdoor) (Bait Application), Driveways, Dumps (Garbage/Refuse) (Outdoor), Eating Establishments (Indoor) (Bait Application), Eating Establishments (Outdoor) (Bait Application), Farm Buildings (Bait Application)"
    }
},
{
    "model": "inventory.materialfield",
    "pk": 214,
    "fields": {
        "material": 45,
        "field": 5,
        "value": "{\"Hydramethylnon\": {\"name\": \"Hydramethylnon\", \"url\": \"https://iaspub.epa.gov/apex/pesticides/f?p=CHEMICALSEARCH:3:::NO::P3_XCHEMICAL_ID:2534\", \"concentration\": 1.0}}"
    }
},
{
    "model": "inventory.materialfield",
    "pk": 215,
    "fields": {
        "material": 45,
        "field": 6,
        "value": "False"
    }
},
{
    "model": "inventory.materialfield",
    "pk": 216,
    "fields": {
        "material": 46,
        "field": 1,
        "value": "101563-46"
    }
},
{
    "model": "inventory.materialfield",
    "pk": 217,
    "fields": {
        "material": 46,
        "field": 3,
        "value": "Florida Carpenter Ant, Acrobat Ant, Thief Ant, Pavement Ant, Pharaoh Ant, Argentine Ant, Red Imported Fire Ant, Crazy Ant, Black Carpenter Ant, Cornfield Ant, Carpenter Ant, Odorous House Ant"
    }
},
{
    "model": "inventory.materialfield",
    "pk": 218,
    "fields": {
        "material": 46,
        "field": 4,
        "value": "Aircraft (Unspecified) (Bait Application), Ant Dens/Hills/Mounds (All Or Unspecified), Ant Hills (Bait Application), Buildings (Nonagricultural) (Perimeter) (Soil Treatment), Buses (Bait Treatment), Commercial/Institutional/Industrial Areas (Outdoor) (Bait Treatment), Commercial/Institutional/Industrial Areas (Perimeter-Soil Treatment) Use 7700059030 Or 7700059100, Commercial/Institutional/Industrial Buildings (Indoor), Concrete Slabs, Domestic Dwellings (Indoor) (Bait Application), Domestic Dwellings (Indoor) (Wall Voids), Domestic Dwellings (Outdoor) (Bait Application), Domestic Dwellings (Perimeter Soil Treatment), Driveways, Eating Establishments (Indoor) (Bait Application)"
    }
},
{
    "model": "inventory.materialfield",
    "pk": 219,
    "fields": {
        "material": 46,
        "field": 5,
        "value": "{\"Fipronil\": {\"name\": \"Fipronil\", \"url\": \"https://iaspub.epa.gov/apex/pesticides/f?p=CHEMICALSEARCH:3:::NO::P3_XCHEMICAL_ID:2377\", \"concentration\": 0.01}}"
    }
},
{
    "model": "inventory.materialfield",
    "pk": 220,
    "fields": {
        "material": 46,
        "field": 6,
        "value": "False"
    }
},
{
    "model": "inventory.materialfield",
    "pk": 221,
    "fields": {
        "material": 47,
        "field": 1,
        "value": "101563-52"
    }
},
{
    "model": "inventory.materialfield",
    "pk": 222,
    "fields": {
        "material": 47,
        "field": 3,
        "value": "Acrobat Ant, Thief Ant, Big Headed Ant, Ghost Ant, Honey Ant, Pavement Ant, Pharaoh Ant, Argentine Ant, Field Ant, Cornfield Ant, Carpenter Ant, Odorous House Ant"
    }
},
{
    "model": "inventory.materialfield",
    "pk": 223,
    "fields": {
        "material": 47,
        "field": 4,
        "value": "Ant Dens/Hills/Mounds (All Or Unspecified), Commercial/Institutional/Industrial Buildings (Indoor Inedible), Commercial/Institutional/Industrial Buildings (Outdoor Inedible), Domestic Dwellings (Indoor), Domestic Dwellings (Indoor) (Attics), Domestic Dwellings (Indoor) (Wall Voids), Domestic Dwellings (Outdoor), Eating Establishments (Outdoor Inedible), Eating Establishments (Residual Crack And Crevice Treatment), Eaves, Fencerows (Bait Application), Food Marketing/Storage/Distribution Facilities (Outdoor Inedible), Food Marketing/Storage/Distribution Facilities (Residual Crack And Crevice Treatment), Food Processing Plants (Outdoor Inedible), Food Processing Plants (Residual Crack And Crevice Treatment)"
    }
},
{
    "model": "inventory.materialfield",
    "pk": 224,
    "fields": {
        "material": 47,
        "field": 5,
        "value": "{\"Fipronil\": {\"name\": \"Fipronil\", \"url\": \"https://iaspub.epa.gov/apex/pesticides/f?p=CHEMICALSEARCH:3:::NO::P3_XCHEMICAL_ID:2377\", \"concentration\": 0.001}}"
    }
},
{
    "model": "inventory.materialfield",
    "pk": 225,
    "fields": {
        "material": 47,
        "field": 6,
        "value": "False"
    }
},
{
    "model": "inventory.materialfield",
    "pk": 226,
    "fields": {
        "material": 48,
        "field": 1,
        "value": "101563-122"
    }
},
{
    "model": "inventory.materialfield",
    "pk": 227,
    "fields": {
        "material": 48,
        "field": 3,
        "value": "Cigarette Beetle (Adult), Granary Weevil (Adult), Flatheaded Grain Beetle (Adult), Lesser Mealworm, Drugstore Beetle (Adult), Cadelle Bettle, Flat Grain Beetle, Lesser Grain Borer (Adult), Mealworms (Adult), American Cockroach, Dermestid Beetle, Brownbanded Cockroach, German Cockroach, Confused Flour Beetle (Adult), Cadelle (Adult)"
    }
},
{
    "model": "inventory.materialfield",
    "pk": 228,
    "fields": {
        "material": 48,
        "field": 4,
        "value": "Aircraft (Non Feed/Food), Apartment Buildings (Indoor) (Bait Application), Apartments (Indoor), Bakeries, Bathrooms/Lavatories (Indoor), Beverage Plants, Boiler Rooms (Bait Application), Bottling Plants, Breweries, Buses (Bait Treatment), Candy Factories (Indoor Inedible), Canneries, Canneries (Residual Crack And Crevice Treatment), Cereal Processing Plants, Closets"
    }
},
{
    "model": "inventory.materialfield",
    "pk": 229,
    "fields": {
        "material": 48,
        "field": 5,
        "value": "{\"Fipronil\": {\"name\": \"Fipronil\", \"url\": \"https://iaspub.epa.gov/apex/pesticides/f?p=CHEMICALSEARCH:3:::NO::P3_XCHEMICAL_ID:2377\", \"concentration\": 0.05}}"
    }
},
{
    "model": "inventory.materialfield",
    "pk": 230,
    "fields": {
        "material": 48,
        "field": 6,
        "value": "False"
    }
},
{
    "model": "inventory.materialfield",
    "pk": 231,
    "fields": {
        "material": 49,
        "field": 1,
        "value": "101563-47"
    }
},
{
    "model": "inventory.materialfield",
    "pk": 232,
    "fields": {
        "material": 49,
        "field": 3,
        "value": "Cigarette Beetle (Adult), Granary Weevil (Adult), Lesser Mealworm, Drugstore Beetle (Adult), Flat Grain Beetle, Lesser Grain Borer (Adult), Mealworms (Adult), Merchant Grain Beetle, Dermestid Beetle, Brownbanded Cockroach, German Cockroach, Red Flour Beetle (Adult), Confused Flour Beetle (Adult), Cockroach, Cadelle (Adult)"
    }
},
{
    "model": "inventory.materialfield",
    "pk": 233,
    "fields": {
        "material": 49,
        "field": 4,
        "value": "Aircraft (Unspecified) (Bait Application), Basements, Building Foundations (Bait Application), Buses (Bait Treatment), Commercial/Institutional/Industrial Areas (Outdoor) (Bait Treatment), Commercial/Institutional/Industrial Buildings (Indoor), Domestic Dwellings (Indoor) (Bait Application), Domestic Dwellings (Outdoor) (Bait Application), Eating Establishments (Indoor) (Bait Application), Eating Establishments (Outdoor) (Bait Application), Food Marketing/Storage/Distribution Facilities (Bait Treatment), Food Processing Plants (Bait Treatment), Hospitals (Bait Application), Laboratory Premises, Railroad Cars (Unspecified) (Bait Application)"
    }
},
{
    "model": "inventory.materialfield",
    "pk": 234,
    "fields": {
        "material": 49,
        "field": 5,
        "value": "{\"Fipronil\": {\"name\": \"Fipronil\", \"url\": \"https://iaspub.epa.gov/apex/pesticides/f?p=CHEMICALSEARCH:3:::NO::P3_XCHEMICAL_ID:2377\", \"concentration\": 0.05}}"
    }
},
{
    "model": "inventory.materialfield",
    "pk": 235,
    "fields": {
        "material": 49,
        "field": 6,
        "value": "False"
    }
},
{
    "model": "inventory.materialfield",
    "pk": 236,
    "fields": {
        "material": 50,
        "field": 1,
        "value": "101563-49"
    }
},
{
    "model": "inventory.materialfield",
    "pk": 237,
    "fields": {
        "material": 50,
        "field": 3,
        "value": "Brownbanded Cockroach, Smoky Brown Cockroach, German Cockroach, Oriental Cockroach, American Roach"
    }
},
{
    "model": "inventory.materialfield",
    "pk": 238,
    "fields": {
        "material": 50,
        "field": 4,
        "value": "Aircraft (Nonfeed/Nonfood) (Residual General Treatment), Boats/Ships (Residual General Treatment), Buses (Nonfeed/Nonfood) (Residual General Treatment), Commercial/Institutional/Industrial Buildings (Indoor Inedible), Commercial/Institutional/Industrial Buildings (Outdoor Inedible), Domestic Dwellings (Indoor), Domestic Dwellings (Outdoor), Eating Establishments (Residual Crack And Crevice Treatment), Food Marketing/Storage/Distribution Facilities (Residual Crack And Crevice Treatment), Food Processing Plants (Residual Crack And Crevice Treatment), Garbage Containers, Hospitals (Residual Crack And Crevice Treatment), Hotels/Motels/Tourist Courts (Indoor Edible), Hotels/Motels/Tourist Courts (Outdoor), Locker Rooms"
    }
},
{
    "model": "inventory.materialfield",
    "pk": 239,
    "fields": {
        "material": 50,
        "field": 5,
        "value": "{\"Fipronil\": {\"name\": \"Fipronil\", \"url\": \"https://iaspub.epa.gov/apex/pesticides/f?p=CHEMICALSEARCH:3:::NO::P3_XCHEMICAL_ID:2377\", \"concentration\": 0.01}}"
    }
},
{
    "model": "inventory.materialfield",
    "pk": 240,
    "fields": {
        "material": 50,
        "field": 6,
        "value": "False"
    }
},
{
    "model": "inventory.materialfield",
    "pk": 241,
    "fields": {
        "material": 51,
        "field": 1,
        "value": "101563-119"
    }
},
{
    "model": "inventory.materialfield",
    "pk": 242,
    "fields": {
        "material": 51,
        "field": 3,
        "value": "Fly, House Fly"
    }
},
{
    "model": "inventory.materialfield",
    "pk": 243,
    "fields": {
        "material": 51,
        "field": 4,
        "value": "Animal Quarters (Enclosed Premise Treatment), Commercial/Institutional/Industrial Buildings (Indoor Inedible), Dairy Barns (Enclosed Premise Treatment), Domestic Dwellings (Outdoor), Eating Establishments (Nonfood Areas), Garbage/Refuse Areas, Hog Barns/Houses/Parlors/Pens (Enclosed Premise Treatment), Horse Stables (Enclosed Premise Treatment), Hospitals (Indoor Inedible), Livestock Feedlots (Enclosed Premise Treatment), Marinas, Pet Kennels (Enclosed Premise Treatment), Poultry Broiler Houses (Enclosed Premise Treatment), Poultry Houses (Enclosed Premise Treatment), Zoos (Enclosed Premise Treatment)"
    }
},
{
    "model": "inventory.materialfield",
    "pk": 244,
    "fields": {
        "material": 51,
        "field": 5,
        "value": "{\"Imidacloprid\": {\"name\": \"Imidacloprid\", \"url\": \"https://iaspub.epa.gov/apex/pesticides/f?p=CHEMICALSEARCH:3:::NO::P3_XCHEMICAL_ID:2571\", \"concentration\": 10.0}, \"cis-9-Tricosene\": {\"name\": \"cis-9-Tricosene\", \"url\": \"https://iaspub.epa.gov/apex/pesticides/f?p=CHEMICALSEARCH:3:::NO::P3_XCHEMICAL_ID:4494\", \"concentration\": 0.1}}"
    }
},
{
    "model": "inventory.materialfield",
    "pk": 245,
    "fields": {
        "material": 51,
        "field": 6,
        "value": "False"
    }
},
{
    "model": "inventory.materialfield",
    "pk": 246,
    "fields": {
        "material": 52,
        "field": 1,
        "value": "101563-140"
    }
},
{
    "model": "inventory.materialfield",
    "pk": 247,
    "fields": {
        "material": 52,
        "field": 3,
        "value": "Acrobat Ant, Thief Ant, Big Headed Ant, Ghost Ant, Pavement Ant, Black Ant, Pharaoh Ant, Ant, Argentine Ant, Crazy Ant, Little Black Ant, Odorous House Ant"
    }
},
{
    "model": "inventory.materialfield",
    "pk": 248,
    "fields": {
        "material": 52,
        "field": 4,
        "value": "Aircraft (Bait Application), Ant Dens/Hills/Mounds (All Or Unspecified), Automobiles, Bathrooms, Boiler Rooms (Bait Application), Buses (Bait Treatment), Commercial/Institutional/Industrial Areas (Outdoor) (Bait Treatment), Commercial/Institutional/Industrial Areas (Residual Crack And Crevice Treatment), Commercial/Institutional/Industrial Buildings (Bait Application), Commercial/Institutional/Industrial Buildings (Wall Voids), Commercial/Institutional/Industrial Builoings (Attics), Domestic Dwellings (Indoor) (Attics), Domestic Dwellings (Indoor) (Bait Application), Domestic Dwellings (Indoor) (Wall Voids), Domestic Dwellings (Outdoor) (Bait Application)"
    }
},
{
    "model": "inventory.materialfield",
    "pk": 249,
    "fields": {
        "material": 52,
        "field": 5,
        "value": "{\"Imidacloprid\": {\"name\": \"Imidacloprid\", \"url\": \"https://iaspub.epa.gov/apex/pesticides/f?p=CHEMICALSEARCH:3:::NO::P3_XCHEMICAL_ID:2571\", \"concentration\": 0.03}}"
    }
},
{
    "model": "inventory.materialfield",
    "pk": 250,
    "fields": {
        "material": 52,
        "field": 6,
        "value": "False"
    }
},
{
    "model": "inventory.materialfield",
    "pk": 251,
    "fields": {
        "material": 53,
        "field": 1,
        "value": "101563-44"
    }
},
{
    "model": "inventory.materialfield",
    "pk": 252,
    "fields": {
        "material": 53,
        "field": 3,
        "value": "American Cockroach, Roach, Brownbanded Cockroach, German Cockroach, Oriental Cockroach, Smoky Brown Cockroach, Cockroach"
    }
},
{
    "model": "inventory.materialfield",
    "pk": 253,
    "fields": {
        "material": 53,
        "field": 4,
        "value": "Aircraft (Unspecified) (Bait Application), Bathrooms, Buses (Bait Treatment), Commercial/Institutional/Industrial Areas (Outdoor) (Bait Treatment), Commercial/Institutional/Industrial Buildings (Bait Application), Commercial/Institutional/Industrial Buildings (Wall Voids), Domestic Dwellings (Indoor) (Bait Application), Domestic Dwellings (Indoor) (Wall Voids), Domestic Dwellings (Outdoor) (Bait Application), Eating Establishments (Outdoor) (Bait Application), Eating Establishments (Residual Crack And Crevice Treatment), Food Marketing/Storage/Distribution Facilities (Outdoor) (Bait Application), Food Processing Plants (Outdoor) (Bait Application), Food Processing Plants (Residual Crack And Crevice Treatment), Garages"
    }
},
{
    "model": "inventory.materialfield",
    "pk": 254,
    "fields": {
        "material": 53,
        "field": 5,
        "value": "{\"Hydramethylnon\": {\"name\": \"Hydramethylnon\", \"url\": \"https://iaspub.epa.gov/apex/pesticides/f?p=CHEMICALSEARCH:3:::NO::P3_XCHEMICAL_ID:2534\", \"concentration\": 2.15}}"
    }
},
{
    "model": "inventory.materialfield",
    "pk": 255,
    "fields": {
        "material": 53,
        "field": 6,
        "value": "False"
    }
},
{
    "model": "inventory.materialfield",
    "pk": 256,
    "fields": {
        "material": 54,
        "field": 1,
        "value": "101563-43"
    }
},
{
    "model": "inventory.materialfield",
    "pk": 257,
    "fields": {
        "material": 54,
        "field": 3,
        "value": "Waterbug, Palmettobug, American Cockroach, Brownbanded Cockroach, German Cockroach, Oriental Cockroach"
    }
},
{
    "model": "inventory.materialfield",
    "pk": 258,
    "fields": {
        "material": 54,
        "field": 4,
        "value": "Aircraft (Unspecified) (Bait Application), Basements, Boats/Ships (Residual General Treatment), Buses (Food/Feed) (Non-Residual Contact Treatment), Commercial/Institutional/Industrial Areas (Outdoor) (Bait Treatment), Commercial/Institutional/Industrial Buildings (Bait Application), Domestic Dwellings (Indoor) (Bait Application), Domestic Dwellings (Outdoor) (Bait Application), Eating Establishments (Indoor) (Bait Application), Eating Establishments (Outdoor) (Bait Application), Food Marketing/Storage/Distribution Facilities (Bait Treatment), Food Marketing/Storage/Distribution Facilities (Outdoor) (Bait Application), Food Processing Plants (Bait Treatment), Food Processing Plants (Outdoor) (Bait Application), Hospitals (Bait Application)"
    }
},
{
    "model": "inventory.materialfield",
    "pk": 259,
    "fields": {
        "material": 54,
        "field": 5,
        "value": "{\"Hydramethylnon\": {\"name\": \"Hydramethylnon\", \"url\": \"https://iaspub.epa.gov/apex/pesticides/f?p=CHEMICALSEARCH:3:::NO::P3_XCHEMICAL_ID:2534\", \"concentration\": 2.0}}"
    }
},
{
    "model": "inventory.materialfield",
    "pk": 260,
    "fields": {
        "material": 54,
        "field": 6,
        "value": "False"
    }
},
{
    "model": "inventory.materialfield",
    "pk": 261,
    "fields": {
        "material": 55,
        "field": 1,
        "value": "64405-2"
    }
},
{
    "model": "inventory.materialfield",
    "pk": 262,
    "fields": {
        "material": 55,
        "field": 3,
        "value": "European Earwig, Earwig, Field Cricket, Asian Cockroach, American Cockroach, Ant, Argentine Ant, Brownbanded Cockroach, Crazy Ant, Brown Cockroach, German Cockroach, House Cricket, Carpenter Ant, Cricket, Cockroach"
    }
},
{
    "model": "inventory.materialfield",
    "pk": 263,
    "fields": {
        "material": 55,
        "field": 4,
        "value": "Aircraft (Bait Application), Apartment Buildings (Indoor) (Bait Application), Athletic Fields, Buildings (Nonagricultural) (Perimeter) (Soil Treatment), Buses (Bait Treatment), Camps (Indoor) (Bait Application), Commercial/Institutional/Industrial Areas (Perimeter-Soil Treatment) Use 7700059030 Or 7700059100, Commercial/Institutional/Industrial Buildings (Bait Application), Commercial/Institutional/Industrial Buildings (Wall Voids), Domestic Dwellings (Indoor) (Bait Application), Domestic Dwellings (Indoor) (Wall Voids), Domestic Dwellings (Outdoor), Domestic Dwellings (Perimeter Soil Treatment), Eating Establishments (Residual Crack And Crevice Treatment), Food Marketing/Storage/Distribution Facilities (Bait Treatment)"
    }
},
{
    "model": "inventory.materialfield",
    "pk": 264,
    "fields": {
        "material": 55,
        "field": 5,
        "value": "{\"Boric acid\": {\"name\": \"Boric acid\", \"url\": \"https://iaspub.epa.gov/apex/pesticides/f?p=CHEMICALSEARCH:3:::NO::P3_XCHEMICAL_ID:1573\", \"concentration\": 5.0}}"
    }
},
{
    "model": "inventory.materialfield",
    "pk": 265,
    "fields": {
        "material": 55,
        "field": 6,
        "value": "False"
    }
},
{
    "model": "inventory.materialfield",
    "pk": 266,
    "fields": {
        "material": 56,
        "field": 1,
        "value": "5481-13"
    }
},
{
    "model": "inventory.materialfield",
    "pk": 267,
    "fields": {
        "material": 56,
        "field": 3,
        "value": "Bed Bug, Carpet Beetle, Granary Weevil, Bed Bug (Eggs), Chiggers (Redbugs), Beetle, Flour Beetle, Ant, Flea, Gnat, Fly, Bee, Cricket, Cockroach, Clothes Moths (Larvae)"
    }
},
{
    "model": "inventory.materialfield",
    "pk": 268,
    "fields": {
        "material": 56,
        "field": 4,
        "value": "Apartments (Indoor), Apartments (Outdoor), Baseboards, Basements, Bathrooms/Lavatories (Indoor), Cabins (Indoor), Cabins (Outdoor), Carpets, Closets, Commercial/Institutional/Industrial Areas (Outdoor), Commercial/Institutional/Industrial Buildings (Indoor), Dog Runs/Yards (Open Premise Treatment), Domestic Dwellings (Indoor), Domestic Dwellings (Indoor) (Wall Voids), Domestic Dwellings (Outdoor)"
    }
},
{
    "model": "inventory.materialfield",
    "pk": 269,
    "fields": {
        "material": 56,
        "field": 5,
        "value": "{\"DDVP\": {\"name\": \"DDVP\", \"url\": \"https://iaspub.epa.gov/apex/pesticides/f?p=CHEMICALSEARCH:3:::NO::P3_XCHEMICAL_ID:2106\", \"concentration\": 0.5}}"
    }
},
{
    "model": "inventory.materialfield",
    "pk": 270,
    "fields": {
        "material": 56,
        "field": 6,
        "value": "False"
    }
},
{
    "model": "inventory.materialfield",
    "pk": 271,
    "fields": {
        "material": 57,
        "field": 1,
        "value": "5481-554"
    }
},
{
    "model": "inventory.materialfield",
    "pk": 272,
    "fields": {
        "material": 57,
        "field": 3,
        "value": "Boxelder Bug, Bed Bug, Clover Mite, Carpet Beetle, Bed Bug (Adult), Biting Fly, Angoumois Grain Moth, Asian Lady Beetle, Beetle, Ant, Argentine Ant, Carpenter Bee, Bee, Carpenter Ant, Cockroach"
    }
},
{
    "model": "inventory.materialfield",
    "pk": 273,
    "fields": {
        "material": 57,
        "field": 4,
        "value": "Animal Stables (Unspecified) (Enclosed Premise Treatment), Barns (Indoor), Calf Barns (Enclosed Premise Treatment), Catch Basins, Domestic Dwellings (Indoor), Garbage Cans (Indoor), Garbage Chutes, Garbage Rooms, Hog Barns (Enclosed Premise Treatment), Household Trash Compactors, Livestock Pens, Livestock Stalls (Enclosed Premise Treatment), Manure, Milk Room (Enclosed Premise Treatment), Museum Collections"
    }
},
{
    "model": "inventory.materialfield",
    "pk": 274,
    "fields": {
        "material": 57,
        "field": 5,
        "value": "{\"DDVP\": {\"name\": \"DDVP\", \"url\": \"https://iaspub.epa.gov/apex/pesticides/f?p=CHEMICALSEARCH:3:::NO::P3_XCHEMICAL_ID:2106\", \"concentration\": 18.6}}"
    }
},
{
    "model": "inventory.materialfield",
    "pk": 275,
    "fields": {
        "material": 57,
        "field": 6,
        "value": "True"
    }
},
{
    "model": "inventory.materialfield",
    "pk": 276,
    "fields": {
        "material": 58,
        "field": 1,
        "value": "1021-1603"
    }
},
{
    "model": "inventory.materialfield",
    "pk": 277,
    "fields": {
        "material": 58,
        "field": 3,
        "value": "Boxelder Bug, Black Carpet Beetle, Ants (Larvae), Angoumois Grain Moth, Asian Lady Beetle, Asian Cockroach, Beetle, American Cockroach, Bottlefly, Brownbanded Cockroach, Almond Moth, Booklouse, Brown Cockroach, Carrion Beetle, Australian Cockroach"
    }
},
{
    "model": "inventory.materialfield",
    "pk": 278,
    "fields": {
        "material": 58,
        "field": 4,
        "value": "Aircraft (Non Feed/Food), Aircraft Interior, Animal Living Quarters, Animal Quarters (Enclosed Premise Treatment), Animal Research Facilities (Enclosed Premise Treatment), Animal Research Facilities (Open Premise Treatment), Apartments (Indoor), Automobiles (Residual General Treatment), Bakeries, Bakeries (Indoor-Inedible), Basements, Boats/Ships (Residual General Treatment), Brewery Process Plant Premises, Building Foundations, Building Foundations (Soil Treatment)"
    }
},
{
    "model": "inventory.materialfield",
    "pk": 279,
    "fields": {
        "material": 58,
        "field": 5,
        "value": "{\"Pyriproxyfen\": {\"name\": \"Pyriproxyfen\", \"url\": \"https://iaspub.epa.gov/apex/pesticides/f?p=CHEMICALSEARCH:3:::NO::P3_XCHEMICAL_ID:3680\", \"concentration\": 10.0}}"
    }
},
{
    "model": "inventory.materialfield",
    "pk": 280,
    "fields": {
        "material": 58,
        "field": 6,
        "value": "False"
    }
},
{
    "model": "inventory.materialfield",
    "pk": 281,
    "fields": {
        "material": 59,
        "field": 1,
        "value": "5481-8971"
    }
},
{
    "model": "inventory.materialfield",
    "pk": 282,
    "fields": {
        "material": 59,
        "field": 3,
        "value": "Armyworm, Black Turfgrass Ataeniu, Aster Leafhopper, Black Cutworm, Alfalfa Looper, Black Vine Weevil (Adult), Ant, Bagworm, Black Grass Bug, Aphid, Black Bean Aphid, Bean Leaf Beetle, Bean Leafroller, Black Vine Weevil, Birch Leafminer"
    }
},
{
    "model": "inventory.materialfield",
    "pk": 283,
    "fields": {
        "material": 59,
        "field": 4,
        "value": "Aerial Application, Ant Hills, Anthurium (Greenhouse-Foliar Treatment), Arborvitae (Containerized), Arborvitae (Nursery Stock), Azalea (Containerized Plants), Azalea (Nursery Stock), Beans (Dry) (Foliar Treatment), Beans (Foliar Treatment), Beans (Green) (Succulent) (Seed Crop Foliar Treatment), Beans (Lima) (Foliar Treatment), Beans (Succulent) (Foliar Treatment), Borrow Pits (Foliar Treatment), Boston Ivy (Foliar Treatment), Brussels Sprouts (Foliar Treatment)"
    }
},
{
    "model": "inventory.materialfield",
    "pk": 284,
    "fields": {
        "material": 59,
        "field": 5,
        "value": "{\"Acephate\": {\"name\": \"Acephate\", \"url\": \"https://iaspub.epa.gov/apex/pesticides/f?p=CHEMICALSEARCH:3:::NO::P3_XCHEMICAL_ID:978\", \"concentration\": 75.0}}"
    }
},
{
    "model": "inventory.materialfield",
    "pk": 285,
    "fields": {
        "material": 59,
        "field": 6,
        "value": "False"
    }
},
{
    "model": "inventory.materialfield",
    "pk": 286,
    "fields": {
        "material": 60,
        "field": 1,
        "value": "5481-8973"
    }
},
{
    "model": "inventory.materialfield",
    "pk": 287,
    "fields": {
        "material": 60,
        "field": 3,
        "value": "Fire Ant, Earwig, Confused Flour Beetle, Ant, Firebrat, Pillbug, Trogoderma Beetle, Wasp, Sowbug, Indian Meal Moth, Cricket, Cockroach"
    }
},
{
    "model": "inventory.materialfield",
    "pk": 288,
    "fields": {
        "material": 60,
        "field": 4,
        "value": "Boats/Ships (Residual General Treatment), Building Foundations (Soil Treatment), Commercial/Institutional/Industrial Areas (Residual Crack And Crevice Treatment), Eating Establishments (Residual Crack And Crevice Treatment), Eating Establishments (Residual Spot Treatment-Edible Areas), Food Marketing/Storage/Distribution Facilities (Residual Crack And Crevice Treatment), Food Marketing/Storage/Distribution Facilities (Residual Spot Treatment-Edible Areas), Food Processing Plants (Residual Crack And Crevice Treatment), Food Processing Plants (Residual Spot Treatment-Edible Areas), Garage Areas (Outdoor), Garbage/Refuse Areas (Service Stations) (Outdoor), Hospitals (Residual Crack And Crevice Treatment), Hotels/Motels/Tourist Courts (Non-Food Areas)"
    }
},
{
    "model": "inventory.materialfield",
    "pk": 289,
    "fields": {
        "material": 60,
        "field": 5,
        "value": "{\"Acephate\": {\"name\": \"Acephate\", \"url\": \"https://iaspub.epa.gov/apex/pesticides/f?p=CHEMICALSEARCH:3:::NO::P3_XCHEMICAL_ID:978\", \"concentration\": 97.4}}"
    }
},
{
    "model": "inventory.materialfield",
    "pk": 290,
    "fields": {
        "material": 60,
        "field": 6,
        "value": "False"
    }
},
{
    "model": "inventory.materialfield",
    "pk": 291,
    "fields": {
        "material": 61,
        "field": 1,
        "value": "499-444"
    }
},
{
    "model": "inventory.materialfield",
    "pk": 292,
    "fields": {
        "material": 61,
        "field": 3,
        "value": "Chocolate Moth (Adult), Bed Bug, Chocolate Moth, Carpet Beetle, Angoumois Grain Moth (Larvae), Angoumois Grain Moth, Angoumois Grain Moth (Adult), Beetle, Carpet Beetle (Adult), Centipede, Ant, Carpet Beetle (Larvae), Booklouse, Chocolate Moth (Larvae), Bee"
    }
},
{
    "model": "inventory.materialfield",
    "pk": 293,
    "fields": {
        "material": 61,
        "field": 4,
        "value": "Aircraft (Non-Residual Contact Treatment), Aircraft (Non-Residual Space Treatment), Aircraft (Nonfeed/Nonfood) (Non-Residual Space Treatment), Apartments (Indoor), Apartments (Outdoor), Baseboards, Bathrooms (Outdoor), Bathrooms/Lavatories (Indoor), Boats/Ships (Non-Residual Contact Treatment), Boats/Ships (Non-Residual Space Treatment), Buses (Food/Feed) (Non-Residual Contact Treatment), Buses (Food/Feed) (Non-Residual Space Treatment), Buses (Nonfeed/Nonfood) (Non-Residual Space Treatment), Campgrounds, Carpets"
    }
},
{
    "model": "inventory.materialfield",
    "pk": 294,
    "fields": {
        "material": 61,
        "field": 5,
        "value": "{\"Piperonyl butoxide\": {\"name\": \"Piperonyl butoxide\", \"url\": \"https://iaspub.epa.gov/apex/pesticides/f?p=CHEMICALSEARCH:3:::NO::P3_XCHEMICAL_ID:3433\", \"concentration\": 4.0}, \"Pyrethrins\": {\"name\": \"Pyrethrins\", \"url\": \"https://iaspub.epa.gov/apex/pesticides/f?p=CHEMICALSEARCH:3:::NO::P3_XCHEMICAL_ID:3656\", \"concentration\": 0.5}}"
    }
},
{
    "model": "inventory.materialfield",
    "pk": 295,
    "fields": {
        "material": 61,
        "field": 6,
        "value": "False"
    }
},
{
    "model": "inventory.materialfield",
    "pk": 296,
    "fields": {
        "material": 62,
        "field": 1,
        "value": "279-3389"
    }
},
{
    "model": "inventory.materialfield",
    "pk": 297,
    "fields": {
        "material": 62,
        "field": 3,
        "value": "Confused Flour Beetle, Rice Weevil, Tick, Ant, Spider, Flea, Sowbug, Small Flying Moth, Fly, Mosquito, Cricket, Cockroach, Sawtoothed Grain Beetle"
    }
},
{
    "model": "inventory.materialfield",
    "pk": 298,
    "fields": {
        "material": 62,
        "field": 4,
        "value": "Commercial/Institutional/Industrial Buildings (Indoor Edible), Domestic Dwellings (Indoor), Eating Establishments (Indoor Edible), Food Processing Plants (Indoor Edible), Garages, Hospitals (Indoor-Edible), Hotels/Motels/Tourist Courts (Indoor Edible), Office Buildings (Indoor Edible), Pet Kennels (Enclosed Premise Treatment), Restaurants (Indoor Edible), Schools (Indoor Edible), Theaters (Indoor Edible), Warehouses (Indoor Edible)"
    }
},
{
    "model": "inventory.materialfield",
    "pk": 299,
    "fields": {
        "material": 62,
        "field": 5,
        "value": "{\"Esfenvalerate\": {\"name\": \"Esfenvalerate\", \"url\": \"https://iaspub.epa.gov/apex/pesticides/f?p=CHEMICALSEARCH:3:::NO::P3_XCHEMICAL_ID:2265\", \"concentration\": 0.1}, \"MGK 264\": {\"name\": \"MGK 264\", \"url\": \"https://iaspub.epa.gov/apex/pesticides/f?p=CHEMICALSEARCH:3:::NO::P3_XCHEMICAL_ID:2711\", \"concentration\": 0.167}, \"Piperonyl butoxide\": {\"name\": \"Piperonyl butoxide\", \"url\": \"https://iaspub.epa.gov/apex/pesticides/f?p=CHEMICALSEARCH:3:::NO::P3_XCHEMICAL_ID:3433\", \"concentration\": 0.1}, \"Pyrethrins\": {\"name\": \"Pyrethrins\", \"url\": \"https://iaspub.epa.gov/apex/pesticides/f?p=CHEMICALSEARCH:3:::NO::P3_XCHEMICAL_ID:3656\", \"concentration\": 0.05}}"
    }
},
{
    "model": "inventory.materialfield",
    "pk": 300,
    "fields": {
        "material": 62,
        "field": 6,
        "value": "False"
    }
},
{
    "model": "inventory.materialfield",
    "pk": 301,
    "fields": {
        "material": 63,
        "field": 1,
        "value": "7969-285"
    }
},
{
    "model": "inventory.materialfield",
    "pk": 302,
    "fields": {
        "material": 63,
        "field": 3,
        "value": "Boxelder Bug, Bed Bug, Acrobat Ant, Confused Flour Beetle, Centipede, Asian Lady Beetle, Asian Cockroach, Beetle, Darkling Beetle (Larvae), American Cockroach, Ant, Argentine Ant, Brownbanded Cockroach, Black Widow Spider, Cockroach"
    }
},
{
    "model": "inventory.materialfield",
    "pk": 303,
    "fields": {
        "material": 63,
        "field": 4,
        "value": "Bakeries (Residual Crack And Crevice Treatment), Breweries (Residual Crack And Crevice Treatment), Canneries (Residual Crack And Crevice Treatment), Commercial (Residual Crack And Crevice Treatment), Commercial/Institutional/Industrial Areas (Residual Crack And Crevice Treatment), Commercial/Institutional/Industrial Buildings (Wall Voids), Domestic Dwellings (Indoor) (Wall Voids), Doors, Drains, Eaves, Egg Processing Plants (Residual Crack And Crevice Treatment), Food Handling Establishments (Residual Crack And Crevice Treatment), Food Processing Areas (Residual Crack And Crevice Treatment), Food Processing Plants (Residual Crack And Crevice Treatment), Furniture"
    }
},
{
    "model": "inventory.materialfield",
    "pk": 304,
    "fields": {
        "material": 63,
        "field": 5,
        "value": "{\"Chlorfenapyr\": {\"name\": \"Chlorfenapyr\", \"url\": \"https://iaspub.epa.gov/apex/pesticides/f?p=CHEMICALSEARCH:3:::NO::P3_XCHEMICAL_ID:1793\", \"concentration\": 0.5}}"
    }
},
{
    "model": "inventory.materialfield",
    "pk": 305,
    "fields": {
        "material": 63,
        "field": 6,
        "value": "False"
    }
},
{
    "model": "inventory.materialfield",
    "pk": 306,
    "fields": {
        "material": 64,
        "field": 1,
        "value": "241-392"
    }
},
{
    "model": "inventory.materialfield",
    "pk": 307,
    "fields": {
        "material": 64,
        "field": 3,
        "value": "Boxelder Bug, Bed Bug, Acrobat Ant, Confused Flour Beetle, Centipede, Asian Lady Beetle, Asian Cockroach, Darkling Beetle (Larvae), American Cockroach, Ant, Argentine Ant, Brownbanded Cockroach, Carpenter Ant, Black Widow Spider, Cockroach"
    }
},
{
    "model": "inventory.materialfield",
    "pk": 308,
    "fields": {
        "material": 64,
        "field": 4,
        "value": "Ant Dens/Hills/Mounds (All Or Unspecified), Basements, Bathrooms/Lavatories (Indoor), Breweries (Indoor-Inedible), Building Foundations (Soil Treatment), Canneries (Indoor-Inedible), Commercial/Institutional/Industrial Buildings (Indoor Inedible), Commercial/Institutional/Industrial Buildings (Wall Voids), Concrete Slabs (Soil Contact Nonfumigation Treatment), Dairies (Indoor Inedible), Domestic Dwellings (Indoor), Domestic Dwellings (Indoor) (Wall Voids), Eating Establishments (Indoor Inedible), Food Marketing/Storage/Distribution Facilities (Indoor Inedible), Food Processing Plants (Indoor Inedible)"
    }
},
{
    "model": "inventory.materialfield",
    "pk": 309,
    "fields": {
        "material": 64,
        "field": 5,
        "value": "{\"Chlorfenapyr\": {\"name\": \"Chlorfenapyr\", \"url\": \"https://iaspub.epa.gov/apex/pesticides/f?p=CHEMICALSEARCH:3:::NO::P3_XCHEMICAL_ID:1793\", \"concentration\": 21.45}}"
    }
},
{
    "model": "inventory.materialfield",
    "pk": 310,
    "fields": {
        "material": 64,
        "field": 6,
        "value": "False"
    }
},
{
    "model": "inventory.materialfield",
    "pk": 311,
    "fields": {
        "material": 65,
        "field": 1,
        "value": "2724-352"
    }
},
{
    "model": "inventory.materialfield",
    "pk": 312,
    "fields": {
        "material": 65,
        "field": 3,
        "value": "Fleas (Eggs), Fleas (Larvae)"
    }
},
{
    "model": "inventory.materialfield",
    "pk": 313,
    "fields": {
        "material": 65,
        "field": 4,
        "value": "Domestic Dwellings (Indoor), Furniture (Upholstered), Pet Sleeping Quarters, Rugs/Carpets"
    }
},
{
    "model": "inventory.materialfield",
    "pk": 314,
    "fields": {
        "material": 65,
        "field": 5,
        "value": "{\"S-Methoprene\": {\"name\": \"S-Methoprene\", \"url\": \"https://iaspub.epa.gov/apex/pesticides/f?p=CHEMICALSEARCH:3:::NO::P3_XCHEMICAL_ID:3735\", \"concentration\": 1.2}}"
    }
},
{
    "model": "inventory.materialfield",
    "pk": 315,
    "fields": {
        "material": 65,
        "field": 6,
        "value": "False"
    }
},
{
    "model": "inventory.materialfield",
    "pk": 316,
    "fields": {
        "material": 66,
        "field": 1,
        "value": "101563-99"
    }
},
{
    "model": "inventory.materialfield",
    "pk": 317,
    "fields": {
        "material": 66,
        "field": 3,
        "value": "Deathwatch Beetle, Anobiid Beetle, Drywood Termite, Wharfborer, Old House Borer, Ant, Bark Beetle, Powderpost Beetle, Subterranean Termite, Wood Destroying Insect, Carpenter Bee, Wood Boring Insect, Ambrosia Beetle"
    }
},
{
    "model": "inventory.materialfield",
    "pk": 318,
    "fields": {
        "material": 66,
        "field": 4,
        "value": "Commercial/Institutional/Industrial Buildings (Wall Voids), Domestic Dwellings (Indoor), Domestic Dwellings (Indoor) (Wall Voids), Domestic Dwellings (Outdoor), Ornamental Trees (Injection Treatment), Poles/Posts (Wood) (Nonsoil Contact Nonfumigation Treatment), Timbers (Nonsoil Contact Nonfumigation Treatment), Utility Poles (Injection Treatment), Wood, Wood Decks (Nonsoil Contact Nonfumigation Treatment), Wood Fences (Nonsoil Contact Nonfumigation Treatment), Wood Siding (Nonsoil Contact Nonfumigation Treatment), Wood Structures (Nonsoil Contact Nonfumigation Treatment)"
    }
},
{
    "model": "inventory.materialfield",
    "pk": 319,
    "fields": {
        "material": 66,
        "field": 5,
        "value": "{\"Imidacloprid\": {\"name\": \"Imidacloprid\", \"url\": \"https://iaspub.epa.gov/apex/pesticides/f?p=CHEMICALSEARCH:3:::NO::P3_XCHEMICAL_ID:2571\", \"concentration\": 0.05}}"
    }
},
{
    "model": "inventory.materialfield",
    "pk": 320,
    "fields": {
        "material": 66,
        "field": 6,
        "value": "False"
    }
},
{
    "model": "inventory.materialfield",
    "pk": 321,
    "fields": {
        "material": 67,
        "field": 1,
        "value": "1015-79"
    }
},
{
    "model": "inventory.materialfield",
    "pk": 322,
    "fields": {
        "material": 67,
        "field": 3,
        "value": "Granary Weevil (Adult), Confused Flour Beetle, Granary Weevil, Flour Beetle, Flour Beetles (Larvae), Beetle, Codling Moth, Codling Moth (Adult), Flour Beetles (Adult), Granary Weevil (Larvae), Codling Moth (Eggs), Indian Meal Moth (Adult), Indian Meal Moth (Larvae), Codling Moth (Larvae), Indian Meal Moth"
    }
},
{
    "model": "inventory.materialfield",
    "pk": 323,
    "fields": {
        "material": 67,
        "field": 4,
        "value": "Airtight Chambers (Feed/Food-Full) (Fumigation), Bakeries, Food Handling Estab., Food Handling Establishments (Indoor Edible), Mills (Cereal), Railroad Cars (Enclosed Premises Fumigation), Storage Areas (Empty) (Fumigation), Storage Areas (Feed/Food-Full) (Fumigation), Stored Almonds, Stored Barley, Stored Brazil Nuts, Stored Butternuts, Stored Cashews, Stored Cereals, Stored Cheese Or Cheese Byproducts"
    }
},
{
    "model": "inventory.materialfield",
    "pk": 324,
    "fields": {
        "material": 67,
        "field": 5,
        "value": "{\"Sulfuryl fluoride\": {\"name\": \"Sulfuryl fluoride\", \"url\": \"https://iaspub.epa.gov/apex/pesticides/f?p=CHEMICALSEARCH:3:::NO::P3_XCHEMICAL_ID:3976\", \"concentration\": 99.8}}"
    }
},
{
    "model": "inventory.materialfield",
    "pk": 325,
    "fields": {
        "material": 67,
        "field": 6,
        "value": "True"
    }
},
{
    "model": "inventory.materialfield",
    "pk": 326,
    "fields": {
        "material": 68,
        "field": 1,
        "value": "1021-1424"
    }
},
{
    "model": "inventory.materialfield",
    "pk": 327,
    "fields": {
        "material": 68,
        "field": 3,
        "value": "Boxelder Bug, Black Fly, Clover Mite, Chocolate Moth, Carpet Beetle, Cereal Leaf Beetle, Clothes Moth, Angoumois Grain Moth, Cheese Skipper, Ant, Cadelle, Almond Moth, Cheese Mite, Brown Dog Tick, Cigarette Beetle"
    }
},
{
    "model": "inventory.materialfield",
    "pk": 328,
    "fields": {
        "material": 68,
        "field": 4,
        "value": "Animal Quarters (Enclosed Premise Treatment), Apartments (Indoor), Bakeries (Indoor-Inedible), Barns (Indoor), Bars, Basements, Bathrooms/Lavatories (Indoor), Beverage Plant Premises (Fogging), Beverage Process Plant Premises, Boats/Ships (Non-Residual Space Treatment), Bottling Plants, Breweries (Indoor-Inedible), Buildings And Structures (Nonagricultural-Outdoor), Buses (Nonfeed/Nonfood) (Fumigation), Buses (Nonfeed/Nonfood) (Non-Residual Space Treatment)"
    }
},
{
    "model": "inventory.materialfield",
    "pk": 329,
    "fields": {
        "material": 68,
        "field": 5,
        "value": "{\"MGK 264\": {\"name\": \"MGK 264\", \"url\": \"https://iaspub.epa.gov/apex/pesticides/f?p=CHEMICALSEARCH:3:::NO::P3_XCHEMICAL_ID:2711\", \"concentration\": 2.87}, \"Piperonyl butoxide\": {\"name\": \"Piperonyl butoxide\", \"url\": \"https://iaspub.epa.gov/apex/pesticides/f?p=CHEMICALSEARCH:3:::NO::P3_XCHEMICAL_ID:3433\", \"concentration\": 2.0}, \"Pyrethrins\": {\"name\": \"Pyrethrins\", \"url\": \"https://iaspub.epa.gov/apex/pesticides/f?p=CHEMICALSEARCH:3:::NO::P3_XCHEMICAL_ID:3656\", \"concentration\": 1.0}}"
    }
},
{
    "model": "inventory.materialfield",
    "pk": 330,
    "fields": {
        "material": 68,
        "field": 6,
        "value": "False"
    }
},
{
    "model": "inventory.materialfield",
    "pk": 331,
    "fields": {
        "material": 69,
        "field": 1,
        "value": "12455-39"
    }
},
{
    "model": "inventory.materialfield",
    "pk": 332,
    "fields": {
        "material": 69,
        "field": 3,
        "value": "Rat, House Mouse, Roof Rat, Norway Rat"
    }
},
{
    "model": "inventory.materialfield",
    "pk": 333,
    "fields": {
        "material": 69,
        "field": 4,
        "value": "Agricultural Premises, Aircraft (Unspecified) (Bait Application), Com Ind Pub Premises, Domestic Dwellings, Railroad Cars (Unspecified) (Bait Application), Ships, Boats, Shipholds (Bait Treatment)"
    }
},
{
    "model": "inventory.materialfield",
    "pk": 334,
    "fields": {
        "material": 69,
        "field": 5,
        "value": "{\"Cholecalciferol\": {\"name\": \"Cholecalciferol\", \"url\": \"https://iaspub.epa.gov/apex/pesticides/f?p=CHEMICALSEARCH:3:::NO::P3_XCHEMICAL_ID:938\", \"concentration\": 0.075}}"
    }
},
{
    "model": "inventory.materialfield",
    "pk": 335,
    "fields": {
        "material": 69,
        "field": 6,
        "value": "False"
    }
},
{
    "model": "inventory.materialfield",
    "pk": 336,
    "fields": {
        "material": 70,
        "field": 1,
        "value": "1021-1785"
    }
},
{
    "model": "inventory.materialfield",
    "pk": 337,
    "fields": {
        "material": 70,
        "field": 3,
        "value": "Boxelder Bug, Black Fly, Chocolate Moth, Carpet Beetle, Cereal Leaf Beetle, Biting Fly, Angoumois Grain Moth, Cheese Skipper, Ant, Cadelle, Almond Moth, Bloodsucking Lice, Cheese Mite, Brown Dog Tick, Cigarette Beetle"
    }
},
{
    "model": "inventory.materialfield",
    "pk": 338,
    "fields": {
        "material": 70,
        "field": 4,
        "value": "Alleys, Amusement Parks, Animal Burrow Or Den Entrances Of Plague Reservoir Hosts, Animal Living Quarters, Apartments (Indoor), Athletic Fields, Bakeries, Bars, Basements, Bathroom Premises, Beef Cattle (Animal Treatment), Beverage Plants, Birds (Caged) (Animal Treatment), Bleachers, Boat Premises"
    }
},
{
    "model": "inventory.materialfield",
    "pk": 339,
    "fields": {
        "material": 70,
        "field": 5,
        "value": "{\"Piperonyl butoxide\": {\"name\": \"Piperonyl butoxide\", \"url\": \"https://iaspub.epa.gov/apex/pesticides/f?p=CHEMICALSEARCH:3:::NO::P3_XCHEMICAL_ID:3433\", \"concentration\": 25.0}, \"Pyrethrins\": {\"name\": \"Pyrethrins\", \"url\": \"https://iaspub.epa.gov/apex/pesticides/f?p=CHEMICALSEARCH:3:::NO::P3_XCHEMICAL_ID:3656\", \"concentration\": 5.0}}"
    }
},
{
    "model": "inventory.materialfield",
    "pk": 340,
    "fields": {
        "material": 70,
        "field": 6,
        "value": "False"
    }
},
{
    "model": "inventory.materialfield",
    "pk": 341,
    "fields": {
        "material": 71,
        "field": 1,
        "value": "7173-172"
    }
},
{
    "model": "inventory.materialfield",
    "pk": 342,
    "fields": {
        "material": 71,
        "field": 3,
        "value": "House Mouse, Roof Rat, Norway Rat"
    }
},
{
    "model": "inventory.materialfield",
    "pk": 343,
    "fields": {
        "material": 71,
        "field": 4,
        "value": "Agricultural Premises (Indoor), Com Ind Pub Premises (Indoor), Domestic Dwellings (Indoor), Rodent Burrows"
    }
},
{
    "model": "inventory.materialfield",
    "pk": 344,
    "fields": {
        "material": 71,
        "field": 5,
        "value": "{\"Chlorophacinone\": {\"name\": \"Chlorophacinone\", \"url\": \"https://iaspub.epa.gov/apex/pesticides/f?p=CHEMICALSEARCH:3:::NO::P3_XCHEMICAL_ID:1813\", \"concentration\": 0.2}}"
    }
},
{
    "model": "inventory.materialfield",
    "pk": 345,
    "fields": {
        "material": 71,
        "field": 6,
        "value": "True"
    }
},
{
    "model": "inventory.materialfield",
    "pk": 346,
    "fields": {
        "material": 72,
        "field": 1,
        "value": "1021-2804"
    }
},
{
    "model": "inventory.materialfield",
    "pk": 347,
    "fields": {
        "material": 72,
        "field": 3,
        "value": "Bird Mite, Black Fly, Boxelder Bug, Clover Mite, Carpet Beetle, Earwig, Confused Flour Beetle, Centipede, Angoumois Grain Moth, Crawling Insect, Ant, Argentine Ant, Booklouse, Cricket, Cockroach"
    }
},
{
    "model": "inventory.materialfield",
    "pk": 348,
    "fields": {
        "material": 72,
        "field": 4,
        "value": "Animal Living Quarters, Apartments (Indoor), Apartments (Outdoor), Automobiles, Bakery Processing Equipment, Barns (Indoor), Barns (Outdoor), Baseboards, Beef Cattle Barns (Enclosed Premise Treatment), Beef Cattle Barns (Open Premise Treatment), Boats (Wood), Boats/Ships (Non-Residual Contact Treatment), Boxcars, Buildings (Exterior), Buses (Nonfeed/Nonfood)"
    }
},
{
    "model": "inventory.materialfield",
    "pk": 349,
    "fields": {
        "material": 72,
        "field": 5,
        "value": "{\"Bifenthrin\": {\"name\": \"Bifenthrin\", \"url\": \"https://iaspub.epa.gov/apex/pesticides/f?p=CHEMICALSEARCH:3:::NO::P3_XCHEMICAL_ID:1553\", \"concentration\": 0.05}, \"MGK 264\": {\"name\": \"MGK 264\", \"url\": \"https://iaspub.epa.gov/apex/pesticides/f?p=CHEMICALSEARCH:3:::NO::P3_XCHEMICAL_ID:2711\", \"concentration\": 1.5}, \"Piperonyl butoxide\": {\"name\": \"Piperonyl butoxide\", \"url\": \"https://iaspub.epa.gov/apex/pesticides/f?p=CHEMICALSEARCH:3:::NO::P3_XCHEMICAL_ID:3433\", \"concentration\": 1.0}, \"Pyrethrins\": {\"name\": \"Pyrethrins\", \"url\": \"https://iaspub.epa.gov/apex/pesticides/f?p=CHEMICALSEARCH:3:::NO::P3_XCHEMICAL_ID:3656\", \"concentration\": 0.5}, \"Pyriproxyfen\": {\"name\": \"Pyriproxyfen\", \"url\": \"https://iaspub.epa.gov/apex/pesticides/f?p=CHEMICALSEARCH:3:::NO::P3_XCHEMICAL_ID:3680\", \"concentration\": 0.2}}"
    }
},
{
    "model": "inventory.materialfield",
    "pk": 350,
    "fields": {
        "material": 72,
        "field": 6,
        "value": "False"
    }
},
{
    "model": "inventory.materialfield",
    "pk": 351,
    "fields": {
        "material": 73,
        "field": 1,
        "value": "397-13"
    }
},
{
    "model": "inventory.materialfield",
    "pk": 352,
    "fields": {
        "material": 73,
        "field": 3,
        "value": "Bed Bug, Louse, Animal Pathogenic Bacteria (G- And G+ Vegetative), Bed Bug (Adult), Lice (Eggs), Centipede, Bed Bug (Eggs), Fly, Mold/Mildew, Ant, Firebrat, Herpes Simplex Virus Ii, Animal Pathogenic Fungi, Mite, Flea"
    }
},
{
    "model": "inventory.materialfield",
    "pk": 353,
    "fields": {
        "material": 73,
        "field": 4,
        "value": "Animal Quarters (Enclosed Premise Treatment), Bathroom Premises, Domestic Dwellings (Indoor), Eating Est Non-Food Contact Surfaces, Environmental Inanimate Hard Surfaces, Furniture (Upholstered), Hard Nonporous Surface, Mattresses, Pet Quarters (Enclosed Premise Treatment), Pet Sleeping Quarters, Rugs/Carpets, Sinks, Toilets (Exterior), Walls"
    }
},
{
    "model": "inventory.materialfield",
    "pk": 354,
    "fields": {
        "material": 73,
        "field": 5,
        "value": "{\"Alkyl* dimethyl benzyl ammonium chloride *(50%C14, 40%C12, 10%C16)\": {\"name\": \"Alkyl* dimethyl benzyl ammonium chloride *(50%C14, 40%C12, 10%C16)\", \"url\": \"https://iaspub.epa.gov/apex/pesticides/f?p=CHEMICALSEARCH:3:::NO::P3_XCHEMICAL_ID:1101\", \"concentration\": 0.076}, \"1-Decanaminium, N-decyl-N,N-dimethyl-, chloride\": {\"name\": \"1-Decanaminium, N-decyl-N,N-dimethyl-, chloride\", \"url\": \"https://iaspub.epa.gov/apex/pesticides/f?p=CHEMICALSEARCH:3:::NO::P3_XCHEMICAL_ID:214\", \"concentration\": 0.114}, \"Isopropyl alcohol\": {\"name\": \"Isopropyl alcohol\", \"url\": \"https://iaspub.epa.gov/apex/pesticides/f?p=CHEMICALSEARCH:3:::NO::P3_XCHEMICAL_ID:2630\", \"concentration\": 60.39}, \"Phenothrin\": {\"name\": \"Phenothrin\", \"url\": \"https://iaspub.epa.gov/apex/pesticides/f?p=CHEMICALSEARCH:3:::NO::P3_XCHEMICAL_ID:3317\", \"concentration\": 0.22}}"
    }
},
{
    "model": "inventory.materialfield",
    "pk": 355,
    "fields": {
        "material": 73,
        "field": 6,
        "value": "False"
    }
},
{
    "model": "inventory.materialfield",
    "pk": 356,
    "fields": {
        "material": 74,
        "field": 1,
        "value": "101563-143"
    }
},
{
    "model": "inventory.materialfield",
    "pk": 357,
    "fields": {
        "material": 74,
        "field": 3,
        "value": "Bird Mite, Bed Bug, Anobiid Beetle, Boxelder Bug, Brown Stink Bug, Angoumois Grain Moth, Asian Lady Beetle, Beetle, Ant, Bark Beetle, Bottlefly, Aphid, Carpenter Bee, Carpenter Ant, Ambrosia Beetle"
    }
},
{
    "model": "inventory.materialfield",
    "pk": 358,
    "fields": {
        "material": 74,
        "field": 4,
        "value": "Aircraft, Ant Hills, Apartments (Indoor), Apartments (Outdoor), Bakeries (Indoor-Inedible), Baseboards, Bottling Plants (Indoor Inedible), Breweries, Building Foundations (Soil Treatment), Buildings (Nonagricultural) (Perimeter) (Soil Treatment), Buses (All Or Unspecified), Cafeterias (Indoor Inedible), Candy Factories (Indoor Inedible), Canneries (Indoor-Inedible), Carpets"
    }
},
{
    "model": "inventory.materialfield",
    "pk": 359,
    "fields": {
        "material": 74,
        "field": 5,
        "value": "{\"Deltamethrin\": {\"name\": \"Deltamethrin\", \"url\": \"https://iaspub.epa.gov/apex/pesticides/f?p=CHEMICALSEARCH:3:::NO::P3_XCHEMICAL_ID:2050\", \"concentration\": 4.75}}"
    }
},
{
    "model": "inventory.materialfield",
    "pk": 360,
    "fields": {
        "material": 74,
        "field": 6,
        "value": "False"
    }
},
{
    "model": "inventory.materialfield",
    "pk": 361,
    "fields": {
        "material": 75,
        "field": 1,
        "value": "7969-210"
    }
},
{
    "model": "inventory.materialfield",
    "pk": 362,
    "fields": {
        "material": 75,
        "field": 3,
        "value": "Boxelder Bug, Acrobat Ant, Bug, Big Headed Ant, Asian Lady Beetle, Centipede, Beetle, Argentine Ant, Borer, Carpenter Ant, Brown Recluse Spider, Brown Dog Tick, Carpenter Bee, Australian Cockroach, Black Widow Spider"
    }
},
{
    "model": "inventory.materialfield",
    "pk": 363,
    "fields": {
        "material": 75,
        "field": 4,
        "value": "Basements, Bathrooms, Bathrooms (Outdoor), Building Foundations, Building Foundations (Soil Treatment), Buildings (Exterior), Buildings (Nonagricultural) (Perimeter) (Soil Treatment), Buildings And Structures (Nonagricultural-Outdoor) (Soil Treatment), Commercial (Residual Crack And Crevice Treatment), Commercial/Institutional/Industrial Buildings (Wall Voids), Concrete Slabs, Concrete Slabs (Soil Contact Nonfumigation Treatment), Concrete Surfaces, Concrete Walls, Domestic Dwellings (Outdoor) (Outbuildings)"
    }
},
{
    "model": "inventory.materialfield",
    "pk": 364,
    "fields": {
        "material": 75,
        "field": 5,
        "value": "{\"Fipronil\": {\"name\": \"Fipronil\", \"url\": \"https://iaspub.epa.gov/apex/pesticides/f?p=CHEMICALSEARCH:3:::NO::P3_XCHEMICAL_ID:2377\", \"concentration\": 9.1}}"
    }
},
{
    "model": "inventory.materialfield",
    "pk": 365,
    "fields": {
        "material": 75,
        "field": 6,
        "value": "False"
    }
},
{
    "model": "inventory.materialfield",
    "pk": 366,
    "fields": {
        "material": 76,
        "field": 1,
        "value": "499-546"
    }
},
{
    "model": "inventory.materialfield",
    "pk": 367,
    "fields": {
        "material": 76,
        "field": 3,
        "value": "Subterranean Termite, Drywood Termite"
    }
},
{
    "model": "inventory.materialfield",
    "pk": 368,
    "fields": {
        "material": 76,
        "field": 4,
        "value": "Buildings (Nonagricultural), Ornamental Trees (Injection Treatment), Utility Poles (Injection Treatment), Wood Decks, Wood Fences, Wood Piers, Wood Poles/Posts, Wood Structures"
    }
},
{
    "model": "inventory.materialfield",
    "pk": 369,
    "fields": {
        "material": 76,
        "field": 5,
        "value": "{\"Fipronil\": {\"name\": \"Fipronil\", \"url\": \"https://iaspub.epa.gov/apex/pesticides/f?p=CHEMICALSEARCH:3:::NO::P3_XCHEMICAL_ID:2377\", \"concentration\": 0.5}}"
    }
},
{
    "model": "inventory.materialfield",
    "pk": 370,
    "fields": {
        "material": 76,
        "field": 6,
        "value": "False"
    }
},
{
    "model": "inventory.materialfield",
    "pk": 371,
    "fields": {
        "material": 77,
        "field": 1,
        "value": "499-385"
    }
},
{
    "model": "inventory.materialfield",
    "pk": 372,
    "fields": {
        "material": 77,
        "field": 3,
        "value": "Boxelder Bug, Bed Bug, Clover Mite, Chocolate Moth, Cluster Fly, Confused Flour Beetle, Centipede, Beetle, Ant, Cadelle, Booklouse, Cheese Mite, Carpenter Ant, Cockroach, Cigarette Beetle"
    }
},
{
    "model": "inventory.materialfield",
    "pk": 373,
    "fields": {
        "material": 77,
        "field": 4,
        "value": "Boats/Ships (Residual General Treatment), Building Foundations, Buses (Nonfeed/Nonfood) (Residual General Treatment), Commercial/Institutional/Industrial Buildings (Outdoor Inedible), Domestic Dwellings (Indoor), Domestic Dwellings (Outdoor), Eating Establishments (Outdoor Inedible), Eating Establishments (Residual Crack And Crevice Treatment), Food Marketing/Storage/Distribution Facilities (Outdoor Inedible), Food Packaging Plants, Food Processing Plants, Food Processing Plants (Outdoor Inedible), Food Processing Plants (Residual Crack And Crevice Treatment), Hospitals (Outdoor Inedible), Hospitals (Residual Crack And Crevice Treatment)"
    }
},
{
    "model": "inventory.materialfield",
    "pk": 374,
    "fields": {
        "material": 77,
        "field": 5,
        "value": "{\"Piperonyl butoxide\": {\"name\": \"Piperonyl butoxide\", \"url\": \"https://iaspub.epa.gov/apex/pesticides/f?p=CHEMICALSEARCH:3:::NO::P3_XCHEMICAL_ID:3433\", \"concentration\": 4.8}, \"Pyrethrins\": {\"name\": \"Pyrethrins\", \"url\": \"https://iaspub.epa.gov/apex/pesticides/f?p=CHEMICALSEARCH:3:::NO::P3_XCHEMICAL_ID:3656\", \"concentration\": 0.6}, \"Silicon dioxide\": {\"name\": \"Silicon dioxide\", \"url\": \"https://iaspub.epa.gov/apex/pesticides/f?p=CHEMICALSEARCH:3:::NO::P3_XCHEMICAL_ID:3768\", \"concentration\": 8.0}}"
    }
},
{
    "model": "inventory.materialfield",
    "pk": 375,
    "fields": {
        "material": 77,
        "field": 6,
        "value": "False"
    }
},
{
    "model": "inventory.materialfield",
    "pk": 376,
    "fields": {
        "material": 78,
        "field": 1,
        "value": "1021-2835"
    }
},
{
    "model": "inventory.materialfield",
    "pk": 377,
    "fields": {
        "material": 78,
        "field": 3,
        "value": "Bed Bug, Black Fly, Black Fungus Beetle, American Black Flour Beetle, Black Carpet Beetle, Angoumois Grain Moth, Angoumois Grain Moth (Adult), Beetle, Ant, Blow Fly, Almond Moth, Aphid, Bean Weevil, Bloodsucking Lice, Bee"
    }
},
{
    "model": "inventory.materialfield",
    "pk": 378,
    "fields": {
        "material": 78,
        "field": 4,
        "value": "Aerial Application, Aerial Application (Fixed Wing), Aerial Application (Rotary Aircraft), Animal Quarters (Enclosed Premise Treatment), Bathroom Premises, Beef Cattle (Animal Treatment), Beverage Process Plant Premises, Boats (Wood), Bottling Process Plant Premises, Buses (Nonfeed/Nonfood) (Non-Residual Contact Treatment), Campgrounds, Cannery Process Plant Premises, Cattle Barns (Enclosed Premise Treatment), Commercial/Institutional/Industrial Areas (Outdoor Edible), Commercial/Institutional/Industrial Buildings (Indoor Edible)"
    }
},
{
    "model": "inventory.materialfield",
    "pk": 379,
    "fields": {
        "material": 78,
        "field": 5,
        "value": "{\"MGK 264\": {\"name\": \"MGK 264\", \"url\": \"https://iaspub.epa.gov/apex/pesticides/f?p=CHEMICALSEARCH:3:::NO::P3_XCHEMICAL_ID:2711\", \"concentration\": 2.94}, \"Piperonyl butoxide\": {\"name\": \"Piperonyl butoxide\", \"url\": \"https://iaspub.epa.gov/apex/pesticides/f?p=CHEMICALSEARCH:3:::NO::P3_XCHEMICAL_ID:3433\", \"concentration\": 2.0}, \"Pyrethrins\": {\"name\": \"Pyrethrins\", \"url\": \"https://iaspub.epa.gov/apex/pesticides/f?p=CHEMICALSEARCH:3:::NO::P3_XCHEMICAL_ID:3656\", \"concentration\": 1.0}}"
    }
},
{
    "model": "inventory.materialfield",
    "pk": 380,
    "fields": {
        "material": 78,
        "field": 6,
        "value": "False"
    }
},
{
    "model": "inventory.materialfield",
    "pk": 381,
    "fields": {
        "material": 79,
        "field": 1,
        "value": "1021-2834"
    }
},
{
    "model": "inventory.materialfield",
    "pk": 382,
    "fields": {
        "material": 79,
        "field": 3,
        "value": "Bed Bug, Black Fly, Black Flour Beetle, Black Fungus Beetle, American Black Flour Beetle, Black Carpet Beetle, Angoumois Grain Moth, Angoumois Grain Moth (Adult), Beetle, Ant, Blow Fly, Almond Moth, Aphid, Bean Weevil, Bee"
    }
},
{
    "model": "inventory.materialfield",
    "pk": 383,
    "fields": {
        "material": 79,
        "field": 4,
        "value": "Animal Quarters (Enclosed Premise Treatment), Animal Research Facilities (Enclosed Premise Treatment), Ant Hills, Apartments (Indoor), Bakeries (Indoor-Inedible), Barns (Indoor), Bathroom Premises, Beef Cattle (Animal Treatment), Beverage Plants, Beverage Process Plant Premises, Boats/Ships (Non-Residual Contact Treatment), Boats/Ships (Non-Residual Space Treatment), Boats/Ships (Non-Residual) (General Treatment), Bookcases, Bottling Plants (Indoor Inedible)"
    }
},
{
    "model": "inventory.materialfield",
    "pk": 384,
    "fields": {
        "material": 79,
        "field": 5,
        "value": "{\"MGK 264\": {\"name\": \"MGK 264\", \"url\": \"https://iaspub.epa.gov/apex/pesticides/f?p=CHEMICALSEARCH:3:::NO::P3_XCHEMICAL_ID:2711\", \"concentration\": 10.0}, \"Piperonyl butoxide\": {\"name\": \"Piperonyl butoxide\", \"url\": \"https://iaspub.epa.gov/apex/pesticides/f?p=CHEMICALSEARCH:3:::NO::P3_XCHEMICAL_ID:3433\", \"concentration\": 6.0}, \"Pyrethrins\": {\"name\": \"Pyrethrins\", \"url\": \"https://iaspub.epa.gov/apex/pesticides/f?p=CHEMICALSEARCH:3:::NO::P3_XCHEMICAL_ID:3656\", \"concentration\": 3.0}}"
    }
},
{
    "model": "inventory.materialfield",
    "pk": 385,
    "fields": {
        "material": 79,
        "field": 6,
        "value": "False"
    }
},
{
    "model": "inventory.materialfield",
    "pk": 386,
    "fields": {
        "material": 80,
        "field": 1,
        "value": "499-404"
    }
},
{
    "model": "inventory.materialfield",
    "pk": 387,
    "fields": {
        "material": 80,
        "field": 3,
        "value": "Cockroach, Rice Weevil, Tick, Ant, House Fly, Small Flying Moth, Mosquito, Cricket, Flea, Sawtoothed Grain Beetle"
    }
},
{
    "model": "inventory.materialfield",
    "pk": 388,
    "fields": {
        "material": 80,
        "field": 4,
        "value": "Automobiles (Non-Residual General Treatment), Boats/Ships (Non-Residual Space Treatment), Buses (Non-Residual) (General Treatment), Commercial/Institutional/Industrial Buildings (Indoor Edible), Domestic Dwellings (Indoor), Furniture (Upholstered), Hospitals (Indoor-Edible), Hotels/Motels/Tourist Courts (Indoor Edible), Pet Bedding, Pet Living Quarters (Enclosed Premise Treatment), Railroad Boxcars (Feed/Food-Empty) (Non-Residual Treatment), Rugs/Carpets, Supermarkets (Indoor Inedible), Trucks (Feed/Food-Empty) (Non-Residual Treatment), Veterinary Hospitals/Clinics (Indoor Edible)"
    }
},
{
    "model": "inventory.materialfield",
    "pk": 389,
    "fields": {
        "material": 80,
        "field": 5,
        "value": "{\"MGK 264\": {\"name\": \"MGK 264\", \"url\": \"https://iaspub.epa.gov/apex/pesticides/f?p=CHEMICALSEARCH:3:::NO::P3_XCHEMICAL_ID:2711\", \"concentration\": 0.4}, \"Permethrin\": {\"name\": \"Permethrin\", \"url\": \"https://iaspub.epa.gov/apex/pesticides/f?p=CHEMICALSEARCH:3:::NO::P3_XCHEMICAL_ID:3260\", \"concentration\": 0.4}, \"Pyrethrins\": {\"name\": \"Pyrethrins\", \"url\": \"https://iaspub.epa.gov/apex/pesticides/f?p=CHEMICALSEARCH:3:::NO::P3_XCHEMICAL_ID:3656\", \"concentration\": 0.05}, \"Pyriproxyfen\": {\"name\": \"Pyriproxyfen\", \"url\": \"https://iaspub.epa.gov/apex/pesticides/f?p=CHEMICALSEARCH:3:::NO::P3_XCHEMICAL_ID:3680\", \"concentration\": 0.1}}"
    }
},
{
    "model": "inventory.materialfield",
    "pk": 390,
    "fields": {
        "material": 80,
        "field": 6,
        "value": "False"
    }
},
{
    "model": "inventory.materialfield",
    "pk": 391,
    "fields": {
        "material": 81,
        "field": 1,
        "value": "1021-2593"
    }
},
{
    "model": "inventory.materialfield",
    "pk": 392,
    "fields": {
        "material": 81,
        "field": 3,
        "value": "German Cockroach"
    }
},
{
    "model": "inventory.materialfield",
    "pk": 393,
    "fields": {
        "material": 81,
        "field": 4,
        "value": "Aircraft, Apartments (Indoor), Apartments (Outdoor), Basements, Boats (Wood), Buses (Nonfeed/Nonfood), Commercial/Institutional/Industrial Areas (Outdoor Inedible), Commercial/Institutional/Industrial Buildings (Indoor Inedible), Domestic Dwellings (Indoor), Domestic Dwellings (Indoor) (Attics), Domestic Dwellings (Outdoor), Food Handling Estab., Food Processing Plants, Food Storage Areas, Garages"
    }
},
{
    "model": "inventory.materialfield",
    "pk": 394,
    "fields": {
        "material": 81,
        "field": 5,
        "value": "{\"Pyriproxyfen\": {\"name\": \"Pyriproxyfen\", \"url\": \"https://iaspub.epa.gov/apex/pesticides/f?p=CHEMICALSEARCH:3:::NO::P3_XCHEMICAL_ID:3680\", \"concentration\": 0.5}, \"Abamectin\": {\"name\": \"Abamectin\", \"url\": \"https://iaspub.epa.gov/apex/pesticides/f?p=CHEMICALSEARCH:3:::NO::P3_XCHEMICAL_ID:975\", \"concentration\": 0.05}}"
    }
},
{
    "model": "inventory.materialfield",
    "pk": 395,
    "fields": {
        "material": 81,
        "field": 6,
        "value": "False"
    }
},
{
    "model": "inventory.materialfield",
    "pk": 396,
    "fields": {
        "material": 82,
        "field": 1,
        "value": "1015-78"
    }
},
{
    "model": "inventory.materialfield",
    "pk": 397,
    "fields": {
        "material": 82,
        "field": 3,
        "value": "Deathwatch Beetle, Bed Bug, Drywood Termite, Carpet Beetle, Carpet Beetle (Adult), Fly, American Cockroach, Ant, Dermestid Beetle, Brownbanded Cockroach, Carpet Beetle (Larvae), Flea, Formosan Termite, Clothes Moth, Cockroach"
    }
},
{
    "model": "inventory.materialfield",
    "pk": 398,
    "fields": {
        "material": 82,
        "field": 4,
        "value": "Automobiles, Buses (Nonfeed/Nonfood) (Fumigation), Construction Material (Nonfeed/Nonfood) (Fumigation), Domestic Dwellings (Indoor) (Fumigation), Household Contents (Stored Clothes) (Fumigation), Household Contents (Upholstered Furniture) (Fumigation), Mobile Homes (Indoor), Railroad Boxcars (Nonfeed/Nonfood) (Fumigation), Recreational Vehicles (Nonfeed/Nonfood) (Fumigation), Shiping Containers (Nonfeed/Nonfood) (Fumigation), Ships (Surface) (Nonfeed/Nonfood) (Fumigation), Terrestrial Structures (Nonsoil Contact Fumigation Treatment), Transportation Vehicles (Feed/Food Empty) (Fumigation), Trucks (Nonfeed/Nonfood) (Fumigation), Warehouses (Empty) (Fumigation)"
    }
},
{
    "model": "inventory.materialfield",
    "pk": 399,
    "fields": {
        "material": 82,
        "field": 5,
        "value": "{\"Sulfuryl fluoride\": {\"name\": \"Sulfuryl fluoride\", \"url\": \"https://iaspub.epa.gov/apex/pesticides/f?p=CHEMICALSEARCH:3:::NO::P3_XCHEMICAL_ID:3976\", \"concentration\": 99.8}}"
    }
},
{
    "model": "inventory.materialfield",
    "pk": 400,
    "fields": {
        "material": 82,
        "field": 6,
        "value": "True"
    }
},
{
    "model": "inventory.materialfield",
    "pk": 401,
    "fields": {
        "material": 83,
        "field": 1,
        "value": "499-362"
    }
},
{
    "model": "inventory.materialfield",
    "pk": 402,
    "fields": {
        "material": 83,
        "field": 3,
        "value": "Wasp, Bee, Yellowjacket, Hornet"
    }
},
{
    "model": "inventory.materialfield",
    "pk": 403,
    "fields": {
        "material": 83,
        "field": 4,
        "value": "Commercial Buildings (Outdoor), Domestic Dwellings (Indoor) (Attics), Domestic Dwellings (Outdoor), Industrial Areas (Outdoor), Institutional Premises, Residential Areas (Outdoor)"
    }
},
{
    "model": "inventory.materialfield",
    "pk": 404,
    "fields": {
        "material": 83,
        "field": 5,
        "value": "{\"Phenothrin\": {\"name\": \"Phenothrin\", \"url\": \"https://iaspub.epa.gov/apex/pesticides/f?p=CHEMICALSEARCH:3:::NO::P3_XCHEMICAL_ID:3317\", \"concentration\": 0.12}, \"Bioallethrin\": {\"name\": \"Bioallethrin\", \"url\": \"https://iaspub.epa.gov/apex/pesticides/f?p=CHEMICALSEARCH:3:::NO::P3_XCHEMICAL_ID:4497\", \"concentration\": 0.129}}"
    }
},
{
    "model": "inventory.materialfield",
    "pk": 405,
    "fields": {
        "material": 83,
        "field": 6,
        "value": "False"
    }
},
{
    "model": "inventory.materialfield",
    "pk": 406,
    "fields": {
        "material": 84,
        "field": 1,
        "value": "2724-451"
    }
},
{
    "model": "inventory.materialfield",
    "pk": 407,
    "fields": {
        "material": 84,
        "field": 3,
        "value": "No Pest, Midges (Larvae), Mosquitoes (Larvae)"
    }
},
{
    "model": "inventory.materialfield",
    "pk": 408,
    "fields": {
        "material": 84,
        "field": 4,
        "value": "Aerial Application (Fixed Wing), Aerial Application (Rotary Aircraft), Berry Fields (Flooded) (Water Treatment), Catch Basins (Water Treatment), Citrus, Cropland (Flooded) (Water Treatment), Ditches, Drainage Ditches (Foliar Treatment), Dredge Spoil Sites (Water Treatment), Fruit Trees, Intermittently Flooded Areas (Water Treatment), Man-Made Depressions (Water Treatment), Marshes (Surrounding Vegetation-Foliar Treatment), Meadows, Noncrop Areas (Foliar Treatment)"
    }
},
{
    "model": "inventory.materialfield",
    "pk": 409,
    "fields": {
        "material": 84,
        "field": 5,
        "value": "{\"S-Methoprene\": {\"name\": \"S-Methoprene\", \"url\": \"https://iaspub.epa.gov/apex/pesticides/f?p=CHEMICALSEARCH:3:::NO::P3_XCHEMICAL_ID:3735\", \"concentration\": 1.5}}"
    }
},
{
    "model": "inventory.materialfield",
    "pk": 410,
    "fields": {
        "material": 84,
        "field": 6,
        "value": "False"
    }
},
{
    "model": "inventory.materialfield",
    "pk": 411,
    "fields": {
        "material": 85,
        "field": 1,
        "value": "12455-16"
    }
},
{
    "model": "inventory.materialfield",
    "pk": 412,
    "fields": {
        "material": 85,
        "field": 3,
        "value": "House Mouse"
    }
},
{
    "model": "inventory.materialfield",
    "pk": 413,
    "fields": {
        "material": 85,
        "field": 4,
        "value": "Agricultural Buildings (Indoor), Commercial/Institutional/Industrial Buildings (Indoor), Domestic Dwellings (Indoor)"
    }
},
{
    "model": "inventory.materialfield",
    "pk": 414,
    "fields": {
        "material": 85,
        "field": 5,
        "value": "{\"Zinc phosphide (Zn3P2)\": {\"name\": \"Zinc phosphide (Zn3P2)\", \"url\": \"https://iaspub.epa.gov/apex/pesticides/f?p=CHEMICALSEARCH:3:::NO::P3_XCHEMICAL_ID:4446\", \"concentration\": 10.0}}"
    }
},
{
    "model": "inventory.materialfield",
    "pk": 415,
    "fields": {
        "material": 85,
        "field": 6,
        "value": "True"
    }
},
{
    "model": "inventory.stocklocation",
    "pk": 1,
    "fields": {
        "name": "LIC Office",
        "status": "Active",
        "address": 1
    }
},
{
    "model": "users.user",
    "fields": {
        "password": "pbkdf2_sha256$390000$FXC9mVNJ5J5XKZxlEmUZG8$rWMXiSUKBZptToU3Tt4Qwz5tICO96bot5npceyIvvQ4=",
        "last_login": "2023-04-04T12:24:11.520Z",
        "is_superuser": true,
        "username": "mareks",
        "first_name": "",
        "last_name": "",
        "email": "schir2@gmail.com",
        "is_staff": true,
        "is_active": true,
        "date_joined": "2023-03-08T15:38:37.275Z",
        "groups": [],
        "user_permissions": []
    }
},
{
    "model": "common.address",
    "pk": 1,
    "fields": {
        "name": "Marek Schir",
        "street_address": "3927 29th Street",
        "address_line_2": "",
        "city": "Long Island City",
        "state": "New York",
        "postal_code": "11101",
        "latitude": null,
        "longitude": null
    }
},
{
    "model": "common.address",
    "pk": 2,
    "fields": {
        "name": "Marek Schir",
        "street_address": "street_address",
        "address_line_2": "",
        "city": "Long Island City",
        "state": "New York",
        "postal_code": "11101",
        "latitude": null,
        "longitude": null
    }
},
{
    "model": "common.address",
    "pk": 3,
    "fields": {
        "name": "Marek Schir",
        "street_address": "street_address",
        "address_line_2": "",
        "city": "Long Island City",
        "state": "NY",
        "postal_code": "11101",
        "latitude": null,
        "longitude": null
    }
},
{
    "model": "common.address",
    "pk": 4,
    "fields": {
        "name": "Office",
        "street_address": "street_address",
        "address_line_2": "",
        "city": "Long Island City",
        "state": "NY",
        "postal_code": "11101",
        "latitude": null,
        "longitude": null
    }
},
{
    "model": "common.address",
    "pk": 5,
    "fields": {
        "name": "Office",
        "street_address": "street_address",
        "address_line_2": "",
        "city": "Long Island City",
        "state": "New York",
        "postal_code": "11101",
        "latitude": null,
        "longitude": null
    }
},
{
    "model": "common.address",
    "pk": 6,
    "fields": {
        "name": "HanBin Baik",
        "street_address": "3927 29th Street",
        "address_line_2": "",
        "city": "Long Island City",
        "state": "New York",
        "postal_code": "11101",
        "latitude": null,
        "longitude": null
    }
},
{
    "model": "common.contact",
    "pk": 1,
    "fields": {
        "first_name": "Marek",
        "last_name": "Schir",
        "preferred_contact_method": "PHONE"
    }
},
{
    "model": "common.contactphonenumber",
    "pk": 1,
    "fields": {
        "contact": 1,
        "phone_number": "+17189093737",
        "phone_type": null,
        "is_primary": true
    }
},
{
    "model": "common.contactphonenumber",
    "pk": 2,
    "fields": {
        "contact": 1,
        "phone_number": "+12122198218",
        "phone_type": null,
        "is_primary": false
    }
},
{
    "model": "common.contactemail",
    "pk": 1,
    "fields": {
        "contact": 1,
        "email": "schir2@gmail.com",
        "email_type": null,
        "is_primary": false
    }
},
{
    "model": "common.field",
    "pk": 1,
    "fields": {
        "name": "epa_registration_number",
        "label": "EPA Registration Number",
        "description": "EPA Registration Number",
        "content_type": [
            "inventory",
            "materialcategory"
        ],
        "object_id": 1,
        "field_type": "TEXT_FIELD",
        "validation_type": "REGEX",
        "validation_value": "^\\d{3}-\\d{8}$",
        "default_value": null,
        "is_required": true
    }
},
{
    "model": "common.field",
    "pk": 3,
    "fields": {
        "name": "pests",
        "label": "Pests",
        "description": "Target Pests",
        "content_type": [
            "inventory",
            "materialcategory"
        ],
        "object_id": 1,
        "field_type": "TEXT_FIELD",
        "validation_type": "REGEX",
        "validation_value": "^[^,]*(,[^,]*)*$",
        "default_value": null,
        "is_required": true
    }
},
{
    "model": "common.field",
    "pk": 4,
    "fields": {
        "name": "sites",
        "label": "Sites",
        "description": "Target Sites",
        "content_type": [
            "inventory",
            "materialcategory"
        ],
        "object_id": 1,
        "field_type": "TEXT_FIELD",
        "validation_type": "REGEX",
        "validation_value": "^[^,]*(,[^,]*)*$",
        "default_value": null,
        "is_required": true
    }
},
{
    "model": "common.field",
    "pk": 5,
    "fields": {
        "name": "active_ingredients",
        "label": "Active Ingredients",
        "description": "Active Ingredients",
        "content_type": [
            "inventory",
            "materialcategory"
        ],
        "object_id": 1,
        "field_type": "TEXT_FIELD",
        "validation_type": "NONE",
        "validation_value": "",
        "default_value": null,
        "is_required": false
    }
},
{
    "model": "common.field",
    "pk": 6,
    "fields": {
        "name": "restricted_use",
        "label": "Restricted Use",
        "description": "Restricted Use",
        "content_type": [
            "inventory",
            "materialcategory"
        ],
        "object_id": 1,
        "field_type": "BOOLEAN",
        "validation_type": "NONE",
        "validation_value": "",
        "default_value": null,
        "is_required": true
    }
},
{
    "model": "common.field",
    "pk": 7,
    "fields": {
        "name": "size",
        "label": "Size",
        "description": "Size",
        "content_type": [
            "inventory",
            "equipment"
        ],
        "object_id": 1,
        "field_type": "MULTIPLE_SELECT",
        "validation_type": "NONE",
        "validation_value": "S|M|L",
        "default_value": "M",
        "is_required": true
    }
},
{
    "model": "common.target",
    "pk": 1,
    "fields": {
        "name": "Pest",
        "description": "Unwanted organism, such as insects, rodents, or weeds, that can cause harm or damage.",
        "parent": null,
        "lft": 1,
        "rght": 36,
        "tree_id": 1,
        "level": 0
    }
},
{
    "model": "common.target",
    "pk": 2,
    "fields": {
        "name": "Insect",
        "description": "A class of arthropods with three body segments, six legs, and wings in some species.",
        "parent": 1,
        "lft": 2,
        "rght": 23,
        "tree_id": 1,
        "level": 1
    }
},
{
    "model": "common.target",
    "pk": 3,
    "fields": {
        "name": "Crawling Insect",
        "description": "A type of insect that moves around on its legs and body, such as ants, cockroaches, and bed bugs.",
        "parent": 2,
        "lft": 3,
        "rght": 14,
        "tree_id": 1,
        "level": 2
    }
},
{
    "model": "common.target",
    "pk": 4,
    "fields": {
        "name": "Cockroach",
        "description": "A type of crawling insect that is flattened, has long antennae and legs, and is known for its ability to adapt to various environments.",
        "parent": 3,
        "lft": 4,
        "rght": 11,
        "tree_id": 1,
        "level": 3
    }
},
{
    "model": "common.target",
    "pk": 5,
    "fields": {
        "name": "German Cockroach",
        "description": "Small light brown or tan insect, with two black stripes on its back. Often found in kitchens, bathrooms, and other areas with moisture.",
        "parent": 4,
        "lft": 5,
        "rght": 6,
        "tree_id": 1,
        "level": 4
    }
},
{
    "model": "common.target",
    "pk": 6,
    "fields": {
        "name": "American Cockroach",
        "description": "Large reddish-brown insect, with a yellowish figure-8 pattern on its head. Often found in commercial and residential buildings.",
        "parent": 4,
        "lft": 7,
        "rght": 8,
        "tree_id": 1,
        "level": 4
    }
},
{
    "model": "common.target",
    "pk": 7,
    "fields": {
        "name": "Oriental Cockroach",
        "description": "Dark brown or black insect, with a shiny appearance. Often found in damp areas, such as basements and sewers.",
        "parent": 4,
        "lft": 9,
        "rght": 10,
        "tree_id": 1,
        "level": 4
    }
},
{
    "model": "common.target",
    "pk": 8,
    "fields": {
        "name": "Flying Insect",
        "description": "A type of insect that has wings and can fly, such as flies, mosquitoes, and wasps.",
        "parent": 2,
        "lft": 15,
        "rght": 22,
        "tree_id": 1,
        "level": 2
    }
},
{
    "model": "common.target",
    "pk": 9,
    "fields": {
        "name": "Mosquito",
        "description": "Small flying insect with long legs, a slender body, and elongated mouthparts used to feed on blood. Can transmit diseases to humans and animals.",
        "parent": 8,
        "lft": 16,
        "rght": 17,
        "tree_id": 1,
        "level": 3
    }
},
{
    "model": "common.target",
    "pk": 10,
    "fields": {
        "name": "Fruit Fly",
        "description": "Small flying insect with a tan or brown body and red eyes. Often found near ripe or decaying fruits and vegetables.",
        "parent": 8,
        "lft": 18,
        "rght": 19,
        "tree_id": 1,
        "level": 3
    }
},
{
    "model": "common.target",
    "pk": 11,
    "fields": {
        "name": "Wasp",
        "description": "Flying insect with a slender body and two pairs of wings. Can sting multiple times and cause allergic reactions.",
        "parent": 8,
        "lft": 20,
        "rght": 21,
        "tree_id": 1,
        "level": 3
    }
},
{
    "model": "common.target",
    "pk": 12,
    "fields": {
        "name": "Bed Bug",
        "description": "Small, reddish-brown insects that feed on blood and are often found in homes, hotels, and other areas where people sleep.",
        "parent": 3,
        "lft": 12,
        "rght": 13,
        "tree_id": 1,
        "level": 3
    }
},
{
    "model": "common.target",
    "pk": 13,
    "fields": {
        "name": "Rodent",
        "description": "A type of mammal characterized by their continuously growing incisors and their ability to gnaw on various materials. They can be pests and pose health risks, as they can transmit diseases and cause damage to property.",
        "parent": 1,
        "lft": 24,
        "rght": 35,
        "tree_id": 1,
        "level": 1
    }
},
{
    "model": "common.target",
    "pk": 14,
    "fields": {
        "name": "Mouse",
        "description": "A small, light brown or gray rodent with a pointed nose and large ears. They are characterized by their continuously growing incisors and their ability to gnaw on various materials. Often found in homes, restaurants, and other areas with food sources.",
        "parent": 13,
        "lft": 25,
        "rght": 28,
        "tree_id": 1,
        "level": 2
    }
},
{
    "model": "common.target",
    "pk": 15,
    "fields": {
        "name": "Rat",
        "description": "A larger rodent with a blunt nose and small ears. They are characterized by their continuously growing incisors and their ability to gnaw on various materials. Often found in basements, sewers, and other areas with moisture.",
        "parent": 13,
        "lft": 29,
        "rght": 34,
        "tree_id": 1,
        "level": 2
    }
},
{
    "model": "common.target",
    "pk": 16,
    "fields": {
        "name": "House Mouse",
        "description": "Small, light brown or gray rodent with a pointed nose and large ears. Often found in homes, restaurants, and other areas with food sources.",
        "parent": 14,
        "lft": 26,
        "rght": 27,
        "tree_id": 1,
        "level": 3
    }
},
{
    "model": "common.target",
    "pk": 17,
    "fields": {
        "name": "Norway Rat",
        "description": "Large, brown or gray rodent with a blunt nose and small ears. Often found in basements, sewers, and other areas with moisture.",
        "parent": 15,
        "lft": 30,
        "rght": 31,
        "tree_id": 1,
        "level": 3
    }
},
{
    "model": "common.target",
    "pk": 18,
    "fields": {
        "name": "Roof Rat",
        "description": "Smaller, dark brown or black rodent with a pointed nose and large ears. Often found in attics, trees, and other elevated areas.",
        "parent": 15,
        "lft": 32,
        "rght": 33,
        "tree_id": 1,
        "level": 3
    }
},
{
    "model": "common.target",
    "pk": 19,
    "fields": {
        "name": "Roach",
        "description": "Roach",
        "parent": null,
        "lft": 1,
        "rght": 2,
        "tree_id": 2,
        "level": 0
    }
},
{
    "model": "common.target",
    "pk": 20,
    "fields": {
        "name": "Subterranean Termite",
        "description": "Subterranean Termite",
        "parent": null,
        "lft": 1,
        "rght": 2,
        "tree_id": 3,
        "level": 0
    }
},
{
    "model": "common.target",
    "pk": 21,
    "fields": {
        "name": "Termite",
        "description": "Termite",
        "parent": null,
        "lft": 1,
        "rght": 2,
        "tree_id": 4,
        "level": 0
    }
},
{
    "model": "common.target",
    "pk": 22,
    "fields": {
        "name": "Harvester Ant",
        "description": "Harvester Ant",
        "parent": null,
        "lft": 1,
        "rght": 2,
        "tree_id": 5,
        "level": 0
    }
},
{
    "model": "common.target",
    "pk": 23,
    "fields": {
        "name": "Acrobat Ant",
        "description": "Acrobat Ant",
        "parent": null,
        "lft": 1,
        "rght": 2,
        "tree_id": 6,
        "level": 0
    }
},
{
    "model": "common.target",
    "pk": 24,
    "fields": {
        "name": "Fire Ant",
        "description": "Fire Ant",
        "parent": null,
        "lft": 1,
        "rght": 2,
        "tree_id": 7,
        "level": 0
    }
},
{
    "model": "common.target",
    "pk": 25,
    "fields": {
        "name": "Thief Ant",
        "description": "Thief Ant",
        "parent": null,
        "lft": 1,
        "rght": 2,
        "tree_id": 8,
        "level": 0
    }
},
{
    "model": "common.target",
    "pk": 26,
    "fields": {
        "name": "Big Headed Ant",
        "description": "Big Headed Ant",
        "parent": null,
        "lft": 1,
        "rght": 2,
        "tree_id": 9,
        "level": 0
    }
},
{
    "model": "common.target",
    "pk": 27,
    "fields": {
        "name": "Pavement Ant",
        "description": "Pavement Ant",
        "parent": null,
        "lft": 1,
        "rght": 2,
        "tree_id": 10,
        "level": 0
    }
},
{
    "model": "common.target",
    "pk": 28,
    "fields": {
        "name": "Pharaoh Ant",
        "description": "Pharaoh Ant",
        "parent": null,
        "lft": 1,
        "rght": 2,
        "tree_id": 11,
        "level": 0
    }
},
{
    "model": "common.target",
    "pk": 29,
    "fields": {
        "name": "Argentine Ant",
        "description": "Argentine Ant",
        "parent": null,
        "lft": 1,
        "rght": 2,
        "tree_id": 12,
        "level": 0
    }
},
{
    "model": "common.target",
    "pk": 30,
    "fields": {
        "name": "Crazy Ant",
        "description": "Crazy Ant",
        "parent": null,
        "lft": 1,
        "rght": 2,
        "tree_id": 13,
        "level": 0
    }
},
{
    "model": "common.target",
    "pk": 31,
    "fields": {
        "name": "Field Ant",
        "description": "Field Ant",
        "parent": null,
        "lft": 1,
        "rght": 2,
        "tree_id": 14,
        "level": 0
    }
},
{
    "model": "common.target",
    "pk": 32,
    "fields": {
        "name": "Little Black Ant",
        "description": "Little Black Ant",
        "parent": null,
        "lft": 1,
        "rght": 2,
        "tree_id": 15,
        "level": 0
    }
},
{
    "model": "common.target",
    "pk": 33,
    "fields": {
        "name": "Carpenter Ant",
        "description": "Carpenter Ant",
        "parent": null,
        "lft": 1,
        "rght": 2,
        "tree_id": 16,
        "level": 0
    }
},
{
    "model": "common.target",
    "pk": 34,
    "fields": {
        "name": "Odorous House Ant",
        "description": "Odorous House Ant",
        "parent": null,
        "lft": 1,
        "rght": 2,
        "tree_id": 17,
        "level": 0
    }
},
{
    "model": "common.target",
    "pk": 35,
    "fields": {
        "name": "Imported Fire Ant",
        "description": "Imported Fire Ant",
        "parent": null,
        "lft": 1,
        "rght": 2,
        "tree_id": 18,
        "level": 0
    }
},
{
    "model": "common.target",
    "pk": 36,
    "fields": {
        "name": "Ghost Ant",
        "description": "Ghost Ant",
        "parent": null,
        "lft": 1,
        "rght": 2,
        "tree_id": 19,
        "level": 0
    }
},
{
    "model": "common.target",
    "pk": 37,
    "fields": {
        "name": "Honey Ant",
        "description": "Honey Ant",
        "parent": null,
        "lft": 1,
        "rght": 2,
        "tree_id": 20,
        "level": 0
    }
},
{
    "model": "common.target",
    "pk": 38,
    "fields": {
        "name": "Ant",
        "description": "Ant",
        "parent": null,
        "lft": 1,
        "rght": 2,
        "tree_id": 21,
        "level": 0
    }
},
{
    "model": "common.target",
    "pk": 39,
    "fields": {
        "name": "Cornfield Ant",
        "description": "Cornfield Ant",
        "parent": null,
        "lft": 1,
        "rght": 2,
        "tree_id": 22,
        "level": 0
    }
},
{
    "model": "common.target",
    "pk": 40,
    "fields": {
        "name": "Drugstore Beetle",
        "description": "Drugstore Beetle",
        "parent": null,
        "lft": 1,
        "rght": 2,
        "tree_id": 23,
        "level": 0
    }
},
{
    "model": "common.target",
    "pk": 41,
    "fields": {
        "name": "Boxelder Bug",
        "description": "Boxelder Bug",
        "parent": null,
        "lft": 1,
        "rght": 2,
        "tree_id": 24,
        "level": 0
    }
},
{
    "model": "common.target",
    "pk": 42,
    "fields": {
        "name": "Brown Stink Bug",
        "description": "Brown Stink Bug",
        "parent": null,
        "lft": 1,
        "rght": 2,
        "tree_id": 25,
        "level": 0
    }
},
{
    "model": "common.target",
    "pk": 43,
    "fields": {
        "name": "Cluster Fly",
        "description": "Cluster Fly",
        "parent": null,
        "lft": 1,
        "rght": 2,
        "tree_id": 26,
        "level": 0
    }
},
{
    "model": "common.target",
    "pk": 44,
    "fields": {
        "name": "Black Carpet Beetle",
        "description": "Black Carpet Beetle",
        "parent": null,
        "lft": 1,
        "rght": 2,
        "tree_id": 27,
        "level": 0
    }
},
{
    "model": "common.target",
    "pk": 45,
    "fields": {
        "name": "Centipede",
        "description": "Centipede",
        "parent": null,
        "lft": 1,
        "rght": 2,
        "tree_id": 28,
        "level": 0
    }
},
{
    "model": "common.target",
    "pk": 46,
    "fields": {
        "name": "Asian Lady Beetle",
        "description": "Asian Lady Beetle",
        "parent": null,
        "lft": 1,
        "rght": 2,
        "tree_id": 29,
        "level": 0
    }
},
{
    "model": "common.target",
    "pk": 47,
    "fields": {
        "name": "Confused Flour Beetle",
        "description": "Confused Flour Beetle",
        "parent": null,
        "lft": 1,
        "rght": 2,
        "tree_id": 30,
        "level": 0
    }
},
{
    "model": "common.target",
    "pk": 48,
    "fields": {
        "name": "Darkling Beetle",
        "description": "Darkling Beetle",
        "parent": null,
        "lft": 1,
        "rght": 2,
        "tree_id": 31,
        "level": 0
    }
},
{
    "model": "common.target",
    "pk": 49,
    "fields": {
        "name": "Bee",
        "description": "Bee",
        "parent": null,
        "lft": 1,
        "rght": 2,
        "tree_id": 32,
        "level": 0
    }
},
{
    "model": "common.target",
    "pk": 50,
    "fields": {
        "name": "Cricket",
        "description": "Cricket",
        "parent": null,
        "lft": 1,
        "rght": 2,
        "tree_id": 33,
        "level": 0
    }
},
{
    "model": "common.target",
    "pk": 51,
    "fields": {
        "name": "Cigarette Beetle",
        "description": "Cigarette Beetle",
        "parent": null,
        "lft": 1,
        "rght": 2,
        "tree_id": 34,
        "level": 0
    }
},
{
    "model": "common.target",
    "pk": 52,
    "fields": {
        "name": "Mosquitoes (Larvae)",
        "description": "Mosquitoes (Larvae)",
        "parent": null,
        "lft": 1,
        "rght": 2,
        "tree_id": 35,
        "level": 0
    }
},
{
    "model": "common.target",
    "pk": 53,
    "fields": {
        "name": "Louse",
        "description": "Louse",
        "parent": null,
        "lft": 1,
        "rght": 2,
        "tree_id": 36,
        "level": 0
    }
},
{
    "model": "common.target",
    "pk": 54,
    "fields": {
        "name": "Carpet Beetle",
        "description": "Carpet Beetle",
        "parent": null,
        "lft": 1,
        "rght": 2,
        "tree_id": 37,
        "level": 0
    }
},
{
    "model": "common.target",
    "pk": 55,
    "fields": {
        "name": "Lice (Eggs)",
        "description": "Lice (Eggs)",
        "parent": null,
        "lft": 1,
        "rght": 2,
        "tree_id": 38,
        "level": 0
    }
},
{
    "model": "common.target",
    "pk": 56,
    "fields": {
        "name": "Tick",
        "description": "Tick",
        "parent": null,
        "lft": 1,
        "rght": 2,
        "tree_id": 39,
        "level": 0
    }
},
{
    "model": "common.target",
    "pk": 57,
    "fields": {
        "name": "Clothes Moth",
        "description": "Clothes Moth",
        "parent": null,
        "lft": 1,
        "rght": 2,
        "tree_id": 40,
        "level": 0
    }
},
{
    "model": "common.target",
    "pk": 58,
    "fields": {
        "name": "Dust Mite",
        "description": "Dust Mite",
        "parent": null,
        "lft": 1,
        "rght": 2,
        "tree_id": 41,
        "level": 0
    }
},
{
    "model": "common.target",
    "pk": 59,
    "fields": {
        "name": "Flea",
        "description": "Flea",
        "parent": null,
        "lft": 1,
        "rght": 2,
        "tree_id": 42,
        "level": 0
    }
},
{
    "model": "common.target",
    "pk": 60,
    "fields": {
        "name": "No Pest",
        "description": "No Pest",
        "parent": null,
        "lft": 1,
        "rght": 2,
        "tree_id": 43,
        "level": 0
    }
},
{
    "model": "common.target",
    "pk": 61,
    "fields": {
        "name": "Lyctid Beetle",
        "description": "Lyctid Beetle",
        "parent": null,
        "lft": 1,
        "rght": 2,
        "tree_id": 44,
        "level": 0
    }
},
{
    "model": "common.target",
    "pk": 62,
    "fields": {
        "name": "Anobiid Beetle",
        "description": "Anobiid Beetle",
        "parent": null,
        "lft": 1,
        "rght": 2,
        "tree_id": 45,
        "level": 0
    }
},
{
    "model": "common.target",
    "pk": 63,
    "fields": {
        "name": "Alga",
        "description": "Alga",
        "parent": null,
        "lft": 1,
        "rght": 2,
        "tree_id": 46,
        "level": 0
    }
},
{
    "model": "common.target",
    "pk": 64,
    "fields": {
        "name": "Drywood Termite",
        "description": "Drywood Termite",
        "parent": null,
        "lft": 1,
        "rght": 2,
        "tree_id": 47,
        "level": 0
    }
},
{
    "model": "common.target",
    "pk": 65,
    "fields": {
        "name": "Old House Borer",
        "description": "Old House Borer",
        "parent": null,
        "lft": 1,
        "rght": 2,
        "tree_id": 48,
        "level": 0
    }
},
{
    "model": "common.target",
    "pk": 66,
    "fields": {
        "name": "Longhorned Beetle",
        "description": "Longhorned Beetle",
        "parent": null,
        "lft": 1,
        "rght": 2,
        "tree_id": 49,
        "level": 0
    }
},
{
    "model": "common.target",
    "pk": 67,
    "fields": {
        "name": "Dry Rot",
        "description": "Dry Rot",
        "parent": null,
        "lft": 1,
        "rght": 2,
        "tree_id": 50,
        "level": 0
    }
},
{
    "model": "common.target",
    "pk": 68,
    "fields": {
        "name": "Powderpost Beetle",
        "description": "Powderpost Beetle",
        "parent": null,
        "lft": 1,
        "rght": 2,
        "tree_id": 51,
        "level": 0
    }
},
{
    "model": "common.target",
    "pk": 69,
    "fields": {
        "name": "Formosan Termite",
        "description": "Formosan Termite",
        "parent": null,
        "lft": 1,
        "rght": 2,
        "tree_id": 52,
        "level": 0
    }
},
{
    "model": "common.target",
    "pk": 70,
    "fields": {
        "name": "Brown Rot",
        "description": "Brown Rot",
        "parent": null,
        "lft": 1,
        "rght": 2,
        "tree_id": 53,
        "level": 0
    }
},
{
    "model": "common.target",
    "pk": 71,
    "fields": {
        "name": "Dampwood Termite",
        "description": "Dampwood Termite",
        "parent": null,
        "lft": 1,
        "rght": 2,
        "tree_id": 54,
        "level": 0
    }
},
{
    "model": "common.target",
    "pk": 72,
    "fields": {
        "name": "Ambrosia Beetle",
        "description": "Ambrosia Beetle",
        "parent": null,
        "lft": 1,
        "rght": 2,
        "tree_id": 55,
        "level": 0
    }
},
{
    "model": "common.target",
    "pk": 73,
    "fields": {
        "name": "Stink Bug",
        "description": "Stink Bug",
        "parent": null,
        "lft": 1,
        "rght": 2,
        "tree_id": 56,
        "level": 0
    }
},
{
    "model": "common.target",
    "pk": 74,
    "fields": {
        "name": "Waterbug",
        "description": "Waterbug",
        "parent": null,
        "lft": 1,
        "rght": 2,
        "tree_id": 57,
        "level": 0
    }
},
{
    "model": "common.target",
    "pk": 75,
    "fields": {
        "name": "Palmettobug",
        "description": "Palmettobug",
        "parent": null,
        "lft": 1,
        "rght": 2,
        "tree_id": 58,
        "level": 0
    }
},
{
    "model": "common.target",
    "pk": 76,
    "fields": {
        "name": "Silverfish",
        "description": "Silverfish",
        "parent": null,
        "lft": 1,
        "rght": 2,
        "tree_id": 59,
        "level": 0
    }
},
{
    "model": "common.target",
    "pk": 77,
    "fields": {
        "name": "Billbug",
        "description": "Billbug",
        "parent": null,
        "lft": 1,
        "rght": 2,
        "tree_id": 60,
        "level": 0
    }
},
{
    "model": "common.target",
    "pk": 78,
    "fields": {
        "name": "Bandedwinged Whitefly",
        "description": "Bandedwinged Whitefly",
        "parent": null,
        "lft": 1,
        "rght": 2,
        "tree_id": 61,
        "level": 0
    }
},
{
    "model": "common.target",
    "pk": 79,
    "fields": {
        "name": "Alfalfa Weevil",
        "description": "Alfalfa Weevil",
        "parent": null,
        "lft": 1,
        "rght": 2,
        "tree_id": 62,
        "level": 0
    }
},
{
    "model": "common.target",
    "pk": 80,
    "fields": {
        "name": "Cereal Leaf Beetle",
        "description": "Cereal Leaf Beetle",
        "parent": null,
        "lft": 1,
        "rght": 2,
        "tree_id": 63,
        "level": 0
    }
},
{
    "model": "common.target",
    "pk": 81,
    "fields": {
        "name": "Citrus Blackfly",
        "description": "Citrus Blackfly",
        "parent": null,
        "lft": 1,
        "rght": 2,
        "tree_id": 64,
        "level": 0
    }
},
{
    "model": "common.target",
    "pk": 82,
    "fields": {
        "name": "Cabbage Aphid",
        "description": "Cabbage Aphid",
        "parent": null,
        "lft": 1,
        "rght": 2,
        "tree_id": 65,
        "level": 0
    }
},
{
    "model": "common.target",
    "pk": 83,
    "fields": {
        "name": "Beetle",
        "description": "Beetle",
        "parent": null,
        "lft": 1,
        "rght": 2,
        "tree_id": 66,
        "level": 0
    }
},
{
    "model": "common.target",
    "pk": 84,
    "fields": {
        "name": "Apple Curculio",
        "description": "Apple Curculio",
        "parent": null,
        "lft": 1,
        "rght": 2,
        "tree_id": 67,
        "level": 0
    }
},
{
    "model": "common.target",
    "pk": 85,
    "fields": {
        "name": "Borer",
        "description": "Borer",
        "parent": null,
        "lft": 1,
        "rght": 2,
        "tree_id": 68,
        "level": 0
    }
},
{
    "model": "common.target",
    "pk": 86,
    "fields": {
        "name": "Bean Aphid",
        "description": "Bean Aphid",
        "parent": null,
        "lft": 1,
        "rght": 2,
        "tree_id": 69,
        "level": 0
    }
},
{
    "model": "common.target",
    "pk": 87,
    "fields": {
        "name": "Cabbage Looper",
        "description": "Cabbage Looper",
        "parent": null,
        "lft": 1,
        "rght": 2,
        "tree_id": 70,
        "level": 0
    }
},
{
    "model": "common.target",
    "pk": 88,
    "fields": {
        "name": "Aphid",
        "description": "Aphid",
        "parent": null,
        "lft": 1,
        "rght": 2,
        "tree_id": 71,
        "level": 0
    }
},
{
    "model": "common.target",
    "pk": 89,
    "fields": {
        "name": "Bean Leaf Beetle",
        "description": "Bean Leaf Beetle",
        "parent": null,
        "lft": 1,
        "rght": 2,
        "tree_id": 72,
        "level": 0
    }
},
{
    "model": "common.target",
    "pk": 90,
    "fields": {
        "name": "Chinch Bug",
        "description": "Chinch Bug",
        "parent": null,
        "lft": 1,
        "rght": 2,
        "tree_id": 73,
        "level": 0
    }
},
{
    "model": "common.target",
    "pk": 91,
    "fields": {
        "name": "Black Vine Weevil",
        "description": "Black Vine Weevil",
        "parent": null,
        "lft": 1,
        "rght": 2,
        "tree_id": 74,
        "level": 0
    }
},
{
    "model": "common.target",
    "pk": 92,
    "fields": {
        "name": "Fly",
        "description": "Fly",
        "parent": null,
        "lft": 1,
        "rght": 2,
        "tree_id": 75,
        "level": 0
    }
},
{
    "model": "common.target",
    "pk": 93,
    "fields": {
        "name": "Small Flying Moth",
        "description": "Small Flying Moth",
        "parent": null,
        "lft": 1,
        "rght": 2,
        "tree_id": 76,
        "level": 0
    }
},
{
    "model": "common.target",
    "pk": 94,
    "fields": {
        "name": "Deathwatch Beetle",
        "description": "Deathwatch Beetle",
        "parent": null,
        "lft": 1,
        "rght": 2,
        "tree_id": 77,
        "level": 0
    }
},
{
    "model": "common.target",
    "pk": 95,
    "fields": {
        "name": "Deer Tick",
        "description": "Deer Tick",
        "parent": null,
        "lft": 1,
        "rght": 2,
        "tree_id": 78,
        "level": 0
    }
},
{
    "model": "common.target",
    "pk": 96,
    "fields": {
        "name": "Angoumois Grain Moth",
        "description": "Angoumois Grain Moth",
        "parent": null,
        "lft": 1,
        "rght": 2,
        "tree_id": 79,
        "level": 0
    }
},
{
    "model": "common.target",
    "pk": 97,
    "fields": {
        "name": "Asian Cockroach",
        "description": "Asian Cockroach",
        "parent": null,
        "lft": 1,
        "rght": 2,
        "tree_id": 80,
        "level": 0
    }
},
{
    "model": "common.target",
    "pk": 98,
    "fields": {
        "name": "Cadelle",
        "description": "Cadelle",
        "parent": null,
        "lft": 1,
        "rght": 2,
        "tree_id": 81,
        "level": 0
    }
},
{
    "model": "common.target",
    "pk": 99,
    "fields": {
        "name": "Carpenter Bee",
        "description": "Carpenter Bee",
        "parent": null,
        "lft": 1,
        "rght": 2,
        "tree_id": 82,
        "level": 0
    }
},
{
    "model": "common.target",
    "pk": 100,
    "fields": {
        "name": "Brown Dog Tick",
        "description": "Brown Dog Tick",
        "parent": null,
        "lft": 1,
        "rght": 2,
        "tree_id": 83,
        "level": 0
    }
},
{
    "model": "common.target",
    "pk": 101,
    "fields": {
        "name": "Cotton Rat",
        "description": "Cotton Rat",
        "parent": null,
        "lft": 1,
        "rght": 2,
        "tree_id": 84,
        "level": 0
    }
},
{
    "model": "common.target",
    "pk": 102,
    "fields": {
        "name": "Meadow Vole",
        "description": "Meadow Vole",
        "parent": null,
        "lft": 1,
        "rght": 2,
        "tree_id": 85,
        "level": 0
    }
},
{
    "model": "common.target",
    "pk": 103,
    "fields": {
        "name": "Mexican Woodrat",
        "description": "Mexican Woodrat",
        "parent": null,
        "lft": 1,
        "rght": 2,
        "tree_id": 86,
        "level": 0
    }
},
{
    "model": "common.target",
    "pk": 104,
    "fields": {
        "name": "Polynesian Rat",
        "description": "Polynesian Rat",
        "parent": null,
        "lft": 1,
        "rght": 2,
        "tree_id": 87,
        "level": 0
    }
},
{
    "model": "common.target",
    "pk": 105,
    "fields": {
        "name": "Southern Plains Woodrat",
        "description": "Southern Plains Woodrat",
        "parent": null,
        "lft": 1,
        "rght": 2,
        "tree_id": 88,
        "level": 0
    }
},
{
    "model": "common.target",
    "pk": 106,
    "fields": {
        "name": "White-Footed Mouse",
        "description": "White-Footed Mouse",
        "parent": null,
        "lft": 1,
        "rght": 2,
        "tree_id": 89,
        "level": 0
    }
},
{
    "model": "common.target",
    "pk": 107,
    "fields": {
        "name": "Whitethroat Woodrat",
        "description": "Whitethroat Woodrat",
        "parent": null,
        "lft": 1,
        "rght": 2,
        "tree_id": 90,
        "level": 0
    }
},
{
    "model": "common.target",
    "pk": 108,
    "fields": {
        "name": "Deer Mouse",
        "description": "Deer Mouse",
        "parent": null,
        "lft": 1,
        "rght": 2,
        "tree_id": 91,
        "level": 0
    }
},
{
    "model": "common.target",
    "pk": 109,
    "fields": {
        "name": "Harvest Mouse",
        "description": "Harvest Mouse",
        "parent": null,
        "lft": 1,
        "rght": 2,
        "tree_id": 92,
        "level": 0
    }
},
{
    "model": "common.target",
    "pk": 110,
    "fields": {
        "name": "Bed Bug (Eggs)",
        "description": "Bed Bug (Eggs)",
        "parent": null,
        "lft": 1,
        "rght": 2,
        "tree_id": 93,
        "level": 0
    }
},
{
    "model": "common.target",
    "pk": 111,
    "fields": {
        "name": "Bed Bug (Adult)",
        "description": "Bed Bug (Adult)",
        "parent": null,
        "lft": 1,
        "rght": 2,
        "tree_id": 94,
        "level": 0
    }
},
{
    "model": "common.target",
    "pk": 112,
    "fields": {
        "name": "Armyworm",
        "description": "Armyworm",
        "parent": null,
        "lft": 1,
        "rght": 2,
        "tree_id": 95,
        "level": 0
    }
},
{
    "model": "common.target",
    "pk": 113,
    "fields": {
        "name": "Chocolate Moth",
        "description": "Chocolate Moth",
        "parent": null,
        "lft": 1,
        "rght": 2,
        "tree_id": 96,
        "level": 0
    }
},
{
    "model": "common.target",
    "pk": 114,
    "fields": {
        "name": "Bagworm",
        "description": "Bagworm",
        "parent": null,
        "lft": 1,
        "rght": 2,
        "tree_id": 97,
        "level": 0
    }
},
{
    "model": "common.target",
    "pk": 115,
    "fields": {
        "name": "Caterpillar",
        "description": "Caterpillar",
        "parent": null,
        "lft": 1,
        "rght": 2,
        "tree_id": 98,
        "level": 0
    }
},
{
    "model": "common.target",
    "pk": 116,
    "fields": {
        "name": "Billbugs (Adult)",
        "description": "Billbugs (Adult)",
        "parent": null,
        "lft": 1,
        "rght": 2,
        "tree_id": 99,
        "level": 0
    }
},
{
    "model": "common.target",
    "pk": 117,
    "fields": {
        "name": "Carrion Beetle",
        "description": "Carrion Beetle",
        "parent": null,
        "lft": 1,
        "rght": 2,
        "tree_id": 100,
        "level": 0
    }
},
{
    "model": "common.target",
    "pk": 118,
    "fields": {
        "name": "Bostrichid Beetle",
        "description": "Bostrichid Beetle",
        "parent": null,
        "lft": 1,
        "rght": 2,
        "tree_id": 101,
        "level": 0
    }
},
{
    "model": "common.target",
    "pk": 119,
    "fields": {
        "name": "Buprestid Bark Beetle",
        "description": "Buprestid Bark Beetle",
        "parent": null,
        "lft": 1,
        "rght": 2,
        "tree_id": 102,
        "level": 0
    }
},
{
    "model": "common.target",
    "pk": 120,
    "fields": {
        "name": "Booklouse",
        "description": "Booklouse",
        "parent": null,
        "lft": 1,
        "rght": 2,
        "tree_id": 103,
        "level": 0
    }
},
{
    "model": "common.target",
    "pk": 121,
    "fields": {
        "name": "Brown Recluse Spider",
        "description": "Brown Recluse Spider",
        "parent": null,
        "lft": 1,
        "rght": 2,
        "tree_id": 104,
        "level": 0
    }
},
{
    "model": "common.target",
    "pk": 122,
    "fields": {
        "name": "Black Widow Spider",
        "description": "Black Widow Spider",
        "parent": null,
        "lft": 1,
        "rght": 2,
        "tree_id": 105,
        "level": 0
    }
},
{
    "model": "common.target",
    "pk": 123,
    "fields": {
        "name": "Clover Mite",
        "description": "Clover Mite",
        "parent": null,
        "lft": 1,
        "rght": 2,
        "tree_id": 106,
        "level": 0
    }
},
{
    "model": "common.target",
    "pk": 124,
    "fields": {
        "name": "Dark Mealworm",
        "description": "Dark Mealworm",
        "parent": null,
        "lft": 1,
        "rght": 2,
        "tree_id": 107,
        "level": 0
    }
},
{
    "model": "common.target",
    "pk": 125,
    "fields": {
        "name": "Cheese Mite",
        "description": "Cheese Mite",
        "parent": null,
        "lft": 1,
        "rght": 2,
        "tree_id": 108,
        "level": 0
    }
},
{
    "model": "common.target",
    "pk": 126,
    "fields": {
        "name": "Brownbanded Cockroach",
        "description": "Brownbanded Cockroach",
        "parent": null,
        "lft": 1,
        "rght": 2,
        "tree_id": 109,
        "level": 0
    }
},
{
    "model": "common.target",
    "pk": 127,
    "fields": {
        "name": "Brown Cockroach",
        "description": "Brown Cockroach",
        "parent": null,
        "lft": 1,
        "rght": 2,
        "tree_id": 110,
        "level": 0
    }
},
{
    "model": "common.target",
    "pk": 128,
    "fields": {
        "name": "Smoky Brown Cockroach",
        "description": "Smoky Brown Cockroach",
        "parent": null,
        "lft": 1,
        "rght": 2,
        "tree_id": 111,
        "level": 0
    }
},
{
    "model": "common.target",
    "pk": 129,
    "fields": {
        "name": "Australian Cockroach",
        "description": "Australian Cockroach",
        "parent": null,
        "lft": 1,
        "rght": 2,
        "tree_id": 112,
        "level": 0
    }
},
{
    "model": "common.target",
    "pk": 130,
    "fields": {
        "name": "Bean Beetle",
        "description": "Bean Beetle",
        "parent": null,
        "lft": 1,
        "rght": 2,
        "tree_id": 113,
        "level": 0
    }
},
{
    "model": "common.target",
    "pk": 131,
    "fields": {
        "name": "American Black Flour Beetle",
        "description": "American Black Flour Beetle",
        "parent": null,
        "lft": 1,
        "rght": 2,
        "tree_id": 114,
        "level": 0
    }
},
{
    "model": "common.target",
    "pk": 132,
    "fields": {
        "name": "Apple Maggot",
        "description": "Apple Maggot",
        "parent": null,
        "lft": 1,
        "rght": 2,
        "tree_id": 115,
        "level": 0
    }
},
{
    "model": "common.target",
    "pk": 133,
    "fields": {
        "name": "Almond Moth",
        "description": "Almond Moth",
        "parent": null,
        "lft": 1,
        "rght": 2,
        "tree_id": 116,
        "level": 0
    }
},
{
    "model": "common.target",
    "pk": 134,
    "fields": {
        "name": "Bat Bug",
        "description": "Bat Bug",
        "parent": null,
        "lft": 1,
        "rght": 2,
        "tree_id": 117,
        "level": 0
    }
},
{
    "model": "common.target",
    "pk": 135,
    "fields": {
        "name": "Bean Weevil",
        "description": "Bean Weevil",
        "parent": null,
        "lft": 1,
        "rght": 2,
        "tree_id": 118,
        "level": 0
    }
},
{
    "model": "common.target",
    "pk": 136,
    "fields": {
        "name": "Adelgid",
        "description": "Adelgid",
        "parent": null,
        "lft": 1,
        "rght": 2,
        "tree_id": 119,
        "level": 0
    }
},
{
    "model": "common.target",
    "pk": 137,
    "fields": {
        "name": "Chiggers (Redbugs)",
        "description": "Chiggers (Redbugs)",
        "parent": null,
        "lft": 1,
        "rght": 2,
        "tree_id": 120,
        "level": 0
    }
},
{
    "model": "common.target",
    "pk": 138,
    "fields": {
        "name": "Cheese Skipper",
        "description": "Cheese Skipper",
        "parent": null,
        "lft": 1,
        "rght": 2,
        "tree_id": 121,
        "level": 0
    }
},
{
    "model": "common.target",
    "pk": 139,
    "fields": {
        "name": "Bushytail Woodrat",
        "description": "Bushytail Woodrat",
        "parent": null,
        "lft": 1,
        "rght": 2,
        "tree_id": 122,
        "level": 0
    }
},
{
    "model": "common.target",
    "pk": 140,
    "fields": {
        "name": "House Fly",
        "description": "House Fly",
        "parent": null,
        "lft": 1,
        "rght": 2,
        "tree_id": 123,
        "level": 0
    }
},
{
    "model": "common.target",
    "pk": 141,
    "fields": {
        "name": "Peromyscu",
        "description": "Peromyscu",
        "parent": null,
        "lft": 1,
        "rght": 2,
        "tree_id": 124,
        "level": 0
    }
},
{
    "model": "common.target",
    "pk": 142,
    "fields": {
        "name": "Larder Beetle",
        "description": "Larder Beetle",
        "parent": null,
        "lft": 1,
        "rght": 2,
        "tree_id": 125,
        "level": 0
    }
},
{
    "model": "common.target",
    "pk": 143,
    "fields": {
        "name": "Rice Moth",
        "description": "Rice Moth",
        "parent": null,
        "lft": 1,
        "rght": 2,
        "tree_id": 126,
        "level": 0
    }
},
{
    "model": "common.target",
    "pk": 144,
    "fields": {
        "name": "Lesser Grain Borer",
        "description": "Lesser Grain Borer",
        "parent": null,
        "lft": 1,
        "rght": 2,
        "tree_id": 127,
        "level": 0
    }
},
{
    "model": "common.target",
    "pk": 145,
    "fields": {
        "name": "Merchant Grain Beetle",
        "description": "Merchant Grain Beetle",
        "parent": null,
        "lft": 1,
        "rght": 2,
        "tree_id": 128,
        "level": 0
    }
},
{
    "model": "common.target",
    "pk": 146,
    "fields": {
        "name": "Dermestid Beetle",
        "description": "Dermestid Beetle",
        "parent": null,
        "lft": 1,
        "rght": 2,
        "tree_id": 129,
        "level": 0
    }
},
{
    "model": "common.target",
    "pk": 147,
    "fields": {
        "name": "Red Flour Beetle",
        "description": "Red Flour Beetle",
        "parent": null,
        "lft": 1,
        "rght": 2,
        "tree_id": 130,
        "level": 0
    }
},
{
    "model": "common.target",
    "pk": 148,
    "fields": {
        "name": "Indian Meal Moth",
        "description": "Indian Meal Moth",
        "parent": null,
        "lft": 1,
        "rght": 2,
        "tree_id": 131,
        "level": 0
    }
},
{
    "model": "common.target",
    "pk": 149,
    "fields": {
        "name": "Sawtoothed Grain Beetle",
        "description": "Sawtoothed Grain Beetle",
        "parent": null,
        "lft": 1,
        "rght": 2,
        "tree_id": 132,
        "level": 0
    }
},
{
    "model": "common.target",
    "pk": 150,
    "fields": {
        "name": "Squirrel",
        "description": "Squirrel",
        "parent": null,
        "lft": 1,
        "rght": 2,
        "tree_id": 133,
        "level": 0
    }
},
{
    "model": "common.target",
    "pk": 151,
    "fields": {
        "name": "Leafhopper",
        "description": "Leafhopper",
        "parent": null,
        "lft": 1,
        "rght": 2,
        "tree_id": 134,
        "level": 0
    }
},
{
    "model": "common.target",
    "pk": 152,
    "fields": {
        "name": "Scale",
        "description": "Scale",
        "parent": null,
        "lft": 1,
        "rght": 2,
        "tree_id": 135,
        "level": 0
    }
},
{
    "model": "common.target",
    "pk": 153,
    "fields": {
        "name": "Spider Mite",
        "description": "Spider Mite",
        "parent": null,
        "lft": 1,
        "rght": 2,
        "tree_id": 136,
        "level": 0
    }
},
{
    "model": "common.target",
    "pk": 154,
    "fields": {
        "name": "Beet Armyworm",
        "description": "Beet Armyworm",
        "parent": null,
        "lft": 1,
        "rght": 2,
        "tree_id": 137,
        "level": 0
    }
},
{
    "model": "common.target",
    "pk": 155,
    "fields": {
        "name": "Thrip",
        "description": "Thrip",
        "parent": null,
        "lft": 1,
        "rght": 2,
        "tree_id": 138,
        "level": 0
    }
},
{
    "model": "common.target",
    "pk": 156,
    "fields": {
        "name": "Whitefly",
        "description": "Whitefly",
        "parent": null,
        "lft": 1,
        "rght": 2,
        "tree_id": 139,
        "level": 0
    }
},
{
    "model": "common.target",
    "pk": 157,
    "fields": {
        "name": "Rabbit",
        "description": "Rabbit",
        "parent": null,
        "lft": 1,
        "rght": 2,
        "tree_id": 140,
        "level": 0
    }
},
{
    "model": "common.target",
    "pk": 158,
    "fields": {
        "name": "Lace Bug",
        "description": "Lace Bug",
        "parent": null,
        "lft": 1,
        "rght": 2,
        "tree_id": 141,
        "level": 0
    }
},
{
    "model": "common.target",
    "pk": 159,
    "fields": {
        "name": "Black Fly",
        "description": "Black Fly",
        "parent": null,
        "lft": 1,
        "rght": 2,
        "tree_id": 142,
        "level": 0
    }
},
{
    "model": "common.target",
    "pk": 160,
    "fields": {
        "name": "Black Fungus Beetle",
        "description": "Black Fungus Beetle",
        "parent": null,
        "lft": 1,
        "rght": 2,
        "tree_id": 143,
        "level": 0
    }
},
{
    "model": "common.target",
    "pk": 161,
    "fields": {
        "name": "Bottlefly",
        "description": "Bottlefly",
        "parent": null,
        "lft": 1,
        "rght": 2,
        "tree_id": 144,
        "level": 0
    }
},
{
    "model": "common.target",
    "pk": 162,
    "fields": {
        "name": "Blow Fly",
        "description": "Blow Fly",
        "parent": null,
        "lft": 1,
        "rght": 2,
        "tree_id": 145,
        "level": 0
    }
},
{
    "model": "common.target",
    "pk": 163,
    "fields": {
        "name": "False Honey Ant",
        "description": "False Honey Ant",
        "parent": null,
        "lft": 1,
        "rght": 2,
        "tree_id": 146,
        "level": 0
    }
},
{
    "model": "common.target",
    "pk": 164,
    "fields": {
        "name": "Firebrat",
        "description": "Firebrat",
        "parent": null,
        "lft": 1,
        "rght": 2,
        "tree_id": 147,
        "level": 0
    }
},
{
    "model": "common.target",
    "pk": 165,
    "fields": {
        "name": "Florida Carpenter Ant",
        "description": "Florida Carpenter Ant",
        "parent": null,
        "lft": 1,
        "rght": 2,
        "tree_id": 148,
        "level": 0
    }
},
{
    "model": "common.target",
    "pk": 166,
    "fields": {
        "name": "Red Imported Fire Ant",
        "description": "Red Imported Fire Ant",
        "parent": null,
        "lft": 1,
        "rght": 2,
        "tree_id": 149,
        "level": 0
    }
},
{
    "model": "common.target",
    "pk": 167,
    "fields": {
        "name": "Black Carpenter Ant",
        "description": "Black Carpenter Ant",
        "parent": null,
        "lft": 1,
        "rght": 2,
        "tree_id": 150,
        "level": 0
    }
},
{
    "model": "common.target",
    "pk": 168,
    "fields": {
        "name": "Cigarette Beetle (Adult)",
        "description": "Cigarette Beetle (Adult)",
        "parent": null,
        "lft": 1,
        "rght": 2,
        "tree_id": 151,
        "level": 0
    }
},
{
    "model": "common.target",
    "pk": 169,
    "fields": {
        "name": "Granary Weevil (Adult)",
        "description": "Granary Weevil (Adult)",
        "parent": null,
        "lft": 1,
        "rght": 2,
        "tree_id": 152,
        "level": 0
    }
},
{
    "model": "common.target",
    "pk": 170,
    "fields": {
        "name": "Flatheaded Grain Beetle (Adult)",
        "description": "Flatheaded Grain Beetle (Adult)",
        "parent": null,
        "lft": 1,
        "rght": 2,
        "tree_id": 153,
        "level": 0
    }
},
{
    "model": "common.target",
    "pk": 171,
    "fields": {
        "name": "Lesser Mealworm",
        "description": "Lesser Mealworm",
        "parent": null,
        "lft": 1,
        "rght": 2,
        "tree_id": 154,
        "level": 0
    }
},
{
    "model": "common.target",
    "pk": 172,
    "fields": {
        "name": "Drugstore Beetle (Adult)",
        "description": "Drugstore Beetle (Adult)",
        "parent": null,
        "lft": 1,
        "rght": 2,
        "tree_id": 155,
        "level": 0
    }
},
{
    "model": "common.target",
    "pk": 173,
    "fields": {
        "name": "Cadelle Bettle",
        "description": "Cadelle Bettle",
        "parent": null,
        "lft": 1,
        "rght": 2,
        "tree_id": 156,
        "level": 0
    }
},
{
    "model": "common.target",
    "pk": 174,
    "fields": {
        "name": "Flat Grain Beetle",
        "description": "Flat Grain Beetle",
        "parent": null,
        "lft": 1,
        "rght": 2,
        "tree_id": 157,
        "level": 0
    }
},
{
    "model": "common.target",
    "pk": 175,
    "fields": {
        "name": "Lesser Grain Borer (Adult)",
        "description": "Lesser Grain Borer (Adult)",
        "parent": null,
        "lft": 1,
        "rght": 2,
        "tree_id": 158,
        "level": 0
    }
},
{
    "model": "common.target",
    "pk": 176,
    "fields": {
        "name": "Mealworms (Adult)",
        "description": "Mealworms (Adult)",
        "parent": null,
        "lft": 1,
        "rght": 2,
        "tree_id": 159,
        "level": 0
    }
},
{
    "model": "common.target",
    "pk": 177,
    "fields": {
        "name": "Confused Flour Beetle (Adult)",
        "description": "Confused Flour Beetle (Adult)",
        "parent": null,
        "lft": 1,
        "rght": 2,
        "tree_id": 160,
        "level": 0
    }
},
{
    "model": "common.target",
    "pk": 178,
    "fields": {
        "name": "Cadelle (Adult)",
        "description": "Cadelle (Adult)",
        "parent": null,
        "lft": 1,
        "rght": 2,
        "tree_id": 161,
        "level": 0
    }
},
{
    "model": "common.target",
    "pk": 179,
    "fields": {
        "name": "Red Flour Beetle (Adult)",
        "description": "Red Flour Beetle (Adult)",
        "parent": null,
        "lft": 1,
        "rght": 2,
        "tree_id": 162,
        "level": 0
    }
},
{
    "model": "common.target",
    "pk": 180,
    "fields": {
        "name": "American Roach",
        "description": "American Roach",
        "parent": null,
        "lft": 1,
        "rght": 2,
        "tree_id": 163,
        "level": 0
    }
},
{
    "model": "common.target",
    "pk": 181,
    "fields": {
        "name": "Black Ant",
        "description": "Black Ant",
        "parent": null,
        "lft": 1,
        "rght": 2,
        "tree_id": 164,
        "level": 0
    }
},
{
    "model": "common.target",
    "pk": 182,
    "fields": {
        "name": "European Earwig",
        "description": "European Earwig",
        "parent": null,
        "lft": 1,
        "rght": 2,
        "tree_id": 165,
        "level": 0
    }
},
{
    "model": "common.target",
    "pk": 183,
    "fields": {
        "name": "Earwig",
        "description": "Earwig",
        "parent": null,
        "lft": 1,
        "rght": 2,
        "tree_id": 166,
        "level": 0
    }
},
{
    "model": "common.target",
    "pk": 184,
    "fields": {
        "name": "Field Cricket",
        "description": "Field Cricket",
        "parent": null,
        "lft": 1,
        "rght": 2,
        "tree_id": 167,
        "level": 0
    }
},
{
    "model": "common.target",
    "pk": 185,
    "fields": {
        "name": "House Cricket",
        "description": "House Cricket",
        "parent": null,
        "lft": 1,
        "rght": 2,
        "tree_id": 168,
        "level": 0
    }
},
{
    "model": "common.target",
    "pk": 186,
    "fields": {
        "name": "Granary Weevil",
        "description": "Granary Weevil",
        "parent": null,
        "lft": 1,
        "rght": 2,
        "tree_id": 169,
        "level": 0
    }
},
{
    "model": "common.target",
    "pk": 187,
    "fields": {
        "name": "Flour Beetle",
        "description": "Flour Beetle",
        "parent": null,
        "lft": 1,
        "rght": 2,
        "tree_id": 170,
        "level": 0
    }
},
{
    "model": "common.target",
    "pk": 188,
    "fields": {
        "name": "Gnat",
        "description": "Gnat",
        "parent": null,
        "lft": 1,
        "rght": 2,
        "tree_id": 171,
        "level": 0
    }
},
{
    "model": "common.target",
    "pk": 189,
    "fields": {
        "name": "Clothes Moths (Larvae)",
        "description": "Clothes Moths (Larvae)",
        "parent": null,
        "lft": 1,
        "rght": 2,
        "tree_id": 172,
        "level": 0
    }
},
{
    "model": "common.target",
    "pk": 190,
    "fields": {
        "name": "Biting Fly",
        "description": "Biting Fly",
        "parent": null,
        "lft": 1,
        "rght": 2,
        "tree_id": 173,
        "level": 0
    }
},
{
    "model": "common.target",
    "pk": 191,
    "fields": {
        "name": "Ants (Larvae)",
        "description": "Ants (Larvae)",
        "parent": null,
        "lft": 1,
        "rght": 2,
        "tree_id": 174,
        "level": 0
    }
},
{
    "model": "common.target",
    "pk": 192,
    "fields": {
        "name": "Black Turfgrass Ataeniu",
        "description": "Black Turfgrass Ataeniu",
        "parent": null,
        "lft": 1,
        "rght": 2,
        "tree_id": 175,
        "level": 0
    }
},
{
    "model": "common.target",
    "pk": 193,
    "fields": {
        "name": "Aster Leafhopper",
        "description": "Aster Leafhopper",
        "parent": null,
        "lft": 1,
        "rght": 2,
        "tree_id": 176,
        "level": 0
    }
},
{
    "model": "common.target",
    "pk": 194,
    "fields": {
        "name": "Black Cutworm",
        "description": "Black Cutworm",
        "parent": null,
        "lft": 1,
        "rght": 2,
        "tree_id": 177,
        "level": 0
    }
},
{
    "model": "common.target",
    "pk": 195,
    "fields": {
        "name": "Alfalfa Looper",
        "description": "Alfalfa Looper",
        "parent": null,
        "lft": 1,
        "rght": 2,
        "tree_id": 178,
        "level": 0
    }
},
{
    "model": "common.target",
    "pk": 196,
    "fields": {
        "name": "Black Vine Weevil (Adult)",
        "description": "Black Vine Weevil (Adult)",
        "parent": null,
        "lft": 1,
        "rght": 2,
        "tree_id": 179,
        "level": 0
    }
},
{
    "model": "common.target",
    "pk": 197,
    "fields": {
        "name": "Black Grass Bug",
        "description": "Black Grass Bug",
        "parent": null,
        "lft": 1,
        "rght": 2,
        "tree_id": 180,
        "level": 0
    }
},
{
    "model": "common.target",
    "pk": 198,
    "fields": {
        "name": "Black Bean Aphid",
        "description": "Black Bean Aphid",
        "parent": null,
        "lft": 1,
        "rght": 2,
        "tree_id": 181,
        "level": 0
    }
},
{
    "model": "common.target",
    "pk": 199,
    "fields": {
        "name": "Bean Leafroller",
        "description": "Bean Leafroller",
        "parent": null,
        "lft": 1,
        "rght": 2,
        "tree_id": 182,
        "level": 0
    }
},
{
    "model": "common.target",
    "pk": 200,
    "fields": {
        "name": "Birch Leafminer",
        "description": "Birch Leafminer",
        "parent": null,
        "lft": 1,
        "rght": 2,
        "tree_id": 183,
        "level": 0
    }
},
{
    "model": "common.target",
    "pk": 201,
    "fields": {
        "name": "Pillbug",
        "description": "Pillbug",
        "parent": null,
        "lft": 1,
        "rght": 2,
        "tree_id": 184,
        "level": 0
    }
},
{
    "model": "common.target",
    "pk": 202,
    "fields": {
        "name": "Trogoderma Beetle",
        "description": "Trogoderma Beetle",
        "parent": null,
        "lft": 1,
        "rght": 2,
        "tree_id": 185,
        "level": 0
    }
},
{
    "model": "common.target",
    "pk": 203,
    "fields": {
        "name": "Sowbug",
        "description": "Sowbug",
        "parent": null,
        "lft": 1,
        "rght": 2,
        "tree_id": 186,
        "level": 0
    }
},
{
    "model": "common.target",
    "pk": 204,
    "fields": {
        "name": "Chocolate Moth (Adult)",
        "description": "Chocolate Moth (Adult)",
        "parent": null,
        "lft": 1,
        "rght": 2,
        "tree_id": 187,
        "level": 0
    }
},
{
    "model": "common.target",
    "pk": 205,
    "fields": {
        "name": "Angoumois Grain Moth (Larvae)",
        "description": "Angoumois Grain Moth (Larvae)",
        "parent": null,
        "lft": 1,
        "rght": 2,
        "tree_id": 188,
        "level": 0
    }
},
{
    "model": "common.target",
    "pk": 206,
    "fields": {
        "name": "Angoumois Grain Moth (Adult)",
        "description": "Angoumois Grain Moth (Adult)",
        "parent": null,
        "lft": 1,
        "rght": 2,
        "tree_id": 189,
        "level": 0
    }
},
{
    "model": "common.target",
    "pk": 207,
    "fields": {
        "name": "Carpet Beetle (Adult)",
        "description": "Carpet Beetle (Adult)",
        "parent": null,
        "lft": 1,
        "rght": 2,
        "tree_id": 190,
        "level": 0
    }
},
{
    "model": "common.target",
    "pk": 208,
    "fields": {
        "name": "Carpet Beetle (Larvae)",
        "description": "Carpet Beetle (Larvae)",
        "parent": null,
        "lft": 1,
        "rght": 2,
        "tree_id": 191,
        "level": 0
    }
},
{
    "model": "common.target",
    "pk": 209,
    "fields": {
        "name": "Chocolate Moth (Larvae)",
        "description": "Chocolate Moth (Larvae)",
        "parent": null,
        "lft": 1,
        "rght": 2,
        "tree_id": 192,
        "level": 0
    }
},
{
    "model": "common.target",
    "pk": 210,
    "fields": {
        "name": "Rice Weevil",
        "description": "Rice Weevil",
        "parent": null,
        "lft": 1,
        "rght": 2,
        "tree_id": 193,
        "level": 0
    }
},
{
    "model": "common.target",
    "pk": 211,
    "fields": {
        "name": "Spider",
        "description": "Spider",
        "parent": null,
        "lft": 1,
        "rght": 2,
        "tree_id": 194,
        "level": 0
    }
},
{
    "model": "common.target",
    "pk": 212,
    "fields": {
        "name": "Darkling Beetle (Larvae)",
        "description": "Darkling Beetle (Larvae)",
        "parent": null,
        "lft": 1,
        "rght": 2,
        "tree_id": 195,
        "level": 0
    }
},
{
    "model": "common.target",
    "pk": 213,
    "fields": {
        "name": "Fleas (Eggs)",
        "description": "Fleas (Eggs)",
        "parent": null,
        "lft": 1,
        "rght": 2,
        "tree_id": 196,
        "level": 0
    }
},
{
    "model": "common.target",
    "pk": 214,
    "fields": {
        "name": "Fleas (Larvae)",
        "description": "Fleas (Larvae)",
        "parent": null,
        "lft": 1,
        "rght": 2,
        "tree_id": 197,
        "level": 0
    }
},
{
    "model": "common.target",
    "pk": 215,
    "fields": {
        "name": "Wharfborer",
        "description": "Wharfborer",
        "parent": null,
        "lft": 1,
        "rght": 2,
        "tree_id": 198,
        "level": 0
    }
},
{
    "model": "common.target",
    "pk": 216,
    "fields": {
        "name": "Bark Beetle",
        "description": "Bark Beetle",
        "parent": null,
        "lft": 1,
        "rght": 2,
        "tree_id": 199,
        "level": 0
    }
},
{
    "model": "common.target",
    "pk": 217,
    "fields": {
        "name": "Wood Destroying Insect",
        "description": "Wood Destroying Insect",
        "parent": null,
        "lft": 1,
        "rght": 2,
        "tree_id": 200,
        "level": 0
    }
},
{
    "model": "common.target",
    "pk": 218,
    "fields": {
        "name": "Wood Boring Insect",
        "description": "Wood Boring Insect",
        "parent": null,
        "lft": 1,
        "rght": 2,
        "tree_id": 201,
        "level": 0
    }
},
{
    "model": "common.target",
    "pk": 219,
    "fields": {
        "name": "Flour Beetles (Larvae)",
        "description": "Flour Beetles (Larvae)",
        "parent": null,
        "lft": 1,
        "rght": 2,
        "tree_id": 202,
        "level": 0
    }
},
{
    "model": "common.target",
    "pk": 220,
    "fields": {
        "name": "Codling Moth",
        "description": "Codling Moth",
        "parent": null,
        "lft": 1,
        "rght": 2,
        "tree_id": 203,
        "level": 0
    }
},
{
    "model": "common.target",
    "pk": 221,
    "fields": {
        "name": "Codling Moth (Adult)",
        "description": "Codling Moth (Adult)",
        "parent": null,
        "lft": 1,
        "rght": 2,
        "tree_id": 204,
        "level": 0
    }
},
{
    "model": "common.target",
    "pk": 222,
    "fields": {
        "name": "Flour Beetles (Adult)",
        "description": "Flour Beetles (Adult)",
        "parent": null,
        "lft": 1,
        "rght": 2,
        "tree_id": 205,
        "level": 0
    }
},
{
    "model": "common.target",
    "pk": 223,
    "fields": {
        "name": "Granary Weevil (Larvae)",
        "description": "Granary Weevil (Larvae)",
        "parent": null,
        "lft": 1,
        "rght": 2,
        "tree_id": 206,
        "level": 0
    }
},
{
    "model": "common.target",
    "pk": 224,
    "fields": {
        "name": "Codling Moth (Eggs)",
        "description": "Codling Moth (Eggs)",
        "parent": null,
        "lft": 1,
        "rght": 2,
        "tree_id": 207,
        "level": 0
    }
},
{
    "model": "common.target",
    "pk": 225,
    "fields": {
        "name": "Indian Meal Moth (Adult)",
        "description": "Indian Meal Moth (Adult)",
        "parent": null,
        "lft": 1,
        "rght": 2,
        "tree_id": 208,
        "level": 0
    }
},
{
    "model": "common.target",
    "pk": 226,
    "fields": {
        "name": "Indian Meal Moth (Larvae)",
        "description": "Indian Meal Moth (Larvae)",
        "parent": null,
        "lft": 1,
        "rght": 2,
        "tree_id": 209,
        "level": 0
    }
},
{
    "model": "common.target",
    "pk": 227,
    "fields": {
        "name": "Codling Moth (Larvae)",
        "description": "Codling Moth (Larvae)",
        "parent": null,
        "lft": 1,
        "rght": 2,
        "tree_id": 210,
        "level": 0
    }
},
{
    "model": "common.target",
    "pk": 228,
    "fields": {
        "name": "Bloodsucking Lice",
        "description": "Bloodsucking Lice",
        "parent": null,
        "lft": 1,
        "rght": 2,
        "tree_id": 211,
        "level": 0
    }
},
{
    "model": "common.target",
    "pk": 229,
    "fields": {
        "name": "Bird Mite",
        "description": "Bird Mite",
        "parent": null,
        "lft": 1,
        "rght": 2,
        "tree_id": 212,
        "level": 0
    }
},
{
    "model": "common.target",
    "pk": 230,
    "fields": {
        "name": "Animal Pathogenic Bacteria (G- And G+ Vegetative)",
        "description": "Animal Pathogenic Bacteria (G- And G+ Vegetative)",
        "parent": null,
        "lft": 1,
        "rght": 2,
        "tree_id": 213,
        "level": 0
    }
},
{
    "model": "common.target",
    "pk": 231,
    "fields": {
        "name": "Mold/Mildew",
        "description": "Mold/Mildew",
        "parent": null,
        "lft": 1,
        "rght": 2,
        "tree_id": 214,
        "level": 0
    }
},
{
    "model": "common.target",
    "pk": 232,
    "fields": {
        "name": "Herpes Simplex Virus Ii",
        "description": "Herpes Simplex Virus Ii",
        "parent": null,
        "lft": 1,
        "rght": 2,
        "tree_id": 215,
        "level": 0
    }
},
{
    "model": "common.target",
    "pk": 233,
    "fields": {
        "name": "Animal Pathogenic Fungi",
        "description": "Animal Pathogenic Fungi",
        "parent": null,
        "lft": 1,
        "rght": 2,
        "tree_id": 216,
        "level": 0
    }
},
{
    "model": "common.target",
    "pk": 234,
    "fields": {
        "name": "Mite",
        "description": "Mite",
        "parent": null,
        "lft": 1,
        "rght": 2,
        "tree_id": 217,
        "level": 0
    }
},
{
    "model": "common.target",
    "pk": 235,
    "fields": {
        "name": "Bug",
        "description": "Bug",
        "parent": null,
        "lft": 1,
        "rght": 2,
        "tree_id": 218,
        "level": 0
    }
},
{
    "model": "common.target",
    "pk": 236,
    "fields": {
        "name": "Black Flour Beetle",
        "description": "Black Flour Beetle",
        "parent": null,
        "lft": 1,
        "rght": 2,
        "tree_id": 219,
        "level": 0
    }
},
{
    "model": "common.target",
    "pk": 237,
    "fields": {
        "name": "Yellowjacket",
        "description": "Yellowjacket",
        "parent": null,
        "lft": 1,
        "rght": 2,
        "tree_id": 220,
        "level": 0
    }
},
{
    "model": "common.target",
    "pk": 238,
    "fields": {
        "name": "Hornet",
        "description": "Hornet",
        "parent": null,
        "lft": 1,
        "rght": 2,
        "tree_id": 221,
        "level": 0
    }
},
{
    "model": "common.target",
    "pk": 239,
    "fields": {
        "name": "Midges (Larvae)",
        "description": "Midges (Larvae)",
        "parent": null,
        "lft": 1,
        "rght": 2,
        "tree_id": 222,
        "level": 0
    }
},
{
    "model": "common.unitcategory",
    "pk": 1,
    "fields": {
        "name": "Length",
        "description": "The measurement of distance between two points. Common units include meters, feet, and inches."
    }
},
{
    "model": "common.unitcategory",
    "pk": 2,
    "fields": {
        "name": "Mass",
        "description": "The amount of matter in an object. Common units include kilograms, pounds, and grams."
    }
},
{
    "model": "common.unitcategory",
    "pk": 3,
    "fields": {
        "name": "Volume",
        "description": "The amount of space occupied by an object or substance. Common units include liters, gallons, and cubic meters."
    }
},
{
    "model": "common.unitcategory",
    "pk": 4,
    "fields": {
        "name": "Time",
        "description": "The duration or interval between two events. Common units include seconds, minutes, and hours."
    }
},
{
    "model": "common.unitcategory",
    "pk": 5,
    "fields": {
        "name": "Temperature",
        "description": "The degree of hotness or coldness of an object or substance. Common units include Celsius, Fahrenheit, and Kelvin."
    }
},
{
    "model": "common.unitcategory",
    "pk": 6,
    "fields": {
        "name": "Energy",
        "description": "The ability to do work or cause a change. Common units include joules, calories, and kilowatt-hours."
    }
},
{
    "model": "common.unitcategory",
    "pk": 7,
    "fields": {
        "name": "Pressure",
        "description": "The force per unit area exerted by a substance. Common units include pascals, atmospheres, and pounds per square inch."
    }
},
{
    "model": "common.unitcategory",
    "pk": 8,
    "fields": {
        "name": "Electric Current",
        "description": "The flow of electric charge in a circuit. Common units include amperes and milliamperes."
    }
},
{
    "model": "common.unitcategory",
    "pk": 9,
    "fields": {
        "name": "Frequency",
        "description": "The number of occurrences of a repeating event per unit time. Common units include hertz and megahertz."
    }
},
{
    "model": "common.unitcategory",
    "pk": 10,
    "fields": {
        "name": "Angle",
        "description": "The measurement of the space between two intersecting lines or planes. Common units include degrees, radians, and gradians."
    }
},
{
    "model": "common.unitcategory",
    "pk": 11,
    "fields": {
        "name": "Unspecified",
        "description": "Unspecified"
    }
},
{
    "model": "common.unit",
    "pk": 1,
    "fields": {
        "name": "Meter",
        "abbreviation": "m",
        "conversion_factor": "1.00000",
        "display_format": null,
        "category": 1,
        "is_metric": true
    }
},
{
    "model": "common.unit",
    "pk": 2,
    "fields": {
        "name": "Centimeter",
        "abbreviation": "cm",
        "conversion_factor": "0.01000",
        "display_format": null,
        "category": 1,
        "is_metric": true
    }
},
{
    "model": "common.unit",
    "pk": 3,
    "fields": {
        "name": "Inch",
        "abbreviation": "in",
        "conversion_factor": "0.02540",
        "display_format": null,
        "category": 1,
        "is_metric": false
    }
},
{
    "model": "common.unit",
    "pk": 4,
    "fields": {
        "name": "Foot",
        "abbreviation": "ft",
        "conversion_factor": "0.30480",
        "display_format": null,
        "category": 1,
        "is_metric": false
    }
},
{
    "model": "common.unit",
    "pk": 5,
    "fields": {
        "name": "Milligram",
        "abbreviation": "mg",
        "conversion_factor": "0.00000",
        "display_format": null,
        "category": 2,
        "is_metric": true
    }
},
{
    "model": "common.unit",
    "pk": 6,
    "fields": {
        "name": "Gram",
        "abbreviation": "g",
        "conversion_factor": "0.00100",
        "display_format": null,
        "category": 2,
        "is_metric": true
    }
},
{
    "model": "common.unit",
    "pk": 7,
    "fields": {
        "name": "Ounce",
        "abbreviation": "oz",
        "conversion_factor": "0.02835",
        "display_format": null,
        "category": 2,
        "is_metric": false
    }
},
{
    "model": "common.unit",
    "pk": 8,
    "fields": {
        "name": "Pound",
        "abbreviation": "lb",
        "conversion_factor": "0.45359",
        "display_format": null,
        "category": 2,
        "is_metric": false
    }
},
{
    "model": "common.unit",
    "pk": 9,
    "fields": {
        "name": "Liter",
        "abbreviation": "L",
        "conversion_factor": "1.00000",
        "display_format": null,
        "category": 3,
        "is_metric": true
    }
},
{
    "model": "common.unit",
    "pk": 10,
    "fields": {
        "name": "Milliliter",
        "abbreviation": "mL",
        "conversion_factor": "0.00100",
        "display_format": null,
        "category": 3,
        "is_metric": true
    }
},
{
    "model": "common.unit",
    "pk": 11,
    "fields": {
        "name": "Unset",
        "abbreviation": "??",
        "conversion_factor": null,
        "display_format": null,
        "category": 11,
        "is_metric": true
    }
},
{
    "model": "customers.customer",
    "pk": 1,
    "fields": {
        "customer_type": "Commercial",
        "first_name": "Marek",
        "last_name": "Schir",
        "company_name": "MMPC",
        "email": "m.schir@mmenviro.net",
        "phone_number": "+19174732493",
        "parent": 2,
        "lft": 2,
        "rght": 3,
        "tree_id": 2,
        "level": 1,
        "service_locations": []
    }
},
{
    "model": "customers.customer",
    "pk": 2,
    "fields": {
        "customer_type": "Commercial",
        "first_name": "Marek",
        "last_name": "Schir",
        "company_name": "MMPC",
        "email": "m.schir@mmenviro.net",
        "phone_number": "+19174732493",
        "parent": null,
        "lft": 1,
        "rght": 4,
        "tree_id": 2,
        "level": 0,
        "service_locations": []
    }
},
{
    "model": "customers.customer",
    "pk": 3,
    "fields": {
        "customer_type": "Residential",
        "first_name": "HanBin",
        "last_name": "Baik",
        "company_name": "",
        "email": "m.schir@mmenviro.net",
        "phone_number": "+19174732493",
        "parent": null,
        "lft": 1,
        "rght": 2,
        "tree_id": 1,
        "level": 0,
        "service_locations": []
    }
},
{
    "model": "customers.servicelocation",
    "pk": 4,
    "fields": {
        "address_ptr": 4,
        "customer": 2,
        "is_active": true,
        "is_primary": true,
        "contacts": []
    }
},
{
    "model": "customers.servicelocation",
    "pk": 5,
    "fields": {
        "address_ptr": 5,
        "customer": 1,
        "is_active": true,
        "is_primary": true,
        "contacts": []
    }
},
{
    "model": "customers.billinglocation",
    "pk": 6,
    "fields": {
        "address_ptr": 6,
        "customer": 3,
        "contacts": []
    }
},
{
    "model": "customers.billinglocation",
    "pk": 2,
    "fields": {
        "address_ptr": 2,
        "customer": 1,
        "contacts": []
    }
},
{
    "model": "customers.billinglocation",
    "pk": 3,
    "fields": {
        "address_ptr": 3,
        "customer": 2,
        "contacts": []
    }
},
{
    "model": "customers.customercontact",
    "pk": 1,
    "fields": {
        "customer": 1,
        "contact": 1
    }
},
{
    "model": "users.historicaluser",
    "pk": 1,
    "fields": {
        "id": 1,
        "password": "pbkdf2_sha256$320000$JKn6k256FfJq96TJic8RkV$RTj/Tfy1zIcvXCB4FmDYbndE8FXWrd0gEc2DKLFYEb8=",
        "last_login": null,
        "is_superuser": true,
        "username": "mareks",
        "first_name": "",
        "last_name": "",
        "email": "schir2@gmail.com",
        "is_staff": true,
        "is_active": true,
        "date_joined": "2023-03-08T15:38:37.275Z",
        "history_date": "2023-03-08T15:38:37.373Z",
        "history_change_reason": null,
        "history_type": "+",
        "history_user": null
    }
},
{
    "model": "users.historicaluser",
    "pk": 2,
    "fields": {
        "id": 1,
        "password": "pbkdf2_sha256$320000$JKn6k256FfJq96TJic8RkV$RTj/Tfy1zIcvXCB4FmDYbndE8FXWrd0gEc2DKLFYEb8=",
        "last_login": "2023-03-08T15:38:42.231Z",
        "is_superuser": true,
        "username": "mareks",
        "first_name": "",
        "last_name": "",
        "email": "schir2@gmail.com",
        "is_staff": true,
        "is_active": true,
        "date_joined": "2023-03-08T15:38:37.275Z",
        "history_date": "2023-03-08T15:38:42.236Z",
        "history_change_reason": null,
        "history_type": "~",
        "history_user": null
    }
},
{
    "model": "users.historicaluser",
    "pk": 3,
    "fields": {
        "id": 1,
        "password": "pbkdf2_sha256$320000$JKn6k256FfJq96TJic8RkV$RTj/Tfy1zIcvXCB4FmDYbndE8FXWrd0gEc2DKLFYEb8=",
        "last_login": "2023-03-09T01:03:19.391Z",
        "is_superuser": true,
        "username": "mareks",
        "first_name": "",
        "last_name": "",
        "email": "schir2@gmail.com",
        "is_staff": true,
        "is_active": true,
        "date_joined": "2023-03-08T15:38:37.275Z",
        "history_date": "2023-03-09T01:03:19.394Z",
        "history_change_reason": null,
        "history_type": "~",
        "history_user": null
    }
},
{
    "model": "users.historicaluser",
    "pk": 4,
    "fields": {
        "id": 1,
        "password": "pbkdf2_sha256$390000$FXC9mVNJ5J5XKZxlEmUZG8$rWMXiSUKBZptToU3Tt4Qwz5tICO96bot5npceyIvvQ4=",
        "last_login": "2023-03-09T01:03:19.391Z",
        "is_superuser": true,
        "username": "mareks",
        "first_name": "",
        "last_name": "",
        "email": "schir2@gmail.com",
        "is_staff": true,
        "is_active": true,
        "date_joined": "2023-03-08T15:38:37.275Z",
        "history_date": "2023-03-09T17:39:53.326Z",
        "history_change_reason": null,
        "history_type": "~",
        "history_user": null
    }
},
{
    "model": "users.historicaluser",
    "pk": 5,
    "fields": {
        "id": 1,
        "password": "pbkdf2_sha256$390000$FXC9mVNJ5J5XKZxlEmUZG8$rWMXiSUKBZptToU3Tt4Qwz5tICO96bot5npceyIvvQ4=",
        "last_login": "2023-03-09T17:39:53.343Z",
        "is_superuser": true,
        "username": "mareks",
        "first_name": "",
        "last_name": "",
        "email": "schir2@gmail.com",
        "is_staff": true,
        "is_active": true,
        "date_joined": "2023-03-08T15:38:37.275Z",
        "history_date": "2023-03-09T17:39:53.348Z",
        "history_change_reason": null,
        "history_type": "~",
        "history_user": null
    }
},
{
    "model": "users.historicaluser",
    "pk": 6,
    "fields": {
        "id": 1,
        "password": "pbkdf2_sha256$390000$FXC9mVNJ5J5XKZxlEmUZG8$rWMXiSUKBZptToU3Tt4Qwz5tICO96bot5npceyIvvQ4=",
        "last_login": "2023-03-09T17:46:31.226Z",
        "is_superuser": true,
        "username": "mareks",
        "first_name": "",
        "last_name": "",
        "email": "schir2@gmail.com",
        "is_staff": true,
        "is_active": true,
        "date_joined": "2023-03-08T15:38:37.275Z",
        "history_date": "2023-03-09T17:46:31.231Z",
        "history_change_reason": null,
        "history_type": "~",
        "history_user": null
    }
},
{
    "model": "users.historicaluser",
    "pk": 7,
    "fields": {
        "id": 1,
        "password": "pbkdf2_sha256$390000$FXC9mVNJ5J5XKZxlEmUZG8$rWMXiSUKBZptToU3Tt4Qwz5tICO96bot5npceyIvvQ4=",
        "last_login": "2023-03-21T18:24:17.956Z",
        "is_superuser": true,
        "username": "mareks",
        "first_name": "",
        "last_name": "",
        "email": "schir2@gmail.com",
        "is_staff": true,
        "is_active": true,
        "date_joined": "2023-03-08T15:38:37.275Z",
        "history_date": "2023-03-21T18:24:17.959Z",
        "history_change_reason": null,
        "history_type": "~",
        "history_user": null
    }
},
{
    "model": "users.historicaluser",
    "pk": 8,
    "fields": {
        "id": 1,
        "password": "pbkdf2_sha256$390000$FXC9mVNJ5J5XKZxlEmUZG8$rWMXiSUKBZptToU3Tt4Qwz5tICO96bot5npceyIvvQ4=",
        "last_login": "2023-03-21T19:09:22.406Z",
        "is_superuser": true,
        "username": "mareks",
        "first_name": "",
        "last_name": "",
        "email": "schir2@gmail.com",
        "is_staff": true,
        "is_active": true,
        "date_joined": "2023-03-08T15:38:37.275Z",
        "history_date": "2023-03-21T19:09:22.408Z",
        "history_change_reason": null,
        "history_type": "~",
        "history_user": null
    }
},
{
    "model": "users.historicaluser",
    "pk": 9,
    "fields": {
        "id": 1,
        "password": "pbkdf2_sha256$390000$FXC9mVNJ5J5XKZxlEmUZG8$rWMXiSUKBZptToU3Tt4Qwz5tICO96bot5npceyIvvQ4=",
        "last_login": "2023-03-29T18:00:14.050Z",
        "is_superuser": true,
        "username": "mareks",
        "first_name": "",
        "last_name": "",
        "email": "schir2@gmail.com",
        "is_staff": true,
        "is_active": true,
        "date_joined": "2023-03-08T15:38:37.275Z",
        "history_date": "2023-03-29T18:00:14.055Z",
        "history_change_reason": null,
        "history_type": "~",
        "history_user": null
    }
},
{
    "model": "users.historicaluser",
    "pk": 10,
    "fields": {
        "id": 1,
        "password": "pbkdf2_sha256$390000$FXC9mVNJ5J5XKZxlEmUZG8$rWMXiSUKBZptToU3Tt4Qwz5tICO96bot5npceyIvvQ4=",
        "last_login": "2023-03-29T18:09:17.439Z",
        "is_superuser": true,
        "username": "mareks",
        "first_name": "",
        "last_name": "",
        "email": "schir2@gmail.com",
        "is_staff": true,
        "is_active": true,
        "date_joined": "2023-03-08T15:38:37.275Z",
        "history_date": "2023-03-29T18:09:17.446Z",
        "history_change_reason": null,
        "history_type": "~",
        "history_user": null
    }
},
{
    "model": "users.historicaluser",
    "pk": 11,
    "fields": {
        "id": 1,
        "password": "pbkdf2_sha256$390000$FXC9mVNJ5J5XKZxlEmUZG8$rWMXiSUKBZptToU3Tt4Qwz5tICO96bot5npceyIvvQ4=",
        "last_login": "2023-03-30T11:46:36.714Z",
        "is_superuser": true,
        "username": "mareks",
        "first_name": "",
        "last_name": "",
        "email": "schir2@gmail.com",
        "is_staff": true,
        "is_active": true,
        "date_joined": "2023-03-08T15:38:37.275Z",
        "history_date": "2023-03-30T11:46:36.720Z",
        "history_change_reason": null,
        "history_type": "~",
        "history_user": null
    }
},
{
    "model": "users.historicaluser",
    "pk": 12,
    "fields": {
        "id": 1,
        "password": "pbkdf2_sha256$390000$FXC9mVNJ5J5XKZxlEmUZG8$rWMXiSUKBZptToU3Tt4Qwz5tICO96bot5npceyIvvQ4=",
        "last_login": "2023-04-03T15:52:19.243Z",
        "is_superuser": true,
        "username": "mareks",
        "first_name": "",
        "last_name": "",
        "email": "schir2@gmail.com",
        "is_staff": true,
        "is_active": true,
        "date_joined": "2023-03-08T15:38:37.275Z",
        "history_date": "2023-04-03T15:52:19.247Z",
        "history_change_reason": null,
        "history_type": "~",
        "history_user": null
    }
},
{
    "model": "users.historicaluser",
    "pk": 13,
    "fields": {
        "id": 1,
        "password": "pbkdf2_sha256$390000$FXC9mVNJ5J5XKZxlEmUZG8$rWMXiSUKBZptToU3Tt4Qwz5tICO96bot5npceyIvvQ4=",
        "last_login": "2023-04-03T16:01:57.120Z",
        "is_superuser": true,
        "username": "mareks",
        "first_name": "",
        "last_name": "",
        "email": "schir2@gmail.com",
        "is_staff": true,
        "is_active": true,
        "date_joined": "2023-03-08T15:38:37.275Z",
        "history_date": "2023-04-03T16:01:57.124Z",
        "history_change_reason": null,
        "history_type": "~",
        "history_user": null
    }
},
{
    "model": "users.historicaluser",
    "pk": 14,
    "fields": {
        "id": 1,
        "password": "pbkdf2_sha256$390000$FXC9mVNJ5J5XKZxlEmUZG8$rWMXiSUKBZptToU3Tt4Qwz5tICO96bot5npceyIvvQ4=",
        "last_login": "2023-04-03T16:25:59.149Z",
        "is_superuser": true,
        "username": "mareks",
        "first_name": "",
        "last_name": "",
        "email": "schir2@gmail.com",
        "is_staff": true,
        "is_active": true,
        "date_joined": "2023-03-08T15:38:37.275Z",
        "history_date": "2023-04-03T16:25:59.152Z",
        "history_change_reason": null,
        "history_type": "~",
        "history_user": null
    }
},
{
    "model": "users.historicaluser",
    "pk": 15,
    "fields": {
        "id": 1,
        "password": "pbkdf2_sha256$390000$FXC9mVNJ5J5XKZxlEmUZG8$rWMXiSUKBZptToU3Tt4Qwz5tICO96bot5npceyIvvQ4=",
        "last_login": "2023-04-04T12:24:11.520Z",
        "is_superuser": true,
        "username": "mareks",
        "first_name": "",
        "last_name": "",
        "email": "schir2@gmail.com",
        "is_staff": true,
        "is_active": true,
        "date_joined": "2023-03-08T15:38:37.275Z",
        "history_date": "2023-04-04T12:24:11.524Z",
        "history_change_reason": null,
        "history_type": "~",
        "history_user": null
    }
},
{
    "model": "admin.logentry",
    "pk": 1,
    "fields": {
        "action_time": "2023-03-08T15:41:43.390Z",
        "user": [
            "mareks"
        ],
        "content_type": [
            "inventory",
            "vendor"
        ],
        "object_id": "1",
        "object_repr": "Pesticide",
        "action_flag": 1,
        "change_message": "[{\"added\": {}}]"
    }
},
{
    "model": "admin.logentry",
    "pk": 2,
    "fields": {
        "action_time": "2023-03-08T15:45:24.249Z",
        "user": [
            "mareks"
        ],
        "content_type": [
            "inventory",
            "brand"
        ],
        "object_id": "1",
        "object_repr": "Field object (1)",
        "action_flag": 1,
        "change_message": "[{\"added\": {}}]"
    }
},
{
    "model": "admin.logentry",
    "pk": 3,
    "fields": {
        "action_time": "2023-03-08T16:09:25.766Z",
        "user": [
            "mareks"
        ],
        "content_type": [
            "inventory",
            "brand"
        ],
        "object_id": "2",
        "object_repr": "EPA Registration Number | Pesticide",
        "action_flag": 1,
        "change_message": "[{\"added\": {}}]"
    }
},
{
    "model": "admin.logentry",
    "pk": 4,
    "fields": {
        "action_time": "2023-03-08T16:09:54.658Z",
        "user": [
            "mareks"
        ],
        "content_type": [
            "inventory",
            "brand"
        ],
        "object_id": "1",
        "object_repr": "EPA Registration Number | Pesticide",
        "action_flag": 3,
        "change_message": ""
    }
},
{
    "model": "admin.logentry",
    "pk": 5,
    "fields": {
        "action_time": "2023-03-08T16:20:37.514Z",
        "user": [
            "mareks"
        ],
        "content_type": [
            "inventory",
            "stocklocation"
        ],
        "object_id": "1",
        "object_repr": "MaxForce",
        "action_flag": 1,
        "change_message": "[{\"added\": {}}]"
    }
},
{
    "model": "admin.logentry",
    "pk": 6,
    "fields": {
        "action_time": "2023-03-08T16:24:30.723Z",
        "user": [
            "mareks"
        ],
        "content_type": [
            "inventory",
            "brand"
        ],
        "object_id": "3",
        "object_repr": "Active Ingredients | Pesticide",
        "action_flag": 1,
        "change_message": "[{\"added\": {}}]"
    }
},
{
    "model": "admin.logentry",
    "pk": 7,
    "fields": {
        "action_time": "2023-03-08T16:27:54.984Z",
        "user": [
            "mareks"
        ],
        "content_type": [
            "inventory",
            "brand"
        ],
        "object_id": "3",
        "object_repr": "Active Ingredients | Pesticide",
        "action_flag": 2,
        "change_message": "[{\"changed\": {\"fields\": [\"Validation type\", \"Validation value\"]}}]"
    }
},
{
    "model": "admin.logentry",
    "pk": 8,
    "fields": {
        "action_time": "2023-03-08T16:30:51.663Z",
        "user": [
            "mareks"
        ],
        "content_type": [
            "inventory",
            "brand"
        ],
        "object_id": "2",
        "object_repr": "EPA Registration Number | Pesticide",
        "action_flag": 2,
        "change_message": "[{\"changed\": {\"fields\": [\"Validation value\"]}}]"
    }
},
{
    "model": "admin.logentry",
    "pk": 9,
    "fields": {
        "action_time": "2023-03-08T16:39:15.528Z",
        "user": [
            "mareks"
        ],
        "content_type": [
            "inventory",
            "brand"
        ],
        "object_id": "3",
        "object_repr": "Active Ingredients | Pesticide",
        "action_flag": 2,
        "change_message": "[{\"changed\": {\"fields\": [\"Validation value\"]}}]"
    }
},
{
    "model": "admin.logentry",
    "pk": 10,
    "fields": {
        "action_time": "2023-03-08T22:10:22.678Z",
        "user": [
            "mareks"
        ],
        "content_type": [
            "inventory",
            "materialclass"
        ],
        "object_id": "1",
        "object_repr": "DoMyOwn",
        "action_flag": 1,
        "change_message": "[{\"added\": {}}]"
    }
},
{
    "model": "admin.logentry",
    "pk": 11,
    "fields": {
        "action_time": "2023-03-08T22:10:29.654Z",
        "user": [
            "mareks"
        ],
        "content_type": [
            "inventory",
            "material"
        ],
        "object_id": "1",
        "object_repr": "Unit object (1)",
        "action_flag": 1,
        "change_message": "[{\"added\": {}}]"
    }
},
{
    "model": "admin.logentry",
    "pk": 12,
    "fields": {
        "action_time": "2023-03-08T22:10:48.573Z",
        "user": [
            "mareks"
        ],
        "content_type": [
            "inventory",
            "material"
        ],
        "object_id": "2",
        "object_repr": "Unit object (2)",
        "action_flag": 1,
        "change_message": "[{\"added\": {}}]"
    }
},
{
    "model": "admin.logentry",
    "pk": 13,
    "fields": {
        "action_time": "2023-03-08T22:11:17.884Z",
        "user": [
            "mareks"
        ],
        "content_type": [
            "inventory",
            "vendormaterial"
        ],
        "object_id": "1",
        "object_repr": "This Is Useless",
        "action_flag": 1,
        "change_message": "[{\"added\": {}}]"
    }
},
{
    "model": "admin.logentry",
    "pk": 14,
    "fields": {
        "action_time": "2023-03-08T22:12:47.689Z",
        "user": [
            "mareks"
        ],
        "content_type": [
            "inventory",
            "unit"
        ],
        "object_id": "1",
        "object_repr": "Maxforce FC Ant Bait Station | MaxForce",
        "action_flag": 1,
        "change_message": "[{\"added\": {}}, {\"added\": {\"name\": \"material field\", \"object\": \"EPA Registration Number: 432-1256\"}}, {\"added\": {\"name\": \"material field\", \"object\": \"Active Ingredients: Fipronil 0.01%\"}}]"
    }
},
{
    "model": "admin.logentry",
    "pk": 15,
    "fields": {
        "action_time": "2023-03-08T22:19:10.750Z",
        "user": [
            "mareks"
        ],
        "content_type": [
            "common",
            "contactphonenumber"
        ],
        "object_id": "1",
        "object_repr": "Target object (1)",
        "action_flag": 1,
        "change_message": "[{\"added\": {}}]"
    }
},
{
    "model": "admin.logentry",
    "pk": 16,
    "fields": {
        "action_time": "2023-03-08T22:21:36.790Z",
        "user": [
            "mareks"
        ],
        "content_type": [
            "common",
            "contactphonenumber"
        ],
        "object_id": "2",
        "object_repr": "Target object (2)",
        "action_flag": 1,
        "change_message": "[{\"added\": {}}]"
    }
},
{
    "model": "admin.logentry",
    "pk": 17,
    "fields": {
        "action_time": "2023-03-08T22:23:12.267Z",
        "user": [
            "mareks"
        ],
        "content_type": [
            "common",
            "contactphonenumber"
        ],
        "object_id": "3",
        "object_repr": "Crawling Insect",
        "action_flag": 1,
        "change_message": "[{\"added\": {}}]"
    }
},
{
    "model": "admin.logentry",
    "pk": 18,
    "fields": {
        "action_time": "2023-03-08T22:23:24.956Z",
        "user": [
            "mareks"
        ],
        "content_type": [
            "common",
            "contactphonenumber"
        ],
        "object_id": "3",
        "object_repr": "Crawling Insect",
        "action_flag": 2,
        "change_message": "[{\"changed\": {\"fields\": [\"Description\"]}}]"
    }
},
{
    "model": "admin.logentry",
    "pk": 19,
    "fields": {
        "action_time": "2023-03-08T22:23:41.317Z",
        "user": [
            "mareks"
        ],
        "content_type": [
            "common",
            "contactphonenumber"
        ],
        "object_id": "2",
        "object_repr": "Insect",
        "action_flag": 2,
        "change_message": "[{\"changed\": {\"fields\": [\"Description\"]}}]"
    }
},
{
    "model": "admin.logentry",
    "pk": 20,
    "fields": {
        "action_time": "2023-03-08T22:23:52.907Z",
        "user": [
            "mareks"
        ],
        "content_type": [
            "common",
            "contactphonenumber"
        ],
        "object_id": "1",
        "object_repr": "Pest",
        "action_flag": 2,
        "change_message": "[{\"changed\": {\"fields\": [\"Description\"]}}]"
    }
},
{
    "model": "admin.logentry",
    "pk": 21,
    "fields": {
        "action_time": "2023-03-08T22:24:35.852Z",
        "user": [
            "mareks"
        ],
        "content_type": [
            "common",
            "contactphonenumber"
        ],
        "object_id": "4",
        "object_repr": "Cockroach",
        "action_flag": 1,
        "change_message": "[{\"added\": {}}]"
    }
},
{
    "model": "admin.logentry",
    "pk": 22,
    "fields": {
        "action_time": "2023-03-08T22:26:33.664Z",
        "user": [
            "mareks"
        ],
        "content_type": [
            "common",
            "contactphonenumber"
        ],
        "object_id": "5",
        "object_repr": "German Cockroach",
        "action_flag": 1,
        "change_message": "[{\"added\": {}}]"
    }
},
{
    "model": "admin.logentry",
    "pk": 23,
    "fields": {
        "action_time": "2023-03-08T22:26:54.605Z",
        "user": [
            "mareks"
        ],
        "content_type": [
            "common",
            "contactphonenumber"
        ],
        "object_id": "6",
        "object_repr": "American Cockroach",
        "action_flag": 1,
        "change_message": "[{\"added\": {}}]"
    }
},
{
    "model": "admin.logentry",
    "pk": 24,
    "fields": {
        "action_time": "2023-03-08T22:27:10.606Z",
        "user": [
            "mareks"
        ],
        "content_type": [
            "common",
            "contactphonenumber"
        ],
        "object_id": "7",
        "object_repr": "Oriental Cockroach",
        "action_flag": 1,
        "change_message": "[{\"added\": {}}]"
    }
},
{
    "model": "admin.logentry",
    "pk": 25,
    "fields": {
        "action_time": "2023-03-08T22:31:04.009Z",
        "user": [
            "mareks"
        ],
        "content_type": [
            "common",
            "contactphonenumber"
        ],
        "object_id": "8",
        "object_repr": "Flying Insect",
        "action_flag": 1,
        "change_message": "[{\"added\": {}}]"
    }
},
{
    "model": "admin.logentry",
    "pk": 26,
    "fields": {
        "action_time": "2023-03-08T22:31:34.703Z",
        "user": [
            "mareks"
        ],
        "content_type": [
            "common",
            "contactphonenumber"
        ],
        "object_id": "4",
        "object_repr": "Cockroach",
        "action_flag": 2,
        "change_message": "[{\"changed\": {\"fields\": [\"Description\"]}}]"
    }
},
{
    "model": "admin.logentry",
    "pk": 27,
    "fields": {
        "action_time": "2023-03-08T22:31:43.332Z",
        "user": [
            "mareks"
        ],
        "content_type": [
            "common",
            "contactphonenumber"
        ],
        "object_id": "3",
        "object_repr": "Crawling Insect",
        "action_flag": 2,
        "change_message": "[{\"changed\": {\"fields\": [\"Description\"]}}]"
    }
},
{
    "model": "admin.logentry",
    "pk": 28,
    "fields": {
        "action_time": "2023-03-08T22:31:55.430Z",
        "user": [
            "mareks"
        ],
        "content_type": [
            "common",
            "contactphonenumber"
        ],
        "object_id": "2",
        "object_repr": "Insect",
        "action_flag": 2,
        "change_message": "[{\"changed\": {\"fields\": [\"Description\"]}}]"
    }
},
{
    "model": "admin.logentry",
    "pk": 29,
    "fields": {
        "action_time": "2023-03-08T22:32:05.019Z",
        "user": [
            "mareks"
        ],
        "content_type": [
            "common",
            "contactphonenumber"
        ],
        "object_id": "1",
        "object_repr": "Pest",
        "action_flag": 2,
        "change_message": "[{\"changed\": {\"fields\": [\"Description\"]}}]"
    }
},
{
    "model": "admin.logentry",
    "pk": 30,
    "fields": {
        "action_time": "2023-03-08T22:32:36.539Z",
        "user": [
            "mareks"
        ],
        "content_type": [
            "common",
            "contactphonenumber"
        ],
        "object_id": "9",
        "object_repr": "Mosquito",
        "action_flag": 1,
        "change_message": "[{\"added\": {}}]"
    }
},
{
    "model": "admin.logentry",
    "pk": 31,
    "fields": {
        "action_time": "2023-03-08T22:32:48.528Z",
        "user": [
            "mareks"
        ],
        "content_type": [
            "common",
            "contactphonenumber"
        ],
        "object_id": "10",
        "object_repr": "Fruit Fly",
        "action_flag": 1,
        "change_message": "[{\"added\": {}}]"
    }
},
{
    "model": "admin.logentry",
    "pk": 32,
    "fields": {
        "action_time": "2023-03-08T22:33:12.895Z",
        "user": [
            "mareks"
        ],
        "content_type": [
            "common",
            "contactphonenumber"
        ],
        "object_id": "11",
        "object_repr": "Wasp",
        "action_flag": 1,
        "change_message": "[{\"added\": {}}]"
    }
},
{
    "model": "admin.logentry",
    "pk": 33,
    "fields": {
        "action_time": "2023-03-08T22:34:08.287Z",
        "user": [
            "mareks"
        ],
        "content_type": [
            "common",
            "contactphonenumber"
        ],
        "object_id": "12",
        "object_repr": "Bed Bug",
        "action_flag": 1,
        "change_message": "[{\"added\": {}}]"
    }
},
{
    "model": "admin.logentry",
    "pk": 34,
    "fields": {
        "action_time": "2023-03-08T22:35:25.791Z",
        "user": [
            "mareks"
        ],
        "content_type": [
            "common",
            "contactphonenumber"
        ],
        "object_id": "13",
        "object_repr": "Rodent",
        "action_flag": 1,
        "change_message": "[{\"added\": {}}]"
    }
},
{
    "model": "admin.logentry",
    "pk": 35,
    "fields": {
        "action_time": "2023-03-08T22:36:15.517Z",
        "user": [
            "mareks"
        ],
        "content_type": [
            "common",
            "contactphonenumber"
        ],
        "object_id": "14",
        "object_repr": "Mouse",
        "action_flag": 1,
        "change_message": "[{\"added\": {}}]"
    }
},
{
    "model": "admin.logentry",
    "pk": 36,
    "fields": {
        "action_time": "2023-03-08T22:36:29.834Z",
        "user": [
            "mareks"
        ],
        "content_type": [
            "common",
            "contactphonenumber"
        ],
        "object_id": "15",
        "object_repr": "Rat",
        "action_flag": 1,
        "change_message": "[{\"added\": {}}]"
    }
},
{
    "model": "admin.logentry",
    "pk": 37,
    "fields": {
        "action_time": "2023-03-08T22:36:48.932Z",
        "user": [
            "mareks"
        ],
        "content_type": [
            "common",
            "contactphonenumber"
        ],
        "object_id": "16",
        "object_repr": "House Mouse",
        "action_flag": 1,
        "change_message": "[{\"added\": {}}]"
    }
},
{
    "model": "admin.logentry",
    "pk": 38,
    "fields": {
        "action_time": "2023-03-08T22:37:05.491Z",
        "user": [
            "mareks"
        ],
        "content_type": [
            "common",
            "contactphonenumber"
        ],
        "object_id": "17",
        "object_repr": "Norway Rat",
        "action_flag": 1,
        "change_message": "[{\"added\": {}}]"
    }
},
{
    "model": "admin.logentry",
    "pk": 39,
    "fields": {
        "action_time": "2023-03-08T22:37:24.410Z",
        "user": [
            "mareks"
        ],
        "content_type": [
            "common",
            "contactphonenumber"
        ],
        "object_id": "18",
        "object_repr": "Roof Rat",
        "action_flag": 1,
        "change_message": "[{\"added\": {}}]"
    }
},
{
    "model": "admin.logentry",
    "pk": 40,
    "fields": {
        "action_time": "2023-03-09T17:40:42.204Z",
        "user": [
            "mareks"
        ],
        "content_type": [
            "inventory",
            "unitcategory"
        ],
        "object_id": "1",
        "object_repr": "Working",
        "action_flag": 1,
        "change_message": "[{\"added\": {}}]"
    }
},
{
    "model": "admin.logentry",
    "pk": 41,
    "fields": {
        "action_time": "2023-03-09T17:41:18.253Z",
        "user": [
            "mareks"
        ],
        "content_type": [
            "common",
            "field"
        ],
        "object_id": "1",
        "object_repr": "LIC Office",
        "action_flag": 1,
        "change_message": "[{\"added\": {}}]"
    }
},
{
    "model": "admin.logentry",
    "pk": 42,
    "fields": {
        "action_time": "2023-03-09T17:41:29.588Z",
        "user": [
            "mareks"
        ],
        "content_type": [
            "inventory",
            "material"
        ],
        "object_id": "1",
        "object_repr": "LIC Office",
        "action_flag": 1,
        "change_message": "[{\"added\": {}}]"
    }
},
{
    "model": "admin.logentry",
    "pk": 43,
    "fields": {
        "action_time": "2023-03-09T17:42:00.038Z",
        "user": [
            "mareks"
        ],
        "content_type": [
            "inventory",
            "materialclass"
        ],
        "object_id": "1",
        "object_repr": "B&G Tank",
        "action_flag": 1,
        "change_message": "[{\"added\": {}}]"
    }
},
{
    "model": "admin.logentry",
    "pk": 44,
    "fields": {
        "action_time": "2023-03-09T19:01:47.646Z",
        "user": [
            "mareks"
        ],
        "content_type": [
            "inventory",
            "equipmentclass"
        ],
        "object_id": "1",
        "object_repr": "EquipmentClass object (1)",
        "action_flag": 1,
        "change_message": "[{\"added\": {}}]"
    }
},
{
    "model": "admin.logentry",
    "pk": 45,
    "fields": {
        "action_time": "2023-03-09T19:07:24.346Z",
        "user": [
            "mareks"
        ],
        "content_type": [
            "inventory",
            "equipmentcategory"
        ],
        "object_id": "1",
        "object_repr": "Pesticide Applicator",
        "action_flag": 1,
        "change_message": "[{\"added\": {}}]"
    }
},
{
    "model": "admin.logentry",
    "pk": 46,
    "fields": {
        "action_time": "2023-03-09T19:25:13.124Z",
        "user": [
            "mareks"
        ],
        "content_type": [
            "common",
            "field"
        ],
        "object_id": "1",
        "object_repr": "EEPA Registration Number | Pesticide",
        "action_flag": 1,
        "change_message": "[{\"added\": {}}]"
    }
},
{
    "model": "admin.logentry",
    "pk": 47,
    "fields": {
        "action_time": "2023-03-09T19:27:01.430Z",
        "user": [
            "mareks"
        ],
        "content_type": [
            "inventory",
            "material"
        ],
        "object_id": "1",
        "object_repr": "Maxforce FC Ant Bait Station | MaxForce",
        "action_flag": 2,
        "change_message": "[{\"added\": {\"name\": \"material field\", \"object\": \"EEPA Registration Number: 432-1256\"}}]"
    }
},
{
    "model": "admin.logentry",
    "pk": 48,
    "fields": {
        "action_time": "2023-03-09T19:37:41.230Z",
        "user": [
            "mareks"
        ],
        "content_type": [
            "common",
            "field"
        ],
        "object_id": "2",
        "object_repr": "Size | Pesticide Applicator",
        "action_flag": 1,
        "change_message": "[{\"added\": {}}]"
    }
},
{
    "model": "admin.logentry",
    "pk": 49,
    "fields": {
        "action_time": "2023-03-09T19:39:00.606Z",
        "user": [
            "mareks"
        ],
        "content_type": [
            "common",
            "field"
        ],
        "object_id": "1",
        "object_repr": "EEPA Registration Number | Pesticide",
        "action_flag": 2,
        "change_message": "[{\"changed\": {\"fields\": [\"Validation value\"]}}]"
    }
},
{
    "model": "admin.logentry",
    "pk": 50,
    "fields": {
        "action_time": "2023-03-15T16:12:40.083Z",
        "user": [
            "mareks"
        ],
        "content_type": [
            "inventory",
            "materialcategory"
        ],
        "object_id": "1",
        "object_repr": "Pesticide",
        "action_flag": 2,
        "change_message": "[{\"added\": {\"name\": \"field\", \"object\": \"Pests | Pesticide\"}}]"
    }
},
{
    "model": "admin.logentry",
    "pk": 51,
    "fields": {
        "action_time": "2023-03-15T16:14:20.759Z",
        "user": [
            "mareks"
        ],
        "content_type": [
            "inventory",
            "materialcategory"
        ],
        "object_id": "1",
        "object_repr": "Pesticide",
        "action_flag": 2,
        "change_message": "[{\"added\": {\"name\": \"field\", \"object\": \"Sites | Pesticide\"}}, {\"added\": {\"name\": \"field\", \"object\": \"Active Ingredients | Pesticide\"}}]"
    }
},
{
    "model": "admin.logentry",
    "pk": 52,
    "fields": {
        "action_time": "2023-03-17T16:58:08.150Z",
        "user": [
            "mareks"
        ],
        "content_type": [
            "inventory",
            "material"
        ],
        "object_id": "1",
        "object_repr": "Maxforce FC Ant Bait Station | MaxForce",
        "action_flag": 1,
        "change_message": "[{\"added\": {}}]"
    }
},
{
    "model": "admin.logentry",
    "pk": 53,
    "fields": {
        "action_time": "2023-03-21T18:34:51.440Z",
        "user": [
            "mareks"
        ],
        "content_type": [
            "common",
            "contact"
        ],
        "object_id": "1",
        "object_repr": "Marek Schir",
        "action_flag": 1,
        "change_message": "[{\"added\": {}}, {\"added\": {\"name\": \"Contact Phone Number\", \"object\": \"Marek Schir | +17189093737\"}}, {\"added\": {\"name\": \"Contact Email\", \"object\": \"schir2@gmail.com\"}}]"
    }
},
{
    "model": "admin.logentry",
    "pk": 54,
    "fields": {
        "action_time": "2023-03-21T18:58:09.936Z",
        "user": [
            "mareks"
        ],
        "content_type": [
            "common",
            "contact"
        ],
        "object_id": "1",
        "object_repr": "Marek Schir",
        "action_flag": 2,
        "change_message": "[{\"added\": {\"name\": \"Contact Phone Number\", \"object\": \"Marek Schir | +12122198218\"}}, {\"changed\": {\"name\": \"Contact Phone Number\", \"object\": \"Marek Schir | +17189093737\", \"fields\": [\"Is primary\"]}}]"
    }
},
{
    "model": "admin.logentry",
    "pk": 55,
    "fields": {
        "action_time": "2023-03-21T18:58:19.994Z",
        "user": [
            "mareks"
        ],
        "content_type": [
            "common",
            "contact"
        ],
        "object_id": "1",
        "object_repr": "Marek Schir",
        "action_flag": 2,
        "change_message": "[{\"changed\": {\"name\": \"Contact Phone Number\", \"object\": \"Marek Schir | +17189093737\", \"fields\": [\"Is primary\"]}}]"
    }
},
{
    "model": "admin.logentry",
    "pk": 56,
    "fields": {
        "action_time": "2023-03-21T20:00:02.556Z",
        "user": [
            "mareks"
        ],
        "content_type": [
            "customers",
            "customer"
        ],
        "object_id": "1",
        "object_repr": "Marek Schir",
        "action_flag": 1,
        "change_message": "[{\"added\": {}}, {\"added\": {\"name\": \"customer contact\", \"object\": \"CustomerContact object (1)\"}}, {\"added\": {\"name\": \"Billing Location\", \"object\": \"Marek Schir\"}}]"
    }
},
{
    "model": "admin.logentry",
    "pk": 57,
    "fields": {
        "action_time": "2023-03-21T20:00:53.996Z",
        "user": [
            "mareks"
        ],
        "content_type": [
            "customers",
            "customer"
        ],
        "object_id": "2",
        "object_repr": "Marek Schir",
        "action_flag": 1,
        "change_message": "[{\"added\": {}}, {\"added\": {\"name\": \"Billing Location\", \"object\": \"Marek Schir\"}}]"
    }
},
{
    "model": "admin.logentry",
    "pk": 58,
    "fields": {
        "action_time": "2023-03-21T20:02:31.067Z",
        "user": [
            "mareks"
        ],
        "content_type": [
            "customers",
            "customer"
        ],
        "object_id": "1",
        "object_repr": "MMPC",
        "action_flag": 2,
        "change_message": "[{\"changed\": {\"fields\": [\"Parent\"]}}]"
    }
},
{
    "model": "admin.logentry",
    "pk": 59,
    "fields": {
        "action_time": "2023-03-21T20:11:54.138Z",
        "user": [
            "mareks"
        ],
        "content_type": [
            "customers",
            "customer"
        ],
        "object_id": "2",
        "object_repr": "MMPC",
        "action_flag": 2,
        "change_message": "[{\"changed\": {\"fields\": [\"Company name\"]}}, {\"changed\": {\"name\": \"Billing Location\", \"object\": \"Marek Schir\", \"fields\": [\"State\"]}}, {\"added\": {\"name\": \"Service Location\", \"object\": \"Office\"}}]"
    }
},
{
    "model": "admin.logentry",
    "pk": 60,
    "fields": {
        "action_time": "2023-03-21T20:14:59.483Z",
        "user": [
            "mareks"
        ],
        "content_type": [
            "customers",
            "customer"
        ],
        "object_id": "1",
        "object_repr": "MMPC",
        "action_flag": 2,
        "change_message": "[{\"added\": {\"name\": \"Service Location\", \"object\": \"Office\"}}]"
    }
},
{
    "model": "admin.logentry",
    "pk": 61,
    "fields": {
        "action_time": "2023-03-21T20:15:21.212Z",
        "user": [
            "mareks"
        ],
        "content_type": [
            "customers",
            "customer"
        ],
        "object_id": "2",
        "object_repr": "MMPC",
        "action_flag": 2,
        "change_message": "[{\"changed\": {\"name\": \"Service Location\", \"object\": \"Office\", \"fields\": [\"Is primary\"]}}]"
    }
},
{
    "model": "admin.logentry",
    "pk": 62,
    "fields": {
        "action_time": "2023-03-23T13:32:32.908Z",
        "user": [
            "mareks"
        ],
        "content_type": [
            "common",
            "unitcategory"
        ],
        "object_id": "11",
        "object_repr": "Unspecified",
        "action_flag": 1,
        "change_message": "[{\"added\": {}}]"
    }
},
{
    "model": "admin.logentry",
    "pk": 63,
    "fields": {
        "action_time": "2023-03-23T13:32:42.597Z",
        "user": [
            "mareks"
        ],
        "content_type": [
            "common",
            "unit"
        ],
        "object_id": "11",
        "object_repr": "Unspecified",
        "action_flag": 1,
        "change_message": "[{\"added\": {}}]"
    }
},
{
    "model": "admin.logentry",
    "pk": 64,
    "fields": {
        "action_time": "2023-03-23T13:33:08.305Z",
        "user": [
            "mareks"
        ],
        "content_type": [
            "common",
            "unit"
        ],
        "object_id": "11",
        "object_repr": "Unset",
        "action_flag": 2,
        "change_message": "[{\"changed\": {\"fields\": [\"Name\"]}}]"
    }
},
{
    "model": "admin.logentry",
    "pk": 65,
    "fields": {
        "action_time": "2023-03-23T13:35:14.581Z",
        "user": [
            "mareks"
        ],
        "content_type": [
            "inventory",
            "materialcategory"
        ],
        "object_id": "1",
        "object_repr": "Pesticide",
        "action_flag": 2,
        "change_message": "[{\"changed\": {\"name\": \"Field\", \"object\": \"EPA Registration Number | Pesticide\", \"fields\": [\"Name\", \"Label\"]}}, {\"changed\": {\"name\": \"Field\", \"object\": \"Pests | Pesticide\", \"fields\": [\"Name\", \"Label\"]}}, {\"changed\": {\"name\": \"Field\", \"object\": \"Sites | Pesticide\", \"fields\": [\"Name\", \"Label\"]}}, {\"changed\": {\"name\": \"Field\", \"object\": \"Active Ingredients | Pesticide\", \"fields\": [\"Name\", \"Label\"]}}]"
    }
},
{
    "model": "admin.logentry",
    "pk": 66,
    "fields": {
        "action_time": "2023-03-23T13:36:18.753Z",
        "user": [
            "mareks"
        ],
        "content_type": [
            "inventory",
            "materialcategory"
        ],
        "object_id": "1",
        "object_repr": "Pesticide",
        "action_flag": 2,
        "change_message": "[{\"added\": {\"name\": \"Field\", \"object\": \"Restricted Use | Pesticide\"}}]"
    }
},
{
    "model": "admin.logentry",
    "pk": 67,
    "fields": {
        "action_time": "2023-03-23T18:44:37.829Z",
        "user": [
            "mareks"
        ],
        "content_type": [
            "customers",
            "customer"
        ],
        "object_id": "2",
        "object_repr": "MMPC",
        "action_flag": 2,
        "change_message": "[]"
    }
},
{
    "model": "admin.logentry",
    "pk": 68,
    "fields": {
        "action_time": "2023-03-23T18:46:26.104Z",
        "user": [
            "mareks"
        ],
        "content_type": [
            "customers",
            "customer"
        ],
        "object_id": "3",
        "object_repr": "HanBin Baik",
        "action_flag": 1,
        "change_message": "[{\"added\": {}}, {\"added\": {\"name\": \"Billing Location\", \"object\": \"HanBin Baik\"}}]"
    }
},
{
    "model": "admin.logentry",
    "pk": 69,
    "fields": {
        "action_time": "2023-03-23T18:50:56.145Z",
        "user": [
            "mareks"
        ],
        "content_type": [
            "common",
            "address"
        ],
        "object_id": "1",
        "object_repr": "Marek Schir",
        "action_flag": 2,
        "change_message": "[{\"changed\": {\"fields\": [\"Name\", \"Street address\"]}}]"
    }
},
{
    "model": "admin.logentry",
    "pk": 70,
    "fields": {
        "action_time": "2023-04-03T16:08:23.794Z",
        "user": [
            "mareks"
        ],
        "content_type": [
            "inventory",
            "brand"
        ],
        "object_id": "3",
        "object_repr": "B&G Equipment Company",
        "action_flag": 1,
        "change_message": "[{\"added\": {}}]"
    }
},
{
    "model": "admin.logentry",
    "pk": 71,
    "fields": {
        "action_time": "2023-04-03T16:11:14.240Z",
        "user": [
            "mareks"
        ],
        "content_type": [
            "common",
            "field"
        ],
        "object_id": "2",
        "object_repr": "Label | Pesticide Applicator",
        "action_flag": 3,
        "change_message": ""
    }
},
{
    "model": "admin.logentry",
    "pk": 72,
    "fields": {
        "action_time": "2023-04-03T16:12:33.548Z",
        "user": [
            "mareks"
        ],
        "content_type": [
            "common",
            "field"
        ],
        "object_id": "7",
        "object_repr": "Size | B&G Tank",
        "action_flag": 1,
        "change_message": "[{\"added\": {}}]"
    }
},
{
    "model": "admin.logentry",
    "pk": 73,
    "fields": {
        "action_time": "2023-04-03T16:22:03.030Z",
        "user": [
            "mareks"
        ],
        "content_type": [
            "inventory",
            "vendor"
        ],
        "object_id": "2",
        "object_repr": "Veseris",
        "action_flag": 1,
        "change_message": "[{\"added\": {}}]"
    }
},
{
    "model": "admin.logentry",
    "pk": 74,
    "fields": {
        "action_time": "2023-04-03T16:31:39.221Z",
        "user": [
            "mareks"
        ],
        "content_type": [
            "inventory",
            "equipment"
        ],
        "object_id": "1",
        "object_repr": "B&G Tank",
        "action_flag": 2,
        "change_message": "[{\"changed\": {\"fields\": [\"Brand\"]}}]"
    }
}
]
