[
{
    "model": "sites.site",
    "pk": 1,
    "fields": {
        "domain": "localhost:800",
        "name": "localhost:8000"
    }
},
{
    "model": "inventory.historicallocation",
    "pk": 1,
    "fields": {
        "id": 1,
        "name": "3927 29th Street, Long Island City, NY 11106",
        "street_number": "",
        "route": "",
        "raw": "3927 29th Street, Long Island City, NY 11106",
        "formatted": "",
        "latitude": null,
        "longitude": null,
        "history_date": "2021-12-27T23:06:11.332Z",
        "history_change_reason": null,
        "history_type": "+",
        "history_user": 1
    }
},
{
    "model": "inventory.location",
    "pk": 1,
    "fields": {
        "name": "3927 29th Street, Long Island City, NY 11106",
        "street_number": "",
        "route": "",
        "raw": "3927 29th Street, Long Island City, NY 11106",
        "formatted": "",
        "latitude": null,
        "longitude": null
    }
},
{
    "model": "inventory.customer",
    "pk": 1,
    "fields": {
        "first_name": "HanBin",
        "last_name": "Baik",
        "company_name": "",
        "parent": 2,
        "lft": 3,
        "rght": 4,
        "tree_id": 3,
        "level": 2
    }
},
{
    "model": "inventory.customer",
    "pk": 2,
    "fields": {
        "first_name": "Marek",
        "last_name": "Schir",
        "company_name": "",
        "parent": 3,
        "lft": 2,
        "rght": 5,
        "tree_id": 3,
        "level": 1
    }
},
{
    "model": "inventory.customer",
    "pk": 3,
    "fields": {
        "first_name": "Timothy",
        "last_name": "Wong",
        "company_name": "",
        "parent": null,
        "lft": 1,
        "rght": 6,
        "tree_id": 3,
        "level": 0
    }
},
{
    "model": "inventory.equipment",
    "pk": 1,
    "fields": {
        "name": "18 Inch Fan Working Stored No Employee",
        "product": 2,
        "status": "STORED",
        "stock": null,
        "condition": 1,
        "user": null,
        "location": null,
        "counter": null
    }
},
{
    "model": "inventory.equipment",
    "pk": 2,
    "fields": {
        "name": "18 Inch Fan Working Stored schir2",
        "product": 2,
        "status": "STORED",
        "stock": null,
        "condition": 1,
        "user": 1,
        "location": null,
        "counter": null
    }
},
{
    "model": "inventory.equipment",
    "pk": 3,
    "fields": {
        "name": "18 Inch Fan Working Stored mareks",
        "product": 2,
        "status": "STORED",
        "stock": null,
        "condition": 1,
        "user": 2,
        "location": null,
        "counter": null
    }
},
{
    "model": "inventory.equipment",
    "pk": 4,
    "fields": {
        "name": "18 Inch Fan Working Deployed No Employee",
        "product": 2,
        "status": "DEPLOYED",
        "stock": null,
        "condition": 1,
        "user": null,
        "location": null,
        "counter": null
    }
},
{
    "model": "inventory.equipment",
    "pk": 5,
    "fields": {
        "name": "18 Inch Fan Working Deployed schir2",
        "product": 2,
        "status": "DEPLOYED",
        "stock": null,
        "condition": 1,
        "user": 1,
        "location": null,
        "counter": null
    }
},
{
    "model": "inventory.equipment",
    "pk": 6,
    "fields": {
        "name": "18 Inch Fan Working Deployed mareks",
        "product": 2,
        "status": "DEPLOYED",
        "stock": null,
        "condition": 1,
        "user": 2,
        "location": null,
        "counter": null
    }
},
{
    "model": "inventory.equipment",
    "pk": 7,
    "fields": {
        "name": "18 Inch Fan Working Picked Up No Employee",
        "product": 2,
        "status": "PICKED_UP",
        "stock": 1,
        "condition": 1,
        "user": 2,
        "location": 1,
        "counter": null
    }
},
{
    "model": "inventory.equipment",
    "pk": 8,
    "fields": {
        "name": "18 Inch Fan Working Picked Up schir2",
        "product": 2,
        "status": "DEPLOYED",
        "stock": null,
        "condition": 1,
        "user": 1,
        "location": null,
        "counter": null
    }
},
{
    "model": "inventory.equipment",
    "pk": 9,
    "fields": {
        "name": "18 Inch Fan Working Picked Up mareks",
        "product": 2,
        "status": "DEPLOYED",
        "stock": null,
        "condition": 1,
        "user": 2,
        "location": null,
        "counter": null
    }
},
{
    "model": "inventory.equipment",
    "pk": 10,
    "fields": {
        "name": "18 Inch Fan Working Missing No Employee",
        "product": 2,
        "status": "MISSING",
        "stock": null,
        "condition": 1,
        "user": null,
        "location": null,
        "counter": null
    }
},
{
    "model": "inventory.equipment",
    "pk": 11,
    "fields": {
        "name": "18 Inch Fan Working Missing schir2",
        "product": 2,
        "status": "MISSING",
        "stock": null,
        "condition": 1,
        "user": 1,
        "location": null,
        "counter": null
    }
},
{
    "model": "inventory.equipment",
    "pk": 12,
    "fields": {
        "name": "18 Inch Fan Working Missing mareks",
        "product": 2,
        "status": "MISSING",
        "stock": null,
        "condition": 1,
        "user": 2,
        "location": null,
        "counter": null
    }
},
{
    "model": "inventory.equipment",
    "pk": 13,
    "fields": {
        "name": "18 Inch Fan Damaged Stored No Employee",
        "product": 2,
        "status": "STORED",
        "stock": null,
        "condition": 2,
        "user": null,
        "location": null,
        "counter": null
    }
},
{
    "model": "inventory.equipment",
    "pk": 14,
    "fields": {
        "name": "18 Inch Fan Damaged Stored schir2",
        "product": 2,
        "status": "STORED",
        "stock": null,
        "condition": 2,
        "user": 1,
        "location": null,
        "counter": null
    }
},
{
    "model": "inventory.equipment",
    "pk": 15,
    "fields": {
        "name": "18 Inch Fan Damaged Stored mareks",
        "product": 2,
        "status": "STORED",
        "stock": null,
        "condition": 2,
        "user": 2,
        "location": null,
        "counter": null
    }
},
{
    "model": "inventory.equipment",
    "pk": 16,
    "fields": {
        "name": "18 Inch Fan Damaged Deployed No Employee",
        "product": 2,
        "status": "DEPLOYED",
        "stock": null,
        "condition": 2,
        "user": null,
        "location": null,
        "counter": null
    }
},
{
    "model": "inventory.equipment",
    "pk": 17,
    "fields": {
        "name": "18 Inch Fan Damaged Deployed schir2",
        "product": 2,
        "status": "DEPLOYED",
        "stock": null,
        "condition": 2,
        "user": 1,
        "location": null,
        "counter": null
    }
},
{
    "model": "inventory.equipment",
    "pk": 18,
    "fields": {
        "name": "18 Inch Fan Damaged Deployed mareks",
        "product": 2,
        "status": "DEPLOYED",
        "stock": null,
        "condition": 2,
        "user": 2,
        "location": null,
        "counter": null
    }
},
{
    "model": "inventory.equipment",
    "pk": 19,
    "fields": {
        "name": "18 Inch Fan Damaged Picked Up No Employee",
        "product": 2,
        "status": "PICKED_UP",
        "stock": null,
        "condition": 2,
        "user": null,
        "location": null,
        "counter": null
    }
},
{
    "model": "inventory.equipment",
    "pk": 20,
    "fields": {
        "name": "18 Inch Fan Damaged Picked Up schir2",
        "product": 2,
        "status": "PICKED_UP",
        "stock": null,
        "condition": 2,
        "user": 1,
        "location": null,
        "counter": null
    }
},
{
    "model": "inventory.equipment",
    "pk": 21,
    "fields": {
        "name": "18 Inch Fan Damaged Picked Up mareks",
        "product": 2,
        "status": "PICKED_UP",
        "stock": null,
        "condition": 2,
        "user": 2,
        "location": null,
        "counter": null
    }
},
{
    "model": "inventory.equipment",
    "pk": 22,
    "fields": {
        "name": "18 Inch Fan Damaged Missing No Employee",
        "product": 2,
        "status": "MISSING",
        "stock": null,
        "condition": 2,
        "user": null,
        "location": null,
        "counter": null
    }
},
{
    "model": "inventory.equipment",
    "pk": 23,
    "fields": {
        "name": "18 Inch Fan Damaged Missing schir2",
        "product": 2,
        "status": "MISSING",
        "stock": null,
        "condition": 2,
        "user": 1,
        "location": null,
        "counter": null
    }
},
{
    "model": "inventory.equipment",
    "pk": 24,
    "fields": {
        "name": "18 Inch Fan Damaged Missing mareks",
        "product": 2,
        "status": "MISSING",
        "stock": null,
        "condition": 2,
        "user": 2,
        "location": null,
        "counter": null
    }
},
{
    "model": "inventory.equipment",
    "pk": 25,
    "fields": {
        "name": "18 Inch Fan Decommissioned Stored No Employee",
        "product": 2,
        "status": "STORED",
        "stock": null,
        "condition": 3,
        "user": null,
        "location": null,
        "counter": null
    }
},
{
    "model": "inventory.equipment",
    "pk": 26,
    "fields": {
        "name": "18 Inch Fan Decommissioned Stored schir2",
        "product": 2,
        "status": "STORED",
        "stock": null,
        "condition": 3,
        "user": 1,
        "location": null,
        "counter": null
    }
},
{
    "model": "inventory.equipment",
    "pk": 27,
    "fields": {
        "name": "18 Inch Fan Decommissioned Stored mareks",
        "product": 2,
        "status": "STORED",
        "stock": null,
        "condition": 3,
        "user": 2,
        "location": null,
        "counter": null
    }
},
{
    "model": "inventory.equipment",
    "pk": 28,
    "fields": {
        "name": "18 Inch Fan Decommissioned Deployed No Employee",
        "product": 2,
        "status": "DEPLOYED",
        "stock": null,
        "condition": 3,
        "user": null,
        "location": null,
        "counter": null
    }
},
{
    "model": "inventory.equipment",
    "pk": 29,
    "fields": {
        "name": "18 Inch Fan Decommissioned Deployed schir2",
        "product": 2,
        "status": "DEPLOYED",
        "stock": null,
        "condition": 3,
        "user": 1,
        "location": null,
        "counter": null
    }
},
{
    "model": "inventory.equipment",
    "pk": 30,
    "fields": {
        "name": "18 Inch Fan Decommissioned Deployed mareks",
        "product": 2,
        "status": "DEPLOYED",
        "stock": null,
        "condition": 3,
        "user": 2,
        "location": null,
        "counter": null
    }
},
{
    "model": "inventory.equipment",
    "pk": 31,
    "fields": {
        "name": "18 Inch Fan Decommissioned Picked Up No Employee",
        "product": 2,
        "status": "PICKED_UP",
        "stock": null,
        "condition": 3,
        "user": null,
        "location": null,
        "counter": null
    }
},
{
    "model": "inventory.equipment",
    "pk": 32,
    "fields": {
        "name": "18 Inch Fan Decommissioned Picked Up schir2",
        "product": 2,
        "status": "PICKED_UP",
        "stock": null,
        "condition": 3,
        "user": 1,
        "location": null,
        "counter": null
    }
},
{
    "model": "inventory.equipment",
    "pk": 33,
    "fields": {
        "name": "18 Inch Fan Decommissioned Picked Up mareks",
        "product": 2,
        "status": "PICKED_UP",
        "stock": null,
        "condition": 3,
        "user": 2,
        "location": null,
        "counter": null
    }
},
{
    "model": "inventory.equipment",
    "pk": 34,
    "fields": {
        "name": "18 Inch Fan Decommissioned Missing No Employee",
        "product": 2,
        "status": "MISSING",
        "stock": null,
        "condition": 3,
        "user": null,
        "location": null,
        "counter": null
    }
},
{
    "model": "inventory.equipment",
    "pk": 35,
    "fields": {
        "name": "18 Inch Fan Decommissioned Missing schir2",
        "product": 2,
        "status": "MISSING",
        "stock": null,
        "condition": 3,
        "user": 1,
        "location": null,
        "counter": null
    }
},
{
    "model": "inventory.equipment",
    "pk": 36,
    "fields": {
        "name": "18 Inch Fan Decommissioned Missing mareks",
        "product": 2,
        "status": "MISSING",
        "stock": null,
        "condition": 3,
        "user": 2,
        "location": null,
        "counter": null
    }
},
{
    "model": "inventory.equipment",
    "pk": 37,
    "fields": {
        "name": "18 Inch Fan Lost Stored No Employee",
        "product": 2,
        "status": "STORED",
        "stock": null,
        "condition": 4,
        "user": null,
        "location": null,
        "counter": null
    }
},
{
    "model": "inventory.equipment",
    "pk": 38,
    "fields": {
        "name": "18 Inch Fan Lost Stored schir2",
        "product": 2,
        "status": "STORED",
        "stock": null,
        "condition": 4,
        "user": 1,
        "location": null,
        "counter": null
    }
},
{
    "model": "inventory.equipment",
    "pk": 39,
    "fields": {
        "name": "18 Inch Fan Lost Stored mareks",
        "product": 2,
        "status": "STORED",
        "stock": null,
        "condition": 4,
        "user": 2,
        "location": null,
        "counter": null
    }
},
{
    "model": "inventory.equipment",
    "pk": 40,
    "fields": {
        "name": "18 Inch Fan Lost Deployed No Employee",
        "product": 2,
        "status": "DEPLOYED",
        "stock": null,
        "condition": 4,
        "user": null,
        "location": null,
        "counter": null
    }
},
{
    "model": "inventory.equipment",
    "pk": 41,
    "fields": {
        "name": "18 Inch Fan Lost Deployed schir2",
        "product": 2,
        "status": "DEPLOYED",
        "stock": null,
        "condition": 4,
        "user": 1,
        "location": null,
        "counter": null
    }
},
{
    "model": "inventory.equipment",
    "pk": 42,
    "fields": {
        "name": "18 Inch Fan Lost Deployed mareks",
        "product": 2,
        "status": "DEPLOYED",
        "stock": null,
        "condition": 4,
        "user": 2,
        "location": null,
        "counter": null
    }
},
{
    "model": "inventory.equipment",
    "pk": 43,
    "fields": {
        "name": "18 Inch Fan Lost Picked Up No Employee",
        "product": 2,
        "status": "PICKED_UP",
        "stock": null,
        "condition": 4,
        "user": null,
        "location": null,
        "counter": null
    }
},
{
    "model": "inventory.equipment",
    "pk": 44,
    "fields": {
        "name": "18 Inch Fan Lost Picked Up schir2",
        "product": 2,
        "status": "PICKED_UP",
        "stock": null,
        "condition": 4,
        "user": 1,
        "location": null,
        "counter": null
    }
},
{
    "model": "inventory.equipment",
    "pk": 45,
    "fields": {
        "name": "18 Inch Fan Lost Picked Up mareks",
        "product": 2,
        "status": "PICKED_UP",
        "stock": null,
        "condition": 4,
        "user": 2,
        "location": null,
        "counter": null
    }
},
{
    "model": "inventory.equipment",
    "pk": 46,
    "fields": {
        "name": "18 Inch Fan Lost Missing No Employee",
        "product": 2,
        "status": "MISSING",
        "stock": null,
        "condition": 4,
        "user": null,
        "location": null,
        "counter": null
    }
},
{
    "model": "inventory.equipment",
    "pk": 47,
    "fields": {
        "name": "18 Inch Fan Lost Missing schir2",
        "product": 2,
        "status": "MISSING",
        "stock": null,
        "condition": 4,
        "user": 1,
        "location": null,
        "counter": null
    }
},
{
    "model": "inventory.equipment",
    "pk": 48,
    "fields": {
        "name": "18 Inch Fan Lost Missing mareks",
        "product": 2,
        "status": "MISSING",
        "stock": null,
        "condition": 4,
        "user": 2,
        "location": null,
        "counter": null
    }
},
{
    "model": "inventory.condition",
    "pk": 1,
    "fields": {
        "name": "Working",
        "description": "Equipment is in good working condition",
        "action_collect": false,
        "action_decommission": false,
        "action_deploy": false,
        "action_store": false,
        "action_transfer": false,
        "action_withdraw": false
    }
},
{
    "model": "inventory.condition",
    "pk": 2,
    "fields": {
        "name": "Damaged",
        "description": "Equipment is damaged and needs repair",
        "action_collect": false,
        "action_decommission": false,
        "action_deploy": false,
        "action_store": false,
        "action_transfer": false,
        "action_withdraw": false
    }
},
{
    "model": "inventory.condition",
    "pk": 3,
    "fields": {
        "name": "Decommissioned",
        "description": "Unusable equipment that cannot be repaired.",
        "action_collect": false,
        "action_decommission": false,
        "action_deploy": false,
        "action_store": false,
        "action_transfer": false,
        "action_withdraw": false
    }
},
{
    "model": "inventory.condition",
    "pk": 4,
    "fields": {
        "name": "Lost",
        "description": "Equipment cannot be found. Lost equipment can be picked up.",
        "action_collect": false,
        "action_decommission": false,
        "action_deploy": false,
        "action_store": false,
        "action_transfer": false,
        "action_withdraw": false
    }
},
{
    "model": "inventory.historicalgenericproduct",
    "pk": 1,
    "fields": {
        "id": 1,
        "name": "18 Inch Fan",
        "status": "ACTIVE",
        "category": 2,
        "history_date": "2021-12-27T17:21:16.899Z",
        "history_change_reason": null,
        "history_type": "+",
        "history_user": 1
    }
},
{
    "model": "inventory.historicalgenericproduct",
    "pk": 2,
    "fields": {
        "id": 2,
        "name": "16 Inch Fan",
        "status": "ACTIVE",
        "category": 2,
        "history_date": "2021-12-27T17:27:09.294Z",
        "history_change_reason": null,
        "history_type": "+",
        "history_user": 1
    }
},
{
    "model": "inventory.historicalgenericproduct",
    "pk": 3,
    "fields": {
        "id": 3,
        "name": "24 Inch Fan",
        "status": "ACTIVE",
        "category": 2,
        "history_date": "2021-12-27T17:29:07.841Z",
        "history_change_reason": null,
        "history_type": "+",
        "history_user": 1
    }
},
{
    "model": "inventory.historicalgenericproduct",
    "pk": 4,
    "fields": {
        "id": 2,
        "name": "16 Inch Fan",
        "status": "ACTIVE",
        "category": 2,
        "history_date": "2021-12-30T08:28:49.165Z",
        "history_change_reason": null,
        "history_type": "-",
        "history_user": null
    }
},
{
    "model": "inventory.historicalgenericproduct",
    "pk": 5,
    "fields": {
        "id": 3,
        "name": "24 Inch Fan",
        "status": "ACTIVE",
        "category": 2,
        "history_date": "2021-12-30T08:29:01.587Z",
        "history_change_reason": null,
        "history_type": "-",
        "history_user": null
    }
},
{
    "model": "inventory.genericproduct",
    "pk": 1,
    "fields": {
        "category": 2,
        "name": "18 Inch Fan",
        "status": "ACTIVE"
    }
},
{
    "model": "inventory.genericproduct",
    "pk": 2,
    "fields": {
        "category": 2,
        "name": "16 Inch Fan",
        "status": "ACTIVE"
    }
},
{
    "model": "inventory.genericproduct",
    "pk": 3,
    "fields": {
        "category": 2,
        "name": "24 Inch Fan",
        "status": "ACTIVE"
    }
},
{
    "model": "inventory.category",
    "pk": 1,
    "fields": {
        "name": "Fan",
        "slug": "fan",
        "parent": null,
        "lft": 1,
        "rght": 4,
        "tree_id": 1,
        "level": 0
    }
},
{
    "model": "inventory.category",
    "pk": 2,
    "fields": {
        "name": "Industrial Fan",
        "slug": "industrial-fan",
        "parent": 1,
        "lft": 2,
        "rght": 3,
        "tree_id": 1,
        "level": 1
    }
},
{
    "model": "inventory.product",
    "pk": 2,
    "fields": {
        "name": "18 Inch Fan",
        "generic_product": 1,
        "brand": 2,
        "product_type": 1,
        "status": "ACTIVE",
        "counter": 100
    }
},
{
    "model": "inventory.producttype",
    "pk": 1,
    "fields": {
        "name": "Equipment"
    }
},
{
    "model": "inventory.brand",
    "pk": 1,
    "fields": {
        "name": "BASF"
    }
},
{
    "model": "inventory.brand",
    "pk": 2,
    "fields": {
        "name": "Commercial Electric"
    }
},
{
    "model": "inventory.brand",
    "pk": 3,
    "fields": {
        "name": "DEWALT"
    }
},
{
    "model": "inventory.brand",
    "pk": 4,
    "fields": {
        "name": "RYOBI"
    }
},
{
    "model": "inventory.brand",
    "pk": 5,
    "fields": {
        "name": "XtremepowerUS"
    }
},
{
    "model": "inventory.historicalstock",
    "pk": 1,
    "fields": {
        "id": 1,
        "name": "MMPC Office",
        "status": "ACTIVE",
        "location": 1,
        "history_date": "2021-12-27T23:06:16.973Z",
        "history_change_reason": null,
        "history_type": "+",
        "history_user": 1
    }
},
{
    "model": "inventory.stock",
    "pk": 1,
    "fields": {
        "name": "MMPC Office",
        "status": "ACTIVE",
        "location": 1
    }
},
{
    "model": "inventory.equipmenttransactionaction",
    "pk": 1,
    "fields": {
        "name": "Store",
        "description": "Stores equipment at stock location"
    }
},
{
    "model": "inventory.equipmenttransactionaction",
    "pk": 2,
    "fields": {
        "name": "Pick Up",
        "description": "Pick Up equipment from customer location"
    }
},
{
    "model": "inventory.equipmenttransactionaction",
    "pk": 3,
    "fields": {
        "name": "Deploy",
        "description": "Deploy equipment at customer location"
    }
},
{
    "model": "inventory.equipmenttransactionaction",
    "pk": 4,
    "fields": {
        "name": "Transfer",
        "description": "Transfer equipment from one user to another"
    }
},
{
    "model": "inventory.equipmenttransactionaction",
    "pk": 5,
    "fields": {
        "name": "Decommission",
        "description": "Decommission equipment. It cannot be used or repaired"
    }
},
{
    "model": "inventory.equipmenttransactionaction",
    "pk": 6,
    "fields": {
        "name": "Withdraw",
        "description": "Withdraw equipment from stock location"
    }
},
{
    "model": "inventory.historicalorder",
    "pk": 1,
    "fields": {
        "id": 1,
        "activity": "Deploy",
        "status": "ACTIVE",
        "date": "2021-12-28T21:42:06Z",
        "customer": 2,
        "location": 1,
        "history_date": "2021-12-28T21:42:16.951Z",
        "history_change_reason": null,
        "history_type": "+",
        "history_user": 1
    }
},
{
    "model": "inventory.historicalorder",
    "pk": 2,
    "fields": {
        "id": 1,
        "activity": "Deploy",
        "status": "ACTIVE",
        "date": "2021-12-28T21:42:06Z",
        "customer": 2,
        "location": 1,
        "history_date": "2021-12-29T22:46:03.858Z",
        "history_change_reason": null,
        "history_type": "~",
        "history_user": 1
    }
},
{
    "model": "inventory.historicalorder",
    "pk": 3,
    "fields": {
        "id": 1,
        "activity": "Deploy",
        "status": "ACTIVE",
        "date": "2021-12-28T21:42:06Z",
        "customer": 2,
        "location": 1,
        "history_date": "2021-12-29T22:47:10.928Z",
        "history_change_reason": null,
        "history_type": "~",
        "history_user": 1
    }
},
{
    "model": "inventory.historicalorder",
    "pk": 4,
    "fields": {
        "id": 1,
        "activity": "Deploy",
        "status": "ACTIVE",
        "date": "2021-12-28T21:42:06Z",
        "customer": 2,
        "location": 1,
        "history_date": "2021-12-30T10:52:33.008Z",
        "history_change_reason": null,
        "history_type": "-",
        "history_user": null
    }
},
{
    "model": "inventory.historicalorder",
    "pk": 5,
    "fields": {
        "id": 1,
        "activity": "Deploy",
        "status": "Completed",
        "date": "2021-12-28T21:42:06Z",
        "customer": 2,
        "location": 1,
        "history_date": "2022-01-08T07:18:42.295Z",
        "history_change_reason": null,
        "history_type": "~",
        "history_user": null
    }
},
{
    "model": "inventory.historicalorder",
    "pk": 6,
    "fields": {
        "id": 1,
        "activity": "Deploy",
        "status": "Completed",
        "date": "2021-12-28T21:42:06Z",
        "customer": 2,
        "location": 1,
        "history_date": "2022-01-08T07:19:34.695Z",
        "history_change_reason": null,
        "history_type": "~",
        "history_user": null
    }
},
{
    "model": "inventory.historicalorder",
    "pk": 7,
    "fields": {
        "id": 1,
        "activity": "Deploy",
        "status": "Completed",
        "date": "2021-12-28T21:42:06Z",
        "customer": 2,
        "location": 1,
        "history_date": "2022-01-08T07:23:10.330Z",
        "history_change_reason": null,
        "history_type": "~",
        "history_user": null
    }
},
{
    "model": "inventory.historicalorder",
    "pk": 8,
    "fields": {
        "id": 1,
        "activity": "Deploy",
        "status": "Completed",
        "date": "2021-12-28T21:42:06Z",
        "customer": 2,
        "location": 1,
        "history_date": "2022-01-08T07:23:30.127Z",
        "history_change_reason": null,
        "history_type": "~",
        "history_user": null
    }
},
{
    "model": "inventory.historicalorder",
    "pk": 9,
    "fields": {
        "id": 1,
        "activity": "Deploy",
        "status": "Completed",
        "date": "2021-12-28T21:42:06Z",
        "customer": 2,
        "location": 1,
        "history_date": "2022-01-08T07:23:31.129Z",
        "history_change_reason": null,
        "history_type": "~",
        "history_user": null
    }
},
{
    "model": "inventory.historicalorder",
    "pk": 10,
    "fields": {
        "id": 1,
        "activity": "Deploy",
        "status": "Completed",
        "date": "2021-12-28T21:42:06Z",
        "customer": 2,
        "location": 1,
        "history_date": "2022-01-08T07:23:32.054Z",
        "history_change_reason": null,
        "history_type": "~",
        "history_user": null
    }
},
{
    "model": "inventory.historicalorder",
    "pk": 11,
    "fields": {
        "id": 1,
        "activity": "Deploy",
        "status": "Completed",
        "date": "2021-12-28T21:42:06Z",
        "customer": 2,
        "location": 1,
        "history_date": "2022-01-08T07:23:33.045Z",
        "history_change_reason": null,
        "history_type": "~",
        "history_user": null
    }
},
{
    "model": "inventory.historicalorder",
    "pk": 12,
    "fields": {
        "id": 1,
        "activity": "Deploy",
        "status": "Completed",
        "date": "2021-12-28T21:42:06Z",
        "customer": 2,
        "location": 1,
        "history_date": "2022-01-08T07:24:13.552Z",
        "history_change_reason": null,
        "history_type": "~",
        "history_user": null
    }
},
{
    "model": "inventory.historicalorder",
    "pk": 13,
    "fields": {
        "id": 1,
        "activity": "Deploy",
        "status": "Completed",
        "date": "2021-12-28T21:42:06Z",
        "customer": 2,
        "location": 1,
        "history_date": "2022-01-08T07:26:27.507Z",
        "history_change_reason": null,
        "history_type": "~",
        "history_user": null
    }
},
{
    "model": "inventory.historicalorder",
    "pk": 14,
    "fields": {
        "id": 1,
        "activity": "Deploy",
        "status": "Completed",
        "date": "2021-12-28T21:42:06Z",
        "customer": 2,
        "location": 1,
        "history_date": "2022-01-08T07:26:53.858Z",
        "history_change_reason": null,
        "history_type": "~",
        "history_user": null
    }
},
{
    "model": "inventory.historicalorder",
    "pk": 15,
    "fields": {
        "id": 1,
        "activity": "Deploy",
        "status": "Completed",
        "date": "2021-12-28T21:42:06Z",
        "customer": 2,
        "location": 1,
        "history_date": "2022-01-08T07:26:55.334Z",
        "history_change_reason": null,
        "history_type": "~",
        "history_user": null
    }
},
{
    "model": "inventory.historicalorder",
    "pk": 16,
    "fields": {
        "id": 1,
        "activity": "Deploy",
        "status": "Completed",
        "date": "2021-12-28T21:42:06Z",
        "customer": 2,
        "location": 1,
        "history_date": "2022-01-08T07:27:22.479Z",
        "history_change_reason": null,
        "history_type": "~",
        "history_user": null
    }
},
{
    "model": "inventory.historicalorder",
    "pk": 17,
    "fields": {
        "id": 1,
        "activity": "Deploy",
        "status": "Completed",
        "date": "2021-12-28T21:42:06Z",
        "customer": 2,
        "location": 1,
        "history_date": "2022-01-08T07:27:24.125Z",
        "history_change_reason": null,
        "history_type": "~",
        "history_user": null
    }
},
{
    "model": "inventory.historicalorder",
    "pk": 18,
    "fields": {
        "id": 1,
        "activity": "Deploy",
        "status": "Completed",
        "date": "2021-12-28T21:42:06Z",
        "customer": 2,
        "location": 1,
        "history_date": "2022-01-08T07:27:53.898Z",
        "history_change_reason": null,
        "history_type": "~",
        "history_user": null
    }
},
{
    "model": "inventory.historicalorder",
    "pk": 19,
    "fields": {
        "id": 1,
        "activity": "Deploy",
        "status": "Completed",
        "date": "2021-12-28T21:42:06Z",
        "customer": 2,
        "location": 1,
        "history_date": "2022-01-08T07:28:02.336Z",
        "history_change_reason": null,
        "history_type": "~",
        "history_user": null
    }
},
{
    "model": "inventory.historicalorder",
    "pk": 20,
    "fields": {
        "id": 1,
        "activity": "Deploy",
        "status": "Completed",
        "date": "2021-12-28T21:42:06Z",
        "customer": 2,
        "location": 1,
        "history_date": "2022-01-08T07:28:03.878Z",
        "history_change_reason": null,
        "history_type": "~",
        "history_user": null
    }
},
{
    "model": "inventory.historicalorder",
    "pk": 21,
    "fields": {
        "id": 1,
        "activity": "Deploy",
        "status": "Completed",
        "date": "2021-12-28T21:42:06Z",
        "customer": 2,
        "location": 1,
        "history_date": "2022-01-08T07:28:04.554Z",
        "history_change_reason": null,
        "history_type": "~",
        "history_user": null
    }
},
{
    "model": "inventory.historicalorder",
    "pk": 22,
    "fields": {
        "id": 1,
        "activity": "Deploy",
        "status": "Completed",
        "date": "2021-12-28T21:42:06Z",
        "customer": 2,
        "location": 1,
        "history_date": "2022-01-08T07:28:05.123Z",
        "history_change_reason": null,
        "history_type": "~",
        "history_user": null
    }
},
{
    "model": "inventory.historicalorder",
    "pk": 23,
    "fields": {
        "id": 1,
        "activity": "Deploy",
        "status": "Completed",
        "date": "2021-12-28T21:42:06Z",
        "customer": 2,
        "location": 1,
        "history_date": "2022-01-08T07:28:05.477Z",
        "history_change_reason": null,
        "history_type": "~",
        "history_user": null
    }
},
{
    "model": "inventory.order",
    "pk": 1,
    "fields": {
        "customer": 2,
        "activity": "Deploy",
        "status": "Completed",
        "location": 1,
        "date": "2021-12-28T21:42:06Z",
        "users": []
    }
},
{
    "model": "inventory.orderequipment",
    "pk": 1,
    "fields": {
        "order": 1,
        "equipment": 8,
        "deployed": "2022-01-10T09:16:09.039Z",
        "picked_up": null
    }
},
{
    "model": "inventory.orderequipment",
    "pk": 2,
    "fields": {
        "order": 1,
        "equipment": 9,
        "deployed": "2022-01-10T09:16:09.054Z",
        "picked_up": null
    }
},
{
    "model": "users.historicaluser",
    "pk": 1,
    "fields": {
        "id": 1,
        "password": "pbkdf2_sha256$320000$0PzFEaWM6jtbYUl43BZiE3$pK2s/FlKJ0PHVEMcTgjkb9FEvdLkkwcI+WxB6qmM7dI=",
        "last_login": null,
        "is_superuser": true,
        "username": "schir2",
        "first_name": "",
        "last_name": "",
        "email": "schir2@gmail.com",
        "is_staff": true,
        "is_active": true,
        "date_joined": "2021-12-27T18:18:40.764Z",
        "history_date": "2021-12-27T18:18:40.998Z",
        "history_change_reason": null,
        "history_type": "+",
        "history_user": null
    }
},
{
    "model": "users.historicaluser",
    "pk": 2,
    "fields": {
        "id": 1,
        "password": "pbkdf2_sha256$320000$0PzFEaWM6jtbYUl43BZiE3$pK2s/FlKJ0PHVEMcTgjkb9FEvdLkkwcI+WxB6qmM7dI=",
        "last_login": "2021-12-27T18:18:54.744Z",
        "is_superuser": true,
        "username": "schir2",
        "first_name": "",
        "last_name": "",
        "email": "schir2@gmail.com",
        "is_staff": true,
        "is_active": true,
        "date_joined": "2021-12-27T18:18:40.764Z",
        "history_date": "2021-12-27T18:18:54.761Z",
        "history_change_reason": null,
        "history_type": "~",
        "history_user": null
    }
},
{
    "model": "users.historicaluser",
    "pk": 3,
    "fields": {
        "id": 1,
        "password": "pbkdf2_sha256$320000$0PzFEaWM6jtbYUl43BZiE3$pK2s/FlKJ0PHVEMcTgjkb9FEvdLkkwcI+WxB6qmM7dI=",
        "last_login": "2021-12-27T18:19:15.647Z",
        "is_superuser": true,
        "username": "schir2",
        "first_name": "",
        "last_name": "",
        "email": "schir2@gmail.com",
        "is_staff": true,
        "is_active": true,
        "date_joined": "2021-12-27T18:18:40.764Z",
        "history_date": "2021-12-27T18:19:15.655Z",
        "history_change_reason": null,
        "history_type": "~",
        "history_user": null
    }
},
{
    "model": "users.historicaluser",
    "pk": 4,
    "fields": {
        "id": 1,
        "password": "pbkdf2_sha256$320000$0PzFEaWM6jtbYUl43BZiE3$pK2s/FlKJ0PHVEMcTgjkb9FEvdLkkwcI+WxB6qmM7dI=",
        "last_login": "2021-12-27T19:29:23Z",
        "is_superuser": true,
        "username": "schir2",
        "first_name": "",
        "last_name": "",
        "email": "schir2@gmail.com",
        "is_staff": true,
        "is_active": true,
        "date_joined": "2021-12-27T18:18:40.764Z",
        "history_date": "2021-12-27T19:29:23.009Z",
        "history_change_reason": null,
        "history_type": "~",
        "history_user": null
    }
},
{
    "model": "users.historicaluser",
    "pk": 5,
    "fields": {
        "id": 1,
        "password": "pbkdf2_sha256$320000$0PzFEaWM6jtbYUl43BZiE3$pK2s/FlKJ0PHVEMcTgjkb9FEvdLkkwcI+WxB6qmM7dI=",
        "last_login": "2021-12-27T19:30:04.745Z",
        "is_superuser": true,
        "username": "schir2",
        "first_name": "",
        "last_name": "",
        "email": "schir2@gmail.com",
        "is_staff": true,
        "is_active": true,
        "date_joined": "2021-12-27T18:18:40.764Z",
        "history_date": "2021-12-27T19:30:04.754Z",
        "history_change_reason": null,
        "history_type": "~",
        "history_user": null
    }
},
{
    "model": "users.historicaluser",
    "pk": 6,
    "fields": {
        "id": 1,
        "password": "pbkdf2_sha256$320000$0PzFEaWM6jtbYUl43BZiE3$pK2s/FlKJ0PHVEMcTgjkb9FEvdLkkwcI+WxB6qmM7dI=",
        "last_login": "2021-12-27T19:47:55.374Z",
        "is_superuser": true,
        "username": "schir2",
        "first_name": "",
        "last_name": "",
        "email": "schir2@gmail.com",
        "is_staff": true,
        "is_active": true,
        "date_joined": "2021-12-27T18:18:40.764Z",
        "history_date": "2021-12-27T19:47:55.386Z",
        "history_change_reason": null,
        "history_type": "~",
        "history_user": null
    }
},
{
    "model": "users.historicaluser",
    "pk": 7,
    "fields": {
        "id": 1,
        "password": "pbkdf2_sha256$320000$0PzFEaWM6jtbYUl43BZiE3$pK2s/FlKJ0PHVEMcTgjkb9FEvdLkkwcI+WxB6qmM7dI=",
        "last_login": "2021-12-27T19:48:50.260Z",
        "is_superuser": true,
        "username": "schir2",
        "first_name": "",
        "last_name": "",
        "email": "schir2@gmail.com",
        "is_staff": true,
        "is_active": true,
        "date_joined": "2021-12-27T18:18:40.764Z",
        "history_date": "2021-12-27T19:48:50.270Z",
        "history_change_reason": null,
        "history_type": "~",
        "history_user": null
    }
},
{
    "model": "users.historicaluser",
    "pk": 8,
    "fields": {
        "id": 1,
        "password": "pbkdf2_sha256$320000$0PzFEaWM6jtbYUl43BZiE3$pK2s/FlKJ0PHVEMcTgjkb9FEvdLkkwcI+WxB6qmM7dI=",
        "last_login": "2021-12-27T21:43:46.429Z",
        "is_superuser": true,
        "username": "schir2",
        "first_name": "",
        "last_name": "",
        "email": "schir2@gmail.com",
        "is_staff": true,
        "is_active": true,
        "date_joined": "2021-12-27T18:18:40.764Z",
        "history_date": "2021-12-27T21:43:46.437Z",
        "history_change_reason": null,
        "history_type": "~",
        "history_user": null
    }
},
{
    "model": "users.historicaluser",
    "pk": 9,
    "fields": {
        "id": 1,
        "password": "pbkdf2_sha256$320000$0PzFEaWM6jtbYUl43BZiE3$pK2s/FlKJ0PHVEMcTgjkb9FEvdLkkwcI+WxB6qmM7dI=",
        "last_login": "2021-12-27T21:52:27.529Z",
        "is_superuser": true,
        "username": "schir2",
        "first_name": "",
        "last_name": "",
        "email": "schir2@gmail.com",
        "is_staff": true,
        "is_active": true,
        "date_joined": "2021-12-27T18:18:40.764Z",
        "history_date": "2021-12-27T21:52:27.540Z",
        "history_change_reason": null,
        "history_type": "~",
        "history_user": null
    }
},
{
    "model": "users.historicaluser",
    "pk": 10,
    "fields": {
        "id": 1,
        "password": "pbkdf2_sha256$320000$0PzFEaWM6jtbYUl43BZiE3$pK2s/FlKJ0PHVEMcTgjkb9FEvdLkkwcI+WxB6qmM7dI=",
        "last_login": "2021-12-27T22:04:09.147Z",
        "is_superuser": true,
        "username": "schir2",
        "first_name": "",
        "last_name": "",
        "email": "schir2@gmail.com",
        "is_staff": true,
        "is_active": true,
        "date_joined": "2021-12-27T18:18:40.764Z",
        "history_date": "2021-12-27T22:04:09.159Z",
        "history_change_reason": null,
        "history_type": "~",
        "history_user": null
    }
},
{
    "model": "users.historicaluser",
    "pk": 11,
    "fields": {
        "id": 1,
        "password": "pbkdf2_sha256$320000$0PzFEaWM6jtbYUl43BZiE3$pK2s/FlKJ0PHVEMcTgjkb9FEvdLkkwcI+WxB6qmM7dI=",
        "last_login": "2021-12-27T22:09:02.467Z",
        "is_superuser": true,
        "username": "schir2",
        "first_name": "",
        "last_name": "",
        "email": "schir2@gmail.com",
        "is_staff": true,
        "is_active": true,
        "date_joined": "2021-12-27T18:18:40.764Z",
        "history_date": "2021-12-27T22:09:02.476Z",
        "history_change_reason": null,
        "history_type": "~",
        "history_user": null
    }
},
{
    "model": "users.historicaluser",
    "pk": 12,
    "fields": {
        "id": 1,
        "password": "pbkdf2_sha256$320000$0PzFEaWM6jtbYUl43BZiE3$pK2s/FlKJ0PHVEMcTgjkb9FEvdLkkwcI+WxB6qmM7dI=",
        "last_login": "2021-12-27T22:46:07.318Z",
        "is_superuser": true,
        "username": "schir2",
        "first_name": "",
        "last_name": "",
        "email": "schir2@gmail.com",
        "is_staff": true,
        "is_active": true,
        "date_joined": "2021-12-27T18:18:40.764Z",
        "history_date": "2021-12-27T22:46:07.326Z",
        "history_change_reason": null,
        "history_type": "~",
        "history_user": null
    }
},
{
    "model": "users.historicaluser",
    "pk": 13,
    "fields": {
        "id": 1,
        "password": "pbkdf2_sha256$320000$0PzFEaWM6jtbYUl43BZiE3$pK2s/FlKJ0PHVEMcTgjkb9FEvdLkkwcI+WxB6qmM7dI=",
        "last_login": "2021-12-28T02:11:01.068Z",
        "is_superuser": true,
        "username": "schir2",
        "first_name": "",
        "last_name": "",
        "email": "schir2@gmail.com",
        "is_staff": true,
        "is_active": true,
        "date_joined": "2021-12-27T18:18:40.764Z",
        "history_date": "2021-12-28T02:11:01.068Z",
        "history_change_reason": null,
        "history_type": "~",
        "history_user": null
    }
},
{
    "model": "users.historicaluser",
    "pk": 14,
    "fields": {
        "id": 1,
        "password": "pbkdf2_sha256$320000$0PzFEaWM6jtbYUl43BZiE3$pK2s/FlKJ0PHVEMcTgjkb9FEvdLkkwcI+WxB6qmM7dI=",
        "last_login": "2021-12-28T02:11:13.740Z",
        "is_superuser": true,
        "username": "schir2",
        "first_name": "",
        "last_name": "",
        "email": "schir2@gmail.com",
        "is_staff": true,
        "is_active": true,
        "date_joined": "2021-12-27T18:18:40.764Z",
        "history_date": "2021-12-28T02:11:13.756Z",
        "history_change_reason": null,
        "history_type": "~",
        "history_user": null
    }
},
{
    "model": "users.historicaluser",
    "pk": 15,
    "fields": {
        "id": 1,
        "password": "pbkdf2_sha256$320000$0PzFEaWM6jtbYUl43BZiE3$pK2s/FlKJ0PHVEMcTgjkb9FEvdLkkwcI+WxB6qmM7dI=",
        "last_login": "2021-12-28T20:48:57.816Z",
        "is_superuser": true,
        "username": "schir2",
        "first_name": "",
        "last_name": "",
        "email": "schir2@gmail.com",
        "is_staff": true,
        "is_active": true,
        "date_joined": "2021-12-27T18:18:40.764Z",
        "history_date": "2021-12-28T20:48:57.819Z",
        "history_change_reason": null,
        "history_type": "~",
        "history_user": null
    }
},
{
    "model": "users.historicaluser",
    "pk": 16,
    "fields": {
        "id": 1,
        "password": "pbkdf2_sha256$320000$0PzFEaWM6jtbYUl43BZiE3$pK2s/FlKJ0PHVEMcTgjkb9FEvdLkkwcI+WxB6qmM7dI=",
        "last_login": "2021-12-28T21:01:03.767Z",
        "is_superuser": true,
        "username": "schir2",
        "first_name": "",
        "last_name": "",
        "email": "schir2@gmail.com",
        "is_staff": true,
        "is_active": true,
        "date_joined": "2021-12-27T18:18:40.764Z",
        "history_date": "2021-12-28T21:01:03.772Z",
        "history_change_reason": null,
        "history_type": "~",
        "history_user": null
    }
},
{
    "model": "users.historicaluser",
    "pk": 17,
    "fields": {
        "id": 1,
        "password": "pbkdf2_sha256$320000$0PzFEaWM6jtbYUl43BZiE3$pK2s/FlKJ0PHVEMcTgjkb9FEvdLkkwcI+WxB6qmM7dI=",
        "last_login": "2021-12-28T21:02:07.201Z",
        "is_superuser": true,
        "username": "schir2",
        "first_name": "",
        "last_name": "",
        "email": "schir2@gmail.com",
        "is_staff": true,
        "is_active": true,
        "date_joined": "2021-12-27T18:18:40.764Z",
        "history_date": "2021-12-28T21:02:07.204Z",
        "history_change_reason": null,
        "history_type": "~",
        "history_user": null
    }
},
{
    "model": "users.historicaluser",
    "pk": 18,
    "fields": {
        "id": 1,
        "password": "pbkdf2_sha256$320000$0PzFEaWM6jtbYUl43BZiE3$pK2s/FlKJ0PHVEMcTgjkb9FEvdLkkwcI+WxB6qmM7dI=",
        "last_login": "2021-12-28T21:57:29.320Z",
        "is_superuser": true,
        "username": "schir2",
        "first_name": "",
        "last_name": "",
        "email": "schir2@gmail.com",
        "is_staff": true,
        "is_active": true,
        "date_joined": "2021-12-27T18:18:40.764Z",
        "history_date": "2021-12-28T21:57:29.322Z",
        "history_change_reason": null,
        "history_type": "~",
        "history_user": null
    }
},
{
    "model": "users.historicaluser",
    "pk": 19,
    "fields": {
        "id": 1,
        "password": "pbkdf2_sha256$320000$0PzFEaWM6jtbYUl43BZiE3$pK2s/FlKJ0PHVEMcTgjkb9FEvdLkkwcI+WxB6qmM7dI=",
        "last_login": "2021-12-28T22:21:50.546Z",
        "is_superuser": true,
        "username": "schir2",
        "first_name": "",
        "last_name": "",
        "email": "schir2@gmail.com",
        "is_staff": true,
        "is_active": true,
        "date_joined": "2021-12-27T18:18:40.764Z",
        "history_date": "2021-12-28T22:21:50.551Z",
        "history_change_reason": null,
        "history_type": "~",
        "history_user": null
    }
},
{
    "model": "users.historicaluser",
    "pk": 20,
    "fields": {
        "id": 1,
        "password": "pbkdf2_sha256$320000$0PzFEaWM6jtbYUl43BZiE3$pK2s/FlKJ0PHVEMcTgjkb9FEvdLkkwcI+WxB6qmM7dI=",
        "last_login": "2021-12-30T08:47:59.509Z",
        "is_superuser": true,
        "username": "schir2",
        "first_name": "",
        "last_name": "",
        "email": "schir2@gmail.com",
        "is_staff": true,
        "is_active": true,
        "date_joined": "2021-12-27T18:18:40.764Z",
        "history_date": "2021-12-30T08:47:59.512Z",
        "history_change_reason": null,
        "history_type": "~",
        "history_user": null
    }
},
{
    "model": "users.historicaluser",
    "pk": 21,
    "fields": {
        "id": 1,
        "password": "pbkdf2_sha256$320000$0PzFEaWM6jtbYUl43BZiE3$pK2s/FlKJ0PHVEMcTgjkb9FEvdLkkwcI+WxB6qmM7dI=",
        "last_login": "2022-01-10T06:13:29.622Z",
        "is_superuser": true,
        "username": "schir2",
        "first_name": "",
        "last_name": "",
        "email": "schir2@gmail.com",
        "is_staff": true,
        "is_active": true,
        "date_joined": "2021-12-27T18:18:40.764Z",
        "history_date": "2022-01-10T06:13:29.627Z",
        "history_change_reason": null,
        "history_type": "~",
        "history_user": null
    }
},
{
    "model": "users.historicaluser",
    "pk": 22,
    "fields": {
        "id": 2,
        "password": "pbkdf2_sha256$320000$zRC3yNhhG4wZNlBLUUYoSB$ZQpEQv260ignOkbkIxS3DlyEUyk25TOxXmOyeAP9ezg=",
        "last_login": null,
        "is_superuser": false,
        "username": "mareks",
        "first_name": "",
        "last_name": "",
        "email": "",
        "is_staff": false,
        "is_active": true,
        "date_joined": "2022-01-10T08:03:08.511Z",
        "history_date": "2022-01-10T08:03:08.727Z",
        "history_change_reason": null,
        "history_type": "+",
        "history_user": 1
    }
},
{
    "model": "users.user",
    "pk": 1,
    "fields": {
        "password": "pbkdf2_sha256$320000$0PzFEaWM6jtbYUl43BZiE3$pK2s/FlKJ0PHVEMcTgjkb9FEvdLkkwcI+WxB6qmM7dI=",
        "last_login": "2022-01-10T06:13:29.622Z",
        "is_superuser": true,
        "username": "schir2",
        "first_name": "",
        "last_name": "",
        "email": "schir2@gmail.com",
        "is_staff": true,
        "is_active": true,
        "date_joined": "2021-12-27T18:18:40.764Z",
        "groups": [],
        "user_permissions": []
    }
},
{
    "model": "users.user",
    "pk": 2,
    "fields": {
        "password": "pbkdf2_sha256$320000$zRC3yNhhG4wZNlBLUUYoSB$ZQpEQv260ignOkbkIxS3DlyEUyk25TOxXmOyeAP9ezg=",
        "last_login": null,
        "is_superuser": false,
        "username": "mareks",
        "first_name": "",
        "last_name": "",
        "email": "",
        "is_staff": false,
        "is_active": true,
        "date_joined": "2022-01-10T08:03:08.511Z",
        "groups": [],
        "user_permissions": []
    }
}
]
